PC1,PC2,PC3,PC4,PC5,PC6,PC7,PC8,PC9,PC10,class
-116555554943547.0,-666357979492.0419,-34326953.011456415,6704014.986771781,-16628069.218851436,3164466.5032569175,-111136.59200668184,-21860.576320572873,9153.879840515638,-52147.101569822174,BENIGN
-217707208799287.5,1054177157704.68,-72258640.04385073,-9726870.780936982,63290275.94593927,15958910.901587658,-175252.94374220923,-40746.81991967157,17339.814528794715,-161697.21381946822,BENIGN
24322546392438.438,-483485949949.8875,-64855100.21793829,35346006.81300181,-3864229.0669398345,-5169609.166426977,112666.67041686496,162548.5593970842,-18015.230480543374,101245.48147923895,BENIGN
-79478745162113.66,-577467087376.6509,-45883046.35915814,15805848.744290732,-3741581.735052727,-3281703.043821768,55583.49200051479,-13464.021857739448,-2149.820261473218,38093.64235276722,BENIGN
125068441220191.75,-462335785190.96625,2377459.583183959,-530537.7669997364,-3950063.3204427026,-2856613.5971515034,57593.965024102,-2528.9187904221635,-186.5020955748514,-24197.65619238122,BENIGN
300350241445603.0,-149732474088.45776,63714610.158383235,-31061724.296094883,15472782.802196126,-826302.2326707146,39611.71902904785,41519.24909185711,-12704.743117891132,152699.52944278362,BENIGN
-177537862910444.4,-707919427100.1211,-45401336.12001256,9495377.784682266,-26049831.995942187,2741334.3553369404,-121188.55142178405,-11142.599903606555,9043.529259229112,-72789.75261707968,BENIGN
-138435987187982.81,-691053169658.6185,-38563941.63644561,8078805.729807742,-26740167.06959098,1134684.7463499564,-92117.54677286756,-19604.515013133558,8236.234030936303,-45029.27258845976,BENIGN
-76875479548570.47,-623515362941.9452,-27888772.364873484,5034288.559822138,-10627567.94886076,-1671867.686446766,19476.83134076789,-15080.32601862104,735.9040695873773,-51370.691249109004,BENIGN
-202441583383341.9,-726353512915.0565,-56939637.546038754,15212819.914982487,-28500886.62186256,-1943691.9022050246,-23770.06949970891,-30116.709063371636,6505.134560015853,-63510.570050961556,BENIGN
-7783596536806.75,-620091451038.7537,-3579792.7329559624,-5045902.458693404,-23089144.829660688,1890247.7609066232,-89686.99202769044,-26784.958383710567,11927.014776474938,-105087.86057560076,BENIGN
96410344183165.88,-563825051809.2153,22439756.67034273,-14219127.638508502,-21316865.895419806,1514588.3006392247,-75149.24784727681,-29538.986911967288,12135.848012697246,-115275.98214039367,BENIGN
-50942063920541.25,-617938830680.8411,-9444152.989046797,-4852324.155145679,-14960833.727654677,-2098199.111003401,16029.817670330649,-27010.140905853397,6299.274014531293,-65791.82712589474,BENIGN
185352579260989.56,-343691366206.08905,65156321.01274188,-37921426.638369545,7274879.445670191,2131340.5910483985,-68282.364158559,15547.365892196325,-10200.550472248797,219088.61399407475,BENIGN
-118687510855831.47,-604337592288.9738,-61501578.06191668,23068307.5388963,-7560447.515533339,-896279.4061688855,-2321.4982635531733,-8791.015267524635,351.05060387924823,12.142410386884876,BENIGN
-248323176200546.56,-716245522108.8882,-59832756.11382396,13088363.069073625,-13168697.24785959,-1232846.178892882,-3641.0447914659,-14008.200960992548,695.6797536805134,-46010.71753965806,BENIGN
128194702738776.06,-520768511265.0921,21535884.907326132,-11404021.021071855,-15192259.799605768,8644929.813749187,-244778.75765131676,24760.008450236957,3953.1691991395965,62312.36177646925,BENIGN
96260626403935.19,443062557033.5856,237616011.04934973,-172509764.349478,47713336.56345257,-3902643.8872288624,198796.87351286953,-101063.74592265676,5206.900107005822,-9779.643121997873,BENIGN
-49745274354271.69,-399328968655.579,-23166824.984939143,-132377.25726799667,16640579.915722605,-4341412.886790115,172061.72469484972,-8614.674291956007,3442.0134099474744,-163778.15233607023,BENIGN
-8821822861900.812,-555494525039.806,25546286.88401495,-25188276.40137178,-6565432.966904651,10451978.15445382,-233570.67598947062,12589.433367039877,13891.16155487004,-106927.58615844382,BENIGN
-207478259074070.88,-716410358777.4263,-53015584.80310487,12054904.990853619,-18720960.342113815,442860.0009032809,-52019.94335356761,-27200.823916873935,6768.960102282192,-72639.41078636018,BENIGN
-160381344913103.53,-530531117123.72107,-71331126.27772973,24279695.358666003,12263944.763640452,-1044398.4821372209,71295.30752290586,-55357.41491208939,7336.145263281633,-128351.12603250577,BENIGN
-133905543078430.28,-623394869001.0073,-17100236.93147464,-6891418.891300309,-4407904.886732861,946431.8682564548,-10759.42471055035,-37164.97525966104,6190.425496931384,-93544.58209517458,BENIGN
78185589862636.06,-514268245495.7739,53527138.6380869,-36764842.71010266,-10415749.326144066,-275422.0090061957,-8656.808625086356,-17963.98400978123,5581.298609657682,-69431.14689146797,BENIGN
-38532199166140.94,-525922131326.99567,23878741.900486797,-27169440.536865335,-4761210.528308183,5931229.115734786,-120634.69746823145,17109.137442598774,7896.823419066808,-84374.80678342325,BENIGN
530727047026578.5,-326563651271.15607,138493723.84401917,-57386291.87688668,-16563196.931615302,-836798.8558604899,3104.233847053414,-4089.1090449709063,8258.63061740969,-147909.26655989778,BENIGN
-226003543807790.62,5862252254830.486,1380283559.8267353,-1042421369.0482343,43651932.21584922,-8085129.968772968,227492.09787203872,-578297.7001259043,69501.4703084835,-215398.21968098247,BENIGN
230291667801180.25,-496093816370.41705,57547604.60823406,-27056963.494411286,-22266543.146603443,1555058.6569774714,-68861.36469280384,-34341.80311107784,12332.118299419886,-133037.84073223113,BENIGN
-196831758823196.34,-723151966373.1421,-55169296.06377977,14491367.490715917,-26493840.659561757,-924606.3420878476,-42241.91335844323,-32515.273877163854,9083.284487271827,-58517.916120538735,BENIGN
-210472647542099.97,-730636191314.3916,-59883144.41430282,16557256.437758155,-26940014.10230731,-698398.9933054931,-50269.12312554117,-31151.10157034943,8758.071581069038,-49428.2506674606,BENIGN
-178003416341699.75,-685587266668.2609,-34770185.758216046,2163704.9521465637,-16486972.332182126,4787688.255044805,-143189.94845824264,-6660.568138340825,9469.860409573914,-69758.81551532184,BENIGN
-155856088044120.4,-688086123139.5874,-38730690.515892655,6593437.657927584,-19363937.4291944,3091054.9385935455,-108381.93598732594,-15705.422973030818,10501.830633991547,-90622.75304935861,BENIGN
-192952186924974.1,3349245376899.5186,441326128.8788193,-383992986.4082392,58790094.58609179,11230266.658121321,-91127.0359308292,-185006.9328086617,42835.63808647772,-271703.93995412125,BENIGN
-6793483753742.5,-509697368761.4183,-17583085.090386882,2073099.2240909152,2726667.5080014355,-5483252.101185084,143139.3558117771,-27517.677613876032,1378.34149986591,-80909.34899982289,BENIGN
27960765828006.438,3137169668266.4272,-564476624.5754272,292025361.1325937,35910326.61912811,-7021562.199938765,218067.2860209979,216623.5645956029,-53487.30366229694,414836.4089498906,BENIGN
27063280065560.625,-366256011068.88904,-88030612.21024315,48295606.01241853,1764810.8706823252,3457920.4927933435,-94667.47211340554,14203.197779886239,-3870.9790323976813,114489.16422071477,BENIGN
-78103814385787.19,-359582820215.546,-131666076.27382192,67610820.52584529,17641511.90169933,-381549.55739763705,26426.131790455805,-18242.980276769464,-9718.969297334716,140602.82128216248,BENIGN
-122667960611671.5,919097502068.3905,-129992684.786655,39340742.566219375,42550315.01090717,5008923.895826746,-78577.21262844696,34929.280516031,-25267.73474999587,440093.2995708006,BENIGN
-77029174158204.38,-558950448854.4679,-52557939.43192843,19937399.94750671,-2139500.916915156,1135163.892921953,-38420.880128183446,-24101.35499212756,2650.3162899663585,10459.79916657471,BENIGN
163481701613243.06,-511155344214.08716,42794337.669694796,-22692521.21738201,-15064695.666290123,4184131.523821756,-124515.84655074163,-22198.350486254883,11583.112021446464,-85314.49940092585,BENIGN
-78246185070523.31,-396246089896.6003,-65087398.15724477,25411184.30873107,7983052.248827059,11769304.639684495,-284939.19310705917,50763.22922175393,-10275.695110108609,273576.02608806366,BENIGN
179387473346252.56,-271596761468.63104,-4958618.461764291,6012989.219058532,-5478058.677878957,-399717.6446944978,-20126.788212524432,248887.09398165706,-32652.38833669643,307045.2386830653,BENIGN
451138586739029.75,-362121446542.2491,104608025.34775434,-40990291.81393282,-17581179.583109993,4462.387634887826,-28609.46394249102,142362.13191633046,-9779.27329407625,30492.475737287663,BENIGN
-200302070228839.12,-707171867243.6473,-71145983.70857769,24409566.548434548,-19230800.700719666,-1584702.1324219247,-20704.986422708367,-17163.161841210414,3200.59731790558,19773.028851410454,BENIGN
-250955938499191.8,224622281959.5016,-248771191.4200878,117972630.59002067,42454380.117697075,-1561693.7864659368,120141.27855209078,-27763.060256971563,-13908.177658324485,132025.8129591299,BENIGN
81079406728492.25,-410190924460.7816,41101095.17580582,-30349906.025794763,10159445.740861092,9678378.68593936,-184923.00904679619,-11563.163372469638,10342.919646836712,-43401.04726680489,BENIGN
198731113440927.0,-476869887929.9803,43657471.1462902,-20847292.136668514,-9170050.21180426,4797921.567038134,-128966.14204985999,-14072.280462798797,8338.905679726304,-42229.1905611003,BENIGN
-149595418502310.1,-695189086000.4347,-38666439.74870657,7206784.157575306,-26712650.96008921,-1728580.8782598427,-19941.21289796774,-28798.70434010731,7769.990534333723,-78756.71907403841,BENIGN
-54516661369500.44,-636471678154.8033,-23548983.58790648,4308810.263644371,-17057973.56232158,-423022.07115764124,-25881.797976987087,-33970.12540640992,9066.023112311312,-81254.03417877402,BENIGN
-84077901827638.94,-630160283430.4333,-49105556.335496955,18446006.061589897,-13759077.174960267,-2232710.4286352894,9777.604677241357,-18548.816820055523,2800.18597670061,11638.325565070343,BENIGN
-119050823919293.03,-665140717701.3829,-22275960.88063842,-1457145.8445512503,-20997314.136794403,6198418.169666704,-174308.11154940276,-288.31499954529136,13701.786398193046,-128400.65811877651,BENIGN
6800660699817.6875,-612618840115.2747,-5605.1263910532,-6282337.67438272,-22867094.363501526,3655279.3333796808,-125850.13781336827,-16371.268163626219,12487.577716194453,-114016.63556089727,BENIGN
97565029200487.25,-552289369128.0833,17720193.358185276,-11217303.803094167,-17493397.165327784,-2350740.7574359253,20899.631413461793,-13326.21533298492,5848.82406909778,-84551.66077799372,BENIGN
14108565922580.688,-603300271611.6201,-5746821.540884063,-2072436.3070566468,-19886873.068116628,-1969497.927170448,1603.2884851224371,-31478.21452515833,7949.389241736,-77512.78611852191,BENIGN
144036834266237.8,-504685181114.645,45398856.07672681,-26156904.68839955,-11665618.342930667,-2535207.2053349526,39328.43762563863,-23918.34338764786,5656.454378102648,-86822.86610820243,BENIGN
-117042041281557.78,-370908356233.53204,-123569644.9754836,60060761.13364967,6378757.552940939,1519377.2697275341,-98494.99512455524,94072.40746411614,-31248.407986729995,507373.9820786949,BENIGN
-215498497442078.66,-630186291994.7542,-74393068.20281783,23836595.50014633,-6294746.332845017,-1720752.0777051093,12823.80469215044,-5310.392487861282,-1790.23024736781,39110.879222871525,BENIGN
23766047075303.812,-280023729898.195,-57202848.442956954,26233006.011658467,19275904.44379517,2305098.3939194824,-10954.464818841565,-21822.610926940033,-649.3563072779834,31751.389808242428,BENIGN
-99460686076977.72,-636652760023.9641,-42378058.090592876,12914142.44339902,-13813243.799265686,32575.02915765252,-43129.12881039978,-16940.02102485672,3136.8520344956596,11001.836934582927,BENIGN
-41206330629582.625,-179774835816.39563,119094160.50473107,-95736313.06270505,27899830.466586713,3845744.847400947,-2654.0745630317297,-76643.53625399644,15345.309708124416,-135571.4500147214,BENIGN
-182047007238092.62,-402576658945.8794,-296966.10318908095,-25459660.38129216,15558798.385162283,12532107.036054496,-273879.9004418901,-10438.447733648078,3945.5100810793992,129018.2046504776,BENIGN
22325324628398.75,-264605477601.33966,118346452.81284674,-87944666.83153367,-8951249.825659014,2666672.867716798,-73516.92529938505,62753.12538157701,-1085.1596287043394,33045.07383942279,BENIGN
-269625838863147.6,-279190223278.1916,-166120664.80675918,72402882.29414953,19361605.656197246,1858012.4683576315,-12585.151578762852,66863.82412652951,-16987.350998374797,143816.86547456565,BENIGN
-143409141557062.5,-600743655490.4036,-56699919.849323586,18026351.948249318,-5497733.851597559,-457381.5748050031,-22040.25897600261,24345.934939066574,-6552.698229962145,105748.40784265628,BENIGN
418859620575097.25,-279486790421.98505,116536798.86428101,-53571504.646767616,6040376.3675795235,-4517864.711164035,152156.46937702812,-35608.552622575764,7047.862727453572,-183783.04483589626,BENIGN
-249557529225500.03,-633443846054.7279,-89133478.6151549,30408388.999038853,3798183.5102304406,-5244469.965848224,129673.19403495628,-51802.4957315278,2321.0375646952234,-33990.746194393025,BENIGN
-251133044871854.66,-722094635255.4664,-62205505.64743327,14492213.46192077,-14181179.497002564,-818330.7002548533,-16334.8531779626,-32636.43822398685,6115.848856091583,-44217.75149773147,BENIGN
-234426212603386.88,-736695624473.3964,-59904546.12731653,14652894.488788243,-24558959.424619067,-2851437.0846544527,6670.715077865554,-33137.43386697214,7333.559135423831,-55127.829098031485,BENIGN
-219760535071505.16,-375262018077.4823,-134276293.5793322,57230873.47706032,26768193.01594772,-13756338.226116199,412995.802823597,26727.11051170197,-9392.638118599065,-119251.33905082973,BENIGN
-137373613231740.47,-585637283539.4492,33504281.679533556,-40695005.35788256,-4701041.080347698,9098452.16110363,-192897.33888776688,535.4704681195435,15100.375852438036,-153055.7605329533,BENIGN
-106034373974683.25,-17577891018.534912,-63099414.88588045,13926615.393397387,35877223.486726075,5071162.120804768,-3646.789873330059,-30108.379667434394,7405.797027512515,-117146.31574743122,BENIGN
-193838332189406.22,-715731593752.6252,-48782805.77505917,10447411.80019015,-25782299.14767976,1682706.0251058494,-95531.48741634966,-16256.53888299255,9239.727140148982,-77977.79904239121,BENIGN
-13685993422462.312,-607692711451.2771,2763893.098443985,-9900919.780295778,-18117250.52997616,426985.00027714437,-42686.945590369345,-31432.872603105985,10781.461166000565,-109375.03057994717,BENIGN
305107968881212.5,-446304082016.9441,73612859.13581742,-31974184.4421374,-16195598.854973322,1869907.903953306,-77319.33089271518,-31309.617119192022,10420.775333320471,-85782.14752493803,BENIGN
-69153098825006.25,-635027066678.0597,-12956431.167812526,-3804298.2615457885,-15663663.446809134,-402201.9619548558,-25114.526070524313,-31710.889828168798,5335.0879776977745,-65227.95822612632,BENIGN
-286946286519198.06,-491704435183.19586,63459811.81459136,-74439536.12784596,-8872654.007215045,23482370.467677563,-520375.09311076626,73693.27257330617,23556.37272019946,-202239.44989560757,BENIGN
-92471275874312.9,-301625267667.244,11415691.06558165,-27913612.181361888,27321227.933368977,1200951.0325069432,59582.85064801805,-42881.23716983691,7059.682804560962,-118093.72917205424,BENIGN
324677460455718.1,17663196642827.926,-1324287085.6064434,535340603.3088755,-193989656.721321,-23033845.70483734,188599.39246838153,441371.0065625922,-17720.09724688549,-535589.85539976,BENIGN
108522583833331.81,-533120381972.74744,38406013.70314415,-24130117.914779987,-13593011.81800823,9677839.514355326,-228875.9144166434,8039.2614680941115,15934.027585274864,-135849.1953815996,BENIGN
-194918904241967.1,-695841472661.3265,-47011961.20853631,8982849.165682115,-15489803.864927651,-3807482.3141560163,44766.768532131086,-5171.699125230885,471.74016816111543,2120.3284071987946,BENIGN
-239923355328624.38,-745737848516.2324,-66652920.91070366,18752226.010791406,-27376294.181183062,-2793155.6313531552,-2868.1696227800303,-33622.31740320998,8185.979693995068,-44137.63223849182,BENIGN
-90375648087642.62,-543710526280.879,-70114871.46920907,29710514.35192871,6474731.75067101,-7350679.049756303,199497.2072003754,-18521.27577437543,-1431.3565467072185,-92712.03666263973,BENIGN
-256215955596656.7,-751032274571.567,-69173287.41037874,19137257.553687897,-25347167.08964632,-2661555.8027696735,-2587.465071909166,-29460.81067314846,6844.793663804485,-34107.2994051432,BENIGN
-156342428618990.34,-112843696931.03015,-94595303.59565204,32061745.160231456,26286550.34720063,11714941.340630697,-183916.32492274183,5851.4918229547075,5338.461701392604,-18327.119750884398,BENIGN
-184991211559235.9,-712852234558.6925,-57027480.24390366,16585690.76479278,-23998509.33532238,-2731644.9324191604,-783.5479450791718,-22441.13894895744,5092.672487873009,-14162.163673234001,BENIGN
-248340279563873.25,-669109160648.2461,-26218894.137665004,-9748366.570044171,-4722281.027860854,-4327827.885619677,99412.46574344533,-51930.03619659727,6774.74462535949,-118262.89917760104,BENIGN
39733908967058.0,-354055411799.001,-43817662.18610446,20043532.24223035,15662757.52819607,-3273598.2908584536,126265.94366752877,-43420.823095539134,2193.485558668679,-87851.75144284457,BENIGN
-33435657981563.0,-607770797883.4777,-9827332.597080946,-3331464.1941779256,-13199217.678024497,892572.489600054,-47834.5671021763,-33447.16608242017,9180.956001306455,-72753.99423298691,BENIGN
386820110362694.75,-385281040230.6958,115816442.28169481,-53719955.3541895,-12359563.397152249,789702.6996708452,-28933.70671207844,-34460.69258175447,11716.748095150211,-141625.8401012866,BENIGN
203821944317447.94,-513094976496.53064,49396760.157857105,-23668595.473789457,-24394999.1165477,-254277.96014939155,-35844.89168607862,-31971.043657473077,11921.346614453181,-144413.6267720593,BENIGN
302868490307449.75,-451839035617.68445,83473415.43731965,-38656994.29312016,-19769025.791635484,-507726.68278198317,-10010.395364134713,-43460.35296417286,12992.928230364236,-176736.6809325608,BENIGN
308951320740567.25,17706847286142.69,15369573.634412736,-335558802.94227743,-123960623.66634646,-41292028.32686917,722653.0140167795,51776.191442892836,18361.365521107004,-585482.2518187898,BENIGN
-178475882329326.97,10249250369062.617,2780480772.302307,-2026846939.6924088,-42219451.30491142,-27607450.99280397,179718.66408441684,-992398.1002370986,76380.60357425935,725340.3666747666,BENIGN
106933565418259.25,-118501362454.3169,-50670312.05113489,27085818.93689618,19436862.936112236,4376865.72094173,-138015.3962630519,126980.22439046859,-37221.88238697416,585989.5919643899,BENIGN
-80727154341289.62,-517334366782.15393,-23086254.75618981,-274288.66309621185,1298165.868463818,-3131940.5147083364,71082.37698185751,-14426.457278856959,-1312.3765569596835,2410.1466285635615,BENIGN
345480287028978.6,-384448743434.11035,86848471.89106284,-38017523.74521905,-6636311.266507767,446228.4269863474,-44293.80649307187,-2848.797127792359,-1547.1485406419852,69756.6597350389,BENIGN
285933942409281.9,-456621906543.0558,64687649.53527756,-27618777.897723477,-15684050.360755919,-1142909.7829865918,-5614.167101941352,-29660.838349590085,7553.242057637795,-88017.35788694286,BENIGN
-196539068484699.44,-708139966450.1104,-53503174.19403452,13289786.367750628,-20316359.716128208,-2174793.2214385085,-7505.724406039729,-12542.414320272372,2588.000700051285,6947.106357900935,BENIGN
-222263543428590.56,3452807023279.498,-597503773.1908025,287995687.71106046,9283258.496365879,3880548.570757032,-224760.0678281237,376515.08064278564,-90577.29108845953,1194853.5050649014,BENIGN
-259882850528537.12,-735043689947.5165,-69590598.7359721,18822068.68021162,-17659626.59913248,-4301197.306217748,53169.39831636791,-22064.612589789922,2724.4887967927025,-24644.189866944387,BENIGN
61463327976200.44,-468413703872.9884,-2496412.498688653,-2699947.8370767087,4841662.165095735,866990.850825076,-2634.209634300102,-41411.200983679344,6519.205928542357,-61770.064398969655,BENIGN
69465972955774.75,-523301622147.9243,-8223895.680310771,2971076.0027550124,-6942684.438942958,1118978.644396286,-58278.83181913763,-7163.183706093021,84.38665292385485,62842.159605652174,BENIGN
11954410752950.312,-609149029672.7445,-3256687.322936386,-3800277.874087017,-21576560.176537372,-76888.70444454672,-41295.26319202993,-29642.074754712045,9834.35239796176,-101480.98409644206,BENIGN
-34415817462781.5,-597478588956.2124,-6057099.738140941,-5757229.620694805,-12692986.09676303,6393365.450737793,-190981.28905488123,15857.50429720842,2152.301981066754,66689.57255489548,BENIGN
25035173440545.688,-513434664640.71124,10229560.852452442,-13342231.984911885,3047647.2411758862,1924690.7470865385,-13891.079436980686,-45249.22843886286,11387.956990122551,-151006.7756361983,BENIGN
210615122366212.12,-486889230442.4393,57341352.49812712,-28639957.343117695,-14728818.979468103,5085598.03709368,-142112.9103401504,-25308.864709299043,13671.954352334298,-103149.81913286497,BENIGN
-155379887151816.75,-241445362449.33875,153003986.52457553,-126310637.10399653,28264845.837141413,-10580523.568151658,330715.2076791202,-113759.50003079488,9483.238074626908,-185384.20111147806,BENIGN
-85336737433598.53,-656308106357.9421,-27563459.465777025,4755989.994408447,-21161041.18140072,-541381.0728049902,-39563.82588754323,-28330.75083494305,8122.551437412898,-46175.45026321996,BENIGN
-59414424879774.31,-597311378293.3052,-30137309.259795547,7487641.003153749,-6503667.490959343,35482.96239320608,-15696.411435437163,-37423.32571721989,6063.657838718456,-48593.13162515233,BENIGN
93119841916521.19,-188461239710.11035,-24179118.00915219,9155399.082589172,19542838.313256208,-2054993.5962433252,78635.03761114167,30287.168274514646,-13186.693941778773,134948.68121749966,BENIGN
295701188965615.5,-451307160290.3172,85325808.83878116,-40388288.92225169,-19467053.066196904,-1505729.5693762135,7376.852320921444,-26135.438816976013,10568.162760992385,-150407.1899029156,BENIGN
327994141569612.5,-410883664319.63153,80619938.82359551,-35301544.37919715,-10545404.539758869,-2666209.910699701,53477.34296699255,-8532.210396771412,5053.155129271512,-113091.29377875602,BENIGN
3458383684869.0,-380280251167.4804,8659429.683049336,-16260856.320712198,14675683.087543767,3562680.7900200174,-54526.95676718057,-22104.455043766997,1050.1757608146327,44262.935829154834,BENIGN
-110030750216919.31,-476374768489.5845,27434970.066495597,-36254913.166273504,1384233.8220838048,1272239.2953497279,-29347.630953329462,-8804.6516426832,2061.2958607055043,-21.02033498574019,BENIGN
-186268784422418.1,-242925433880.8485,84558749.10106333,-83866353.51937647,18591126.039024297,5708441.911828686,-104302.89999097397,9754.271871884943,-992.5934712610651,102448.16227861244,BENIGN
-256216055851219.7,-753407145323.9553,-70733534.88758068,20150639.554258943,-25852750.509895947,-2670054.5104250363,-340.0220962524472,-35529.73093795807,8053.085739607712,-54479.89033301173,BENIGN
-262824782596091.25,-754916507903.5474,-75558397.56587599,22924986.93183525,-25401025.375160836,-1452613.080701183,-41655.63610516466,-13389.228724840672,2897.9795302854764,30028.07294714034,BENIGN
566491022524031.1,-277817842795.2701,133192250.73697115,-51710277.697422,-6708033.849942211,4423380.910255646,-113239.2959947735,-21423.451435822186,9155.814926249335,-66528.91838206655,BENIGN
6519716306488.0,-559326641599.7433,27374201.2873742,-25078511.50488862,-10448025.905663613,6076762.278146241,-144860.01835379907,-13472.916343615847,14356.274558377449,-132098.3121474057,BENIGN
125512609024166.62,-522743542348.98236,47421602.77062653,-28785372.752355058,-13142821.486525714,1751177.8407425466,-53729.63801191641,-31507.985855073814,12680.522773857181,-141122.87619799224,BENIGN
-78813804820187.06,208994586984.29272,-47313039.023370124,2444258.1234124936,30697474.06399184,-9924770.415376114,268943.8936965016,64037.018151490025,-27525.138926221713,250626.15807864122,BENIGN
-303356612236993.06,1377524450076.7646,2236573905.2600775,1183731216.6065018,58983727.95035818,-16708868.46154446,1771063.6320796197,10031712.335691046,-905809.9331681343,1986039.3608061534,BENIGN
-253473113708204.8,-280180033565.901,175719406.2189638,-148361977.9332694,-5904483.625141695,19329795.790635694,-430397.32795240794,24600.391625538265,25458.337929437035,-172244.15719672703,BENIGN
-34434480904759.188,-491826254197.83453,47053712.2005599,-42487271.6236631,-8139066.421329398,16883088.011041164,-374703.59898667096,44294.211053099876,18780.220060937765,-126804.20834914915,BENIGN
31466262902100.562,-413237768862.5635,-62544926.97548639,32620044.77537314,10858895.133095551,-8697874.10383076,246072.0987171779,1843.2932265101335,-3483.133235790854,-97629.36377080697,BENIGN
-31964686205391.625,-599252087489.0463,-9408958.910975397,-3587699.281752065,-10446365.289147165,-3843284.064695498,64451.75031895486,-24068.649650714444,3354.039994313105,-43859.0642882518,BENIGN
-227267194136461.6,-729042817048.8896,-57551214.83045911,13603344.260227382,-21903751.726671576,-2987142.8131915075,15917.143149019914,-30246.790668067595,6649.717366275323,-47927.91243206461,BENIGN
-151869557166848.5,-432535087527.2292,-116391917.21209477,52778363.34374511,7136503.797637228,-2420209.8121210164,67728.56146687084,42871.15434602069,-10555.877590291737,60878.0328649635,BENIGN
-91163004596956.44,-401140963341.3203,51245772.27658151,-51796853.09770128,16556015.303192858,-9416062.145723892,275435.6033486227,-43987.92677236452,2006.3598932571622,-133015.20944393787,BENIGN
-118093315206682.1,-593063076597.3967,-5667713.220511213,-13511341.820688095,-2648220.0481693335,838714.2182665151,-12805.984696356125,-42224.86400125171,10022.000676679767,-113755.50737389151,BENIGN
-76359812256116.6,-639381928438.3262,-15959461.224603742,-2345531.859698154,-16399368.548275508,4053942.9931408106,-125652.50977392923,-8391.085364391143,9047.150308836644,-68119.42666686622,BENIGN
1470412021489.75,-606887772406.628,3151835.5563264936,-8532053.240991455,-18194714.573039614,1953459.5404218999,-112639.53527106858,-16578.7457591551,834.9591954215284,84186.0111665978,BENIGN
-19002688988740.438,-546508765748.33405,27032065.370038062,-27334028.258988436,-1234875.4405634254,-1153139.1152554478,44279.59068109866,-50964.71578776712,11221.651943679968,-157338.1064676554,BENIGN
-186993909486591.0,-688994428359.6646,-34532985.965772815,1270274.2510271668,-16668741.531154757,2212011.792356457,-82504.39407461153,-16306.41963205712,8793.27723501523,-87888.74098825561,BENIGN
-84125266009562.4,-475332568100.5704,-74928991.58515584,32116062.84022755,10126168.23466156,-60227.319348634686,36308.713633982654,-29939.07833445791,3346.425421132317,-70191.67174381725,BENIGN
49423173388026.69,-587812366703.7793,3070523.0948307216,-5091179.002853867,-21065549.08683056,-906947.4443180147,-28116.63012380886,-31867.699632080323,8246.948785711716,-69207.8965965382,BENIGN
-120980361681342.12,-618460568640.9308,-25794055.911985666,90682.10070218518,-4832022.378428016,-1748270.1030227097,9007.655055422707,-26440.16029350175,-3631.174081009758,66233.42830017474,BENIGN
-78124365349385.44,-618098688017.074,-42616958.56986842,14637349.89483915,-12964037.281928755,736757.1351081356,-67878.85375689666,-13196.074898358711,1004.9275697764751,73803.16885285912,BENIGN
-186088305372426.28,-702469919486.6799,-43961153.71800242,7731958.753946345,-21373155.59319762,-947183.8197088097,-26222.378034256715,-18464.11980264964,4672.79097401489,-68516.10824594446,BENIGN
-173219359764362.7,-705053602261.2386,-47099976.52064873,11020236.863239896,-23689717.407833427,-967531.6847208384,-44032.88812996473,-12709.155394313872,1248.96106164523,-2394.5955829998456,BENIGN
237508639223426.88,-415647395466.2104,111788320.58468334,-63233278.29511434,-12920974.732790478,13191113.032572567,-286824.51036867,5426.1621345260755,25672.69465479349,-237658.23676622624,BENIGN
-144676665037673.06,-577104324942.8278,28578301.11407174,-38257275.89764629,-21041455.215945117,21314070.13003605,-496633.89588985394,76219.98371573378,24096.961525650902,-191329.33763740427,BENIGN
43158399211946.875,-564107564898.1387,30433221.737731397,-23913832.26978221,-21153190.9548992,11785637.823899508,-289969.86408551724,23171.825736661987,18826.101118605027,-163335.53590433902,BENIGN
-41552152406545.0,-353723985335.39294,-45728821.22019532,14762148.810217142,17320947.948390532,1143829.8236203962,2059.646828557423,-21122.92123284057,-3068.2548330475292,76289.50917396272,BENIGN
-114599656368730.22,-488326494088.63544,79748039.39400704,-70442317.87034102,-958488.0507511608,5937568.154875502,-133932.4082213219,-28796.39418263328,12505.01193655399,-65280.267060979524,BENIGN
-237517442281139.06,117632734424.71863,-275275019.1456944,138095186.4643342,38660420.74037768,-10387642.3031136,340202.4078735169,18706.21356520881,-19068.714431349155,12614.85192349564,BENIGN
366202101815828.6,-426307907355.82416,87364215.53488971,-36203658.28177327,-22074769.117464397,-619434.2438001274,-23796.99181993768,-21113.439049529577,10181.370720561994,-133569.9856216463,BENIGN
-127732878616323.5,-642392750765.2087,-60314371.538555525,22774943.337280262,-16180105.679132236,-1407199.038486548,-47326.472311938356,77083.53017004911,-16038.911312691314,248911.2664637937,BENIGN
-59452695898948.5,-652460674421.5594,-22561550.820297882,3747249.8016764186,-27812978.709991414,-2391803.8245204766,-10583.834194381629,32361.635768795793,3238.9501242055776,-8305.632785279653,BENIGN
-260507653172199.62,-755542841950.5593,-75222356.63543789,22819945.663901076,-25823681.789175406,-3706771.123224288,20888.330245607718,-15067.925279649615,5459.807530983828,-18490.797977219954,BENIGN
-235521016347757.3,-726735460171.693,-72025428.90681964,22378722.53731506,-18470718.96166218,-3439753.5155017395,25439.665911327942,-11255.752028365532,1142.3414906988219,15975.703986786611,BENIGN
-216180213461647.12,-389622113576.52344,55482432.68220331,-65559991.62195915,29211792.279299524,-6773874.3268020395,263006.2880551573,-111470.63816946241,14234.861107656423,-263499.71767310065,BENIGN
-254668548906473.56,-732903999542.3768,-71428415.30908465,20416123.974058114,-15476342.963275567,-1488996.970176263,-11364.920790763084,-27581.002982430393,-12.153883963746921,-20529.445606114325,BENIGN
-80250960430569.4,-636832689021.6023,-23340066.314812288,2103538.3202074245,-13255755.87446063,2977714.718089203,-99221.2166286617,-17158.089318878407,6944.025896547741,-41159.7080076935,BENIGN
-138210626547712.06,-607701400345.4404,-6627796.912565917,-14240917.918684956,-2769914.5852331743,3502575.8284425954,-77177.44909990513,-27344.118382884288,9587.74922153636,-86611.76568299194,BENIGN
-185926107340794.28,-700991540796.9073,-41251981.91735153,6017559.202002026,-18779584.25352014,4772800.47066232,-151113.3426777647,-825.1682929431026,7536.676392599988,-54312.57614827385,BENIGN
-110429158354954.0,-642862646562.3333,-28223729.807323873,2873070.47837184,-9700030.179126617,4427720.462553419,-125180.058120045,-11959.78612899953,5169.255698781326,-24307.442075213436,BENIGN
175678014204878.62,-353521755614.4116,-34655254.32220357,26091671.61124826,-839297.4577913545,3429409.8107819105,-110100.1041068332,32653.081284814085,-7382.861127672028,172042.60718350636,BENIGN
-19586102969870.438,9061753641875.088,-376126126.29851776,52387965.393186375,23684452.28600731,-13429236.194076644,471648.40517600166,-116376.18362583913,29036.77881522606,-647505.3554855136,BENIGN
39202468185750.375,-601258429126.1538,3397662.960100889,-5930144.354210574,-26669631.20574095,-142650.18621791666,-59078.4585573652,-36024.916775597805,10997.571767796693,-79498.09865810245,BENIGN
-181803473305288.8,1432902148293.2988,-404440350.3695189,202673249.34886593,16146331.808795054,-5177073.525732112,115669.17950636202,206810.41952402194,-45763.57615299553,414337.1292171551,BENIGN
-183340078180804.62,-668247191719.3737,-52673979.7404095,13224069.76481097,-9168532.616590831,-4062183.0618455443,59115.62271742623,11893.796754438306,-4624.848441831757,57528.80103109663,BENIGN
243862775427410.0,-468518127730.87897,54557413.22446178,-24481888.94292703,-12987792.131313916,620893.5517072706,-28043.658265291677,-36852.874024628276,12032.073546242671,-146714.4670287463,BENIGN
411421982634264.25,-362641631718.50446,94835559.41002248,-38525668.17566401,-7951179.244115923,1173989.9274173244,-23620.901503583165,-40624.43554190742,13329.238632799981,-173582.73528540393,BENIGN
72010673889305.38,-558925584262.2489,30435711.92270933,-21658915.56604166,-20439145.899710543,15113988.564298946,-349616.4043787436,38725.375287784605,22510.713746811165,-205960.59318069887,BENIGN
-85679719901655.03,-328945005234.8885,18732358.600669786,-31100330.993617464,-3435623.412330013,25266590.855448432,-580059.7889027,92996.94604593338,11852.552511740341,80365.93099219567,BENIGN
-58094069719518.56,-648162339740.3945,-17701868.474032745,437792.51389683783,-24598057.70569802,5586894.711152073,-175721.09195059948,-1763.5495855962363,11971.1321606589,-97567.63699445063,BENIGN
-151601099171824.53,4303164861952.7334,183251458.24296016,-231669234.7858489,60497440.57575585,572371.4275650787,205633.25124011663,-259476.3714305465,47014.57185295131,-549255.0634965008,BENIGN
-274461936513627.2,-760305215022.9246,-72666235.90473285,20017594.66462697,-24900689.93034876,-1174114.1176457338,-34450.03258144604,-28625.341529629055,6899.6404436755765,-48774.745650356315,BENIGN
-209621975778746.0,-705439610526.3772,-41138508.785382606,4015620.1957982033,-17413792.2313034,705629.1062568575,-58105.39602298831,-25446.315131789546,7308.954097140493,-50176.314991175066,BENIGN
-48821384347168.25,-2533891857.546753,310560995.7659249,-223744238.27154496,-1097637.7183459513,14038643.049546126,-310010.9831394077,-29881.570970459652,27037.65061791564,-120697.2046570573,BENIGN
-101040381151571.28,226535783503.95557,402706718.3525239,-292109420.92121184,-6251996.571400374,28998941.950894326,-655215.3090803986,28434.31070668641,39099.797455408,-126016.75289805105,BENIGN
528033062916484.75,-292004300751.2004,117724916.61257334,-44832277.149700806,-5762437.727800854,-2651312.107165265,70148.64987941991,-19059.158478899568,7198.205695555913,-160550.3380038354,BENIGN
299929546521421.75,-426607961254.2767,82063635.75058545,-38439928.29701787,-6474627.98184514,-3943424.0522970418,100272.04946571671,-38195.316441799354,9090.365511493499,-178141.93234816936,BENIGN
134141131443580.12,-513194318402.08356,22063086.47299327,-11661269.108284604,-12163222.630452648,-518661.05225150706,-8277.70748745518,-8113.370227220561,4651.378787548158,-69133.54906127354,BENIGN
205713501316771.12,-438756127718.0756,74872843.48012082,-41419630.24371481,-3573285.1540351845,77741.2410582616,13587.449855888222,-30535.583762470786,9420.847616691,-137675.80288128564,BENIGN
-167475915136001.1,-702942321692.1102,-44076144.022999756,9347960.094480287,-23937173.168577738,-1590360.5740614075,-15221.100616630732,-28946.58674619929,8154.473387760201,-83445.29644738525,BENIGN
-191198143120042.56,-711546132906.8575,-55797722.834023,15224242.52657896,-21660551.79961509,-2950724.262725423,11749.862634074478,-22464.524373174707,4628.802403103444,-23250.29200270014,BENIGN
-196904215593176.8,-702238108471.7988,-48759568.20399734,10195067.90036548,-18728384.078941144,-1747481.978727028,-22490.117940375014,2616.3733081055034,-1202.052226777243,66264.37201149293,BENIGN
133350750131867.31,-517622373227.8304,43690051.32295586,-25733962.342833277,-12719393.055477403,-3057006.0592698315,49957.04537055212,-29985.51912062369,6779.060103189531,-100736.85990330082,BENIGN
61240443707890.75,-584362169040.4741,6170187.328546196,-6155810.837862615,-22672688.423423808,-451194.19995508343,-43753.54704654415,-32304.618894932464,9857.779878347523,-64494.742934312744,BENIGN
31738787142903.438,-604058237059.3286,2536695.220429927,-6003398.634539288,-25242798.1473578,-1810454.0576346868,-11587.176337524419,-42484.89638025455,11830.394503034568,-106741.56158959417,BENIGN
-70019178605340.53,-525878133935.424,-83897106.60575743,40126883.389534764,457216.5074386932,-1627914.171287758,40470.88914743785,-24747.735944481014,1087.6783979449137,-35378.544832479834,BENIGN
-164211445396857.38,-699305639633.8672,-50332377.076487996,13708016.072954338,-20965504.217645682,-893396.5344873038,-34703.852667192645,-36279.744329231726,7758.131468032476,-28872.82437273061,BENIGN
111115571515359.62,1475749850110.4268,-120050838.47386117,42050010.30727327,42530103.84640601,17666551.869669143,-349908.12395993626,53534.41007795257,-13665.277963512897,394921.7573310409,BENIGN
228285666058788.62,-235567596335.1432,174937959.02709818,-108366845.34229766,15686540.186219934,1974665.5526667344,27388.163864820028,-71915.55853813427,18749.008255632947,-218716.42372775354,BENIGN
-251912553774659.5,-739924097904.7874,-63072569.4083107,15396230.27813669,-19963931.79660674,-3289919.587387883,21043.78759346232,-18595.849097297094,2511.8637567336264,-6897.497458446986,BENIGN
-248456114394565.16,-735312849802.8516,-60431385.73320445,13873847.871164694,-20052071.594293192,-1801884.420868338,-11231.196679345177,-11104.925492137176,2493.524911512104,-19613.47176043564,BENIGN
162721672180156.88,9027119781879.328,-1033178052.4716498,494165870.3344011,-15768453.023223307,-6568993.389327336,287597.94832738664,92075.80137807294,17227.07894654833,-807186.0068661824,BENIGN
189436690997514.88,-516476488078.74713,43433617.919416174,-20879232.33414911,-21617449.944078814,1330107.364416257,-70781.08323284432,-21981.040747952433,11281.807996794512,-114702.97254612623,BENIGN
-218545129728364.84,-515400575452.07904,55647910.13554229,-62995868.219760224,-11855204.895194966,2187993.998678629,-80228.60932882577,-199.7544439218982,6753.756858040746,-34126.51833029169,BENIGN
101092969170044.62,10079563450456.895,-782056996.6620622,305926709.70960885,1328693.7810952514,-7309879.89817229,352942.90140765905,-88042.09945630719,44051.36609814991,-1002673.7719686587,BENIGN
29907517484374.5,-596890053190.978,7414731.847792953,-9471852.270334926,-22353622.189795345,2280633.5493599935,-91054.65009759196,-20868.234632728898,12622.981945796495,-127401.07094958719,BENIGN
-4397745062900.4375,-615046570044.7515,-7091008.991311729,-2511741.241429426,-20314111.553789146,-423764.7948372206,-38893.5063437786,-35656.98891132121,8757.62663165871,-62290.3668641641,BENIGN
181969802710020.0,-491831743236.09094,21570688.797575146,-6763863.650681343,-18824912.863531962,3927537.839381374,-197325.15487156232,116111.0923645763,-21672.245959652304,391208.2037062248,BENIGN
127825932179714.31,-555126599469.1428,25835004.510416687,-13955045.01611473,-26791278.917081602,-1052985.6073169028,-30469.331704951954,-36466.671775316674,12095.053996781087,-119842.67409190687,BENIGN
-210660938681049.88,-717292552825.8726,-53889081.456388906,12548183.348683488,-20762496.64832506,3415999.6553343716,-138324.69397503513,-7062.6178695894905,5205.2216427913445,12189.643044462275,BENIGN
-222169820210739.56,-725403556113.2504,-52393030.63706255,10566574.222651746,-23212860.790174715,2353798.407393022,-102725.52971466898,-13244.364582025635,8408.74494986648,-89958.59013750334,BENIGN
197379658691083.12,-410453096674.1118,34085046.757863104,-15998091.817270044,4025012.724891927,3015704.855870836,-59754.44194744826,-39523.04668291947,6115.186838919584,-26348.396769530358,BENIGN
485310921644116.25,-256967235250.01276,132081326.96895717,-58054109.789076254,1003181.8092329912,8722861.432116117,-201163.1876961137,-2310.8560577628596,7435.5237279059,16282.343683185536,BENIGN
-203280003517974.4,-100137578025.71875,273332046.31525713,-160999103.39486742,-17300686.095042124,14186538.56002666,-301813.6022946562,1000764.41535129,-127256.61214857915,624241.9423115734,BENIGN
456847707364182.5,-354389123442.511,112835450.36537336,-46542981.193041265,-9908479.65994088,502102.43611139245,-14139.696557779593,-48062.84225243094,13977.153468827728,-182801.0502669237,BENIGN
183258623332491.75,-514420891488.4812,42939808.014856294,-21081508.97243878,-18309662.866070807,3082757.963892831,-106097.02812843108,-25769.217409507866,10329.840435698545,-84839.84934412822,BENIGN
-215896797944565.06,-728123568740.2262,-60325469.098863766,16390930.768840142,-23204709.880210146,-2933471.734720049,7122.827402409319,-24121.342270246703,4926.585906709282,-22558.91888200454,BENIGN
-217971810547901.8,-735151684606.0471,-64349622.93901797,18942828.8320435,-28232604.975024965,-2698655.1616978175,-7979.369161038839,-23299.954926106406,7815.204086396421,-29921.165626609945,BENIGN
442019619702315.0,-307941215919.6189,99918756.41640396,-40006316.10120143,-3085051.73219914,-1113517.8007233583,24171.385386061902,1265.1852794768965,1420.7226499509416,-43797.33038608211,BENIGN
176205152939297.56,-398060073260.5881,8704247.964190364,-1580119.9061317742,1924380.2559151389,-2985384.6558989277,80987.70156098367,-5038.614215076788,11.494326405005268,-49038.91140125997,BENIGN
-217029803445033.1,-728507360505.0533,-55457599.739831395,13084971.561643261,-24570306.36836677,951638.3943533767,-78716.70313134482,-22078.83575996912,9118.031546924016,-62945.03932296252,BENIGN
20039264979132.5,-609191832960.8176,780430.17375727,-5698419.257151764,-24328543.04939971,76661.529750444,-56677.89051590304,-33757.89706140965,10850.232798540459,-81832.74675017115,BENIGN
-185847902268390.8,-695361010594.4016,-68716500.3167823,23985509.308169585,-19738232.91885243,162014.97065312928,-76237.68380718645,-11650.022455109909,863.4792258828238,101059.2423135275,BENIGN
-103817698248781.66,-645263175051.7815,-44925984.400299676,14380394.013069773,-15833260.350102985,-587643.7380268695,-37799.09591248278,-23111.38212725573,2414.9358110788016,25785.528126767313,BENIGN
-108798744280898.94,-615032388195.8613,-62590329.81617166,25036312.87783195,-9279626.21850802,2260825.2064232496,-99622.92260579515,-3152.6215348872847,-1284.1105393825674,118694.26820624393,BENIGN
-160223431016684.88,-674681406270.1056,-57126868.770295195,18029862.91342032,-13355020.587732237,2164385.590403262,-85585.00170690255,-16327.748403399411,5201.909877784492,-16701.14242843617,BENIGN
527678985755732.75,-80441172357.74011,38143317.09964226,3305414.5447947457,10560541.295378428,8248554.367703624,-181307.764158131,26088.15693111554,-3164.667705718526,121025.75212606831,BENIGN
121539582814209.81,167647080346.82446,95146570.34310801,-72647552.49301548,34471067.820782036,13353759.311441517,-224175.11716138996,-14450.358800375005,8470.074193697052,53430.51854055827,BENIGN
-39221032254880.0,-592577283250.109,-16131857.98242502,429004.479771059,-5142184.583000135,150099.17231930792,-56445.00281927439,-30247.965732413373,-7422.131461410141,181578.94840051018,BENIGN
-127908444622010.84,-667440342478.0916,-25996816.1074581,317727.67157015577,-17223042.54117795,381449.0653988663,-47474.05387237712,-29164.97927227326,6194.899833627904,-67966.84966705996,BENIGN
54564717508594.44,-532777766081.7057,-12860263.376951799,4792073.222272523,-8157274.042436648,-2200888.7119085826,30917.857380438512,16563.975137054505,-1631.4941780516128,-2822.323428861022,BENIGN
160548055004283.0,-520040053176.07764,35628527.43330711,-18186263.67413153,-16223878.55123185,-2004384.4486140483,19112.862283051454,-25883.38624690314,8063.888635804222,-111215.60505488029,BENIGN
298879549112070.75,-458630607634.25275,64585552.88282247,-26334549.77924868,-22192228.11128761,2093870.8667801511,-104667.00922868273,-22036.07959830079,8177.172921253867,-42337.88429927557,BENIGN
-262950315427369.5,3643253010440.491,1726422505.2397056,-808815765.8294865,-119997169.21607427,46362736.473531775,-1179871.26821413,2227169.0723948963,-314006.120070561,1455009.8386867312,BENIGN
-135433900216343.0,19012313734.24951,292447938.4638672,-219615105.09399942,-20763482.106797263,31408683.655201536,-736983.6462471985,80616.68760931195,36500.39484884872,-140698.7484156344,BENIGN
-254540197224321.88,-733588091010.3933,-63201744.57240806,15085646.084172942,-17653107.956057783,1310376.580391049,-71669.98582097272,-16680.924958986834,-1134.779594900312,-3025.4380360690666,BENIGN
21020490743840.375,-578081130055.9956,3344958.7152424604,-7813381.87124363,-12539505.53995654,7587191.919976084,-190957.83717809778,3970.5146995784344,9693.784349847949,-64070.951557977016,BENIGN
200279624086060.7,-450232699406.0807,38649762.62064414,-17946891.03077003,-2380686.056994602,-5080174.893037615,122367.34598138629,31509.01582910247,-2851.8148614791025,-47653.3483552761,BENIGN
18207249363172.188,-609646478846.9626,1578455.817030862,-6272527.530255552,-24384982.21213194,1095313.429069783,-88940.4364588186,-28615.976095017097,5108.879787149737,-17438.383716852557,BENIGN
-91474330051390.97,-337084956411.5413,152396060.30600238,-118660704.2709863,13629271.988633987,15243104.17961463,-277901.15598334785,-18671.929747618848,25724.300989463427,-205240.60692472765,BENIGN
-32263488205101.875,-604943069376.733,264404.2595037967,-9856381.374565762,-11364772.424304932,11911255.40232605,-276939.06718977884,16164.888601938103,14646.831633681057,-110529.92450118726,BENIGN
-156759920669078.7,-569281259820.2239,-22630932.23911953,-6190139.100015711,10884044.421271037,8073131.653151505,-137959.91167924754,-20603.725296361634,11262.471670228628,-117094.36750111516,BENIGN
145504448135782.3,-479615527454.7581,55587594.38933183,-33190927.98405158,-3901530.2731997296,17001238.024977878,-360535.91607767646,23728.90902442635,22254.990519065195,-167457.30457445356,BENIGN
-53084405047586.875,-404581682247.6982,59442045.27047528,-53776353.18645124,20852349.242488716,896963.5579402279,40013.04841085673,-76930.48413439507,10197.928180549541,-95352.75545050934,BENIGN
-42083088500509.94,-125636841702.46399,80562551.10237966,-71792967.07273091,28876475.655232806,24148062.764356885,-437517.3875482861,26406.81306480305,25856.995157558606,-164253.37215476113,BENIGN
-106234772449429.94,-670627570665.8118,-28185301.338622242,3578372.148996912,-24241624.622609127,1575912.4250520845,-84911.40037813282,-19773.00445729534,10332.751229995545,-99855.22446385014,BENIGN
188489422251762.0,-471046935782.6964,63055311.94342141,-34661283.55133413,-7418491.714975897,4607082.874442844,-90470.62711984404,-20518.65229269987,14941.521598014075,-176340.8383528941,BENIGN
-143270533937744.16,-695083108182.9839,-40598051.099489614,8995488.105014183,-26351783.23386071,-848543.285763436,-40803.94324367239,-34192.84813117356,10156.22381451432,-75549.15989424886,BENIGN
-225694673268769.22,-377036561657.7325,-91643833.74285926,29401554.506532058,19176871.579619016,7608572.943842506,-133991.32924097474,-15408.854396404924,1579.2154435586926,30069.05561658471,BENIGN
20585824466341.188,198711033141.4768,189025456.73022187,-143138619.91143313,46507744.427195415,-1314295.552582901,172109.63182326272,-116688.97864542578,15618.50005126555,-190018.3737436304,BENIGN
122301419784884.5,1381770602555.2324,-132894774.36408496,52481774.03090071,46928286.12406251,5793498.471249348,-23930.87311994626,-18961.16118351701,-5767.293016869531,115190.85556812043,BENIGN
-301148987740570.75,-550118510037.2064,-120149004.90251102,44638456.95709008,9535954.017163765,351687.3772194339,11856.0232848372,-29140.949877181156,-2756.7338362020637,-33403.91725854784,BENIGN
-228821713468606.5,-704201682375.7185,-45801318.80839148,5440613.666439548,-12694036.389779184,1580642.7722138031,-69946.3914337373,-24958.29152198651,6052.066062507194,-29089.231474167707,BENIGN
101145603008246.94,-388087112257.09216,-6839595.784389138,1943510.2979144827,10302894.605943907,-8678721.07261021,249997.1525188083,45291.20143447896,-5860.69290236925,-95619.0514443466,BENIGN
-4551895146738.1875,-593413968229.0135,16305630.075097203,-18161425.311970558,-15915524.883592432,-1856919.769424732,12812.289829650337,-33010.386930422144,8301.936129662605,-96227.53479903284,BENIGN
10625642080751.25,-600207402247.6423,10681961.382209912,-13197974.764387053,-24250930.98592597,3597496.2194944783,-119071.19617712435,-15654.9831649351,13826.304789659906,-151970.46613919313,BENIGN
-203111677593512.38,-717732363369.9962,-60291920.351081885,17199576.778582685,-21308481.32593234,-3145354.4753474346,21145.91573810313,-28959.833216757164,6160.008546687361,-48491.79143115643,BENIGN
-253831817109400.38,-749881978098.7821,-72491382.3856168,21449137.958819296,-23899080.19390799,-3090646.830066629,11593.773579406014,-33919.967057738875,6490.256535878078,-41659.6086912947,BENIGN
-134443464922601.5,1158778333496.1318,-164830752.38336137,56218663.172807544,46004423.56221004,11613112.936053177,-199261.84409214827,22430.146911660748,-14706.179441536997,323765.0871663356,BENIGN
-35640851720925.19,-308355254545.3218,-91736595.72710386,45162591.312004976,4941022.800007399,17078473.859131522,-459161.102733331,101950.1070667842,-20314.621001118823,522375.9762042702,BENIGN
-3258926850226.1875,-613182599162.3472,-727554.5388351977,-6585826.872061271,-20559379.906868942,-1007271.0760936947,-23019.271656624125,-28481.672284128697,7938.739917945721,-70049.32393476271,BENIGN
-52644114635207.0,-637114407192.292,-16521303.666144371,-12513.644823301584,-18801337.10657888,-676988.0580167309,-31546.15136020579,-35067.6992275372,8160.605829964159,-45045.12557288019,BENIGN
-160413441842128.25,-612805757373.7045,-33659269.92813868,1633810.0380177945,-8672351.48533158,10857965.53889684,-260448.01242260708,26392.130899161974,10282.754524214582,-50379.27748669787,BENIGN
-68171642502763.78,-437122939611.40155,-80268527.99924567,36807492.4832606,5053907.136878904,8404570.74589904,-218583.77744924012,26457.01670292466,-7807.523124959043,231749.35714227392,BENIGN
172840687956252.62,214062156758.6516,-58779997.78474549,30388056.513859943,36581155.89938183,754968.8075134167,75370.13118709641,-60678.044991356044,650.2659336344514,-16096.905445830365,BENIGN
7303691221437.375,-606822501854.1763,-712988.1434169263,-5862394.572043043,-18471443.40016188,638550.6597439554,-52246.29218845033,-30799.463473235308,8881.156530011303,-87905.64482516404,BENIGN
143481894414662.75,-426465084527.8329,46333700.81069131,-28202071.677331705,4038112.8761716075,2611163.0081569017,-47556.852126134894,-37863.11147307089,7310.162346118665,-44103.081990544895,BENIGN
-262433724448020.06,-703472678137.6738,-87656811.55033396,30137756.054312654,-12646741.99663863,-556139.8535825489,-55045.43191766832,14891.267978980133,-9159.330845199685,183131.21458688483,BENIGN
54204265172672.375,-520679059842.4956,-11797589.127062276,3828707.059819918,-5822260.839288242,-2741753.9846401024,44940.75929341848,-10139.524316826464,173.76328165433006,-1733.9179089917561,BENIGN
-214104219839533.38,-720007685014.2528,-53977197.6996692,12201934.353643436,-23009683.071967103,-1004257.0896341573,-30739.48135149752,-16906.65022951154,3450.863389505179,-64369.073227615125,BENIGN
-203289027901729.2,-668592992486.3132,-34536980.41793857,-54573.072692964226,-9374524.766933326,10415316.138638897,-286079.1650239898,21820.710350720197,217.34826981019796,122349.9417273051,BENIGN
-201492167766246.78,3835212540115.6836,-270983419.8311188,68207518.56202935,49545488.94545567,6138896.612398945,-2817.8594895618044,-102142.51586461949,10997.590847025724,-117712.65311685685,BENIGN
30972776684297.312,-580535864564.3555,13941956.21530424,-13897035.499477308,-12793521.617398512,1956724.024472604,-63048.406783827726,-30654.768124990194,11000.127198500722,-110730.15567852883,BENIGN
31538286167154.375,-577974264749.5884,5349851.660680935,-8366644.3446966745,-11701308.680233259,-1594721.5660619314,20796.306123293572,-47077.826804263896,10643.643753758446,-123449.73202929762,BENIGN
-194000618339187.66,-467565738136.6825,-22510628.723275393,-11240802.782152865,11209610.429108296,-2610515.081918128,93846.31121977213,-24614.156718116814,937.1298113475932,-62269.212526202624,BENIGN
127462296610793.38,-13557808970.691895,-137049257.33846015,81806039.23823683,16225906.74195503,-1753423.2899121856,81101.42874740346,52762.14826045831,-12833.281957159348,65646.98146490598,BENIGN
100567490579958.25,-559749251816.3909,24523858.286759004,-15324719.454914685,-20354579.726818815,2731827.996666297,-95296.31114938858,-22830.36721263679,12385.364676447662,-129971.94405529948,BENIGN
-164771840863146.2,-670764258272.6538,-33714783.34619823,2274816.876232434,-12005795.89304575,1369862.662142837,-54670.938814486086,-31378.20139003339,8797.858739733249,-77520.88436794371,BENIGN
-247305423927752.66,-535772779822.88513,-102763541.34079884,37631105.11664808,18223718.426153976,-2277968.9947909135,94202.61447712971,-51100.10873002621,-1642.012453120391,-20721.388402756063,BENIGN
78394005917429.38,-576845512295.5769,17932492.727152184,-12506910.72263157,-24373114.602218613,4445750.794855582,-150863.1990851315,-8354.921530997603,10960.857214148953,-86251.51653643436,BENIGN
58234029377358.5,-584914573155.8363,13027824.224063143,-10941553.72018065,-21902585.663774937,2316740.031352227,-92728.32022334183,-24013.856422894605,11277.61767256536,-115212.9708033303,BENIGN
-192679521554674.9,-653120586885.551,-37301505.69193187,1974425.4532238804,-6072214.597784314,-133167.961003948,-11520.41949731075,-37178.81618583128,6433.115871475675,-44139.53447046488,BENIGN
-114374888009796.75,-617285732552.2126,-48043979.38894662,15243265.063214576,-8660383.658841293,4290933.370581159,-150304.1116314587,267.51488640867683,-1956.2160215410258,149555.00944604157,BENIGN
-269186063988440.25,-709308395777.5939,-73971140.18543684,20341402.568469767,-7332818.464731008,-6118725.965800112,122564.70050514548,-43359.82169575484,2218.2130174438134,-43343.70299928739,BENIGN
-232783101461868.84,-719061329695.1272,-59129022.56301035,14012073.370996183,-16954359.93338504,-3432026.1962406244,34489.24883078577,-31386.115733154526,4813.7410457621845,-26278.866249116007,BENIGN
61692621525394.0,-526156082318.6724,-15054274.086147487,7402759.631537996,-10909527.991975807,8986530.266566165,-303050.3347400006,22382.181972115788,-10694.634976585276,376666.9743143108,BENIGN
-212344688452081.2,122287711663.12695,308116036.4793959,-238009744.41048715,-17025478.62092393,14519362.30400594,-385020.9065385581,18512.079503168352,18760.185926766357,-2230.331872638635,BENIGN
-46619586403526.75,-635360250441.0267,-13214636.94321753,-1692428.3808295205,-21215602.777489133,-1333010.3157094046,-19306.428243170158,-18589.098403450724,4428.377749086714,-50747.04710054243,BENIGN
80153993826000.69,-532396202782.9976,19790026.84845899,-14297585.396238435,-10784247.299729086,746220.64767827,-38608.15011835829,-713.4535102983664,2636.743047031654,-27611.851082492638,BENIGN
-261071374232788.7,-741119258953.6592,-61161661.029482044,13326939.153907511,-21953725.29867194,-260553.42113713408,-45698.10089455843,-16596.174108389347,6006.976692545642,-56176.118857659996,BENIGN
-263280940248383.3,-730285129784.196,-80182375.69791989,25435768.19152748,-18557458.84144979,-2321805.7441955786,-2123.185328067113,2735.5373484098454,-192.22170138383808,30098.72293526838,BENIGN
-66805130033811.28,-563276464969.1077,-26553164.94685398,4142563.3125464544,-1431648.7625200786,2624491.0228619226,-81469.54437259147,-20625.2757519465,1442.0684268849182,72163.23434728282,BENIGN
-221433428160009.44,-721550133405.961,-52482628.18984299,10780232.941162497,-21357167.07727229,3893263.293707798,-147951.470859284,-3359.871750842847,5207.871462015497,-5678.098499661806,BENIGN
-225545608193788.44,3500772533422.625,318476812.6621961,-309373506.92931014,36533353.18991034,7929777.191097977,-132419.36215328434,-160377.81295822904,22031.233545721017,48605.28701375564,BENIGN
-158686572290709.84,-673558972561.0554,-23365656.346389562,-3842638.45798086,-18732230.297281124,9567225.20917442,-249955.86118687002,20351.00437519657,11884.837118217012,-92439.71879391916,BENIGN
334402903451950.75,-384990903050.6605,70120603.30067612,-28272167.709077384,-10077430.444071911,-1626931.5510048529,17957.505471219745,17078.724269577382,814.2238612067777,-36120.37671800973,BENIGN
32762873906033.75,213705675337.32764,15595769.627991676,-29842442.87348638,42114853.79529931,-16031207.023993416,513379.98586968763,22952.410512020688,-8837.769179236035,-176484.55054714045,BENIGN
32303682058883.625,602067687352.32,-76012853.57656462,24044836.928930473,16898074.844611574,15259010.206098448,-406103.86302788317,204249.6439555617,-41745.81607483313,753989.5674842579,BENIGN
-161776519281244.34,-706618501846.2228,-47998165.63685318,12458886.900732998,-28394138.14970609,-2818054.2322788304,450.4496891624058,-35494.43104640227,10098.55991716719,-68610.86357468326,BENIGN
-196300345809171.94,-715337700829.9995,-50721594.7823318,11528005.271707859,-23177527.250457056,-2541725.899849951,1628.7346440523397,-23499.80078962815,4105.631730935791,-48181.89645881831,BENIGN
-196474930482906.38,-699612902449.8927,-48322802.25437972,9571392.227691732,-15415318.43037017,-4067705.0866251774,64676.043222155975,-32508.881086125213,4420.743405503952,-94599.59179891957,BENIGN
174847926466175.2,-520168811155.0883,43287451.34105833,-21959888.26912048,-18271668.025226366,-272568.01207212964,-28100.457669388335,-39621.57658921779,10447.485818943427,-112856.85297694957,BENIGN
-121845984895694.06,-647426188374.4233,-29166740.971548557,2541405.341526959,-12124439.68778798,71709.3731145151,-29680.548925312705,-25841.363716493157,2770.5845914955535,-43704.26939935118,BENIGN
73896813994207.62,-460262365650.2568,-25342473.542390093,13493065.718519635,-1230648.3731857352,11149690.088173274,-288874.2320625241,16381.013312966206,78.69621968619686,172262.73853093057,BENIGN
220029659896132.62,-488730013275.1142,62602944.09800948,-31271711.76604117,-15999570.492088173,4053613.8025550214,-118197.15271359496,-30727.61289672884,14296.910835548199,-125517.94782588954,BENIGN
-164805767414559.34,2683764894227.103,-124222974.54196574,-2176555.016775321,61676777.35206036,16359593.363246042,-204059.70101389915,-96240.70103544023,19669.020985083644,-111303.93405248033,BENIGN
-288166992868310.4,630221029575.2157,272153071.4768455,-231391570.13072714,43386930.98951936,6765294.058147861,1916.2542831948995,-138437.18117888807,31213.333649802637,-377541.6860490927,BENIGN
-24162170539231.812,-351969794911.7078,104290164.34987493,-81266613.66198237,13766764.091986407,20689268.36650099,-416973.46193585923,22640.39074956395,20821.2570080229,-83416.04551217546,BENIGN
-72652594282319.03,40183994829.94995,-67755195.77426061,19269606.4743156,38217309.938898414,18173104.39912802,-348335.81239510793,-5800.593295034003,1138.1966514375126,188608.150681413,BENIGN
23334081373727.062,-519112991718.6287,45855205.569208935,-36343193.53311032,-2310241.4114921205,5845250.954187332,-127404.49143206446,-29021.03586470379,12498.936746747622,-92982.01535231754,BENIGN
172582490562686.8,-410073993856.269,8886665.86517699,-1415046.4534209706,1497927.7895227633,10693525.429712912,-265971.5757470532,3377.3867930057313,1811.2181112058133,135676.7577747425,BENIGN
-65128078023788.31,-651041394949.3279,-19771739.78222263,1234483.4055883177,-23102091.614847567,139829.86518656276,-53919.52532851539,-31726.430233587842,9956.671229151798,-84397.90944910003,BENIGN
-170901011369279.56,-707605491794.4752,-46469247.87854979,10858161.94775372,-26493725.520078775,549350.217956149,-86344.48741611179,-20705.536568488144,6062.00219722397,-1797.787916435951,BENIGN
-245881603119381.8,-740644291835.0725,-59465349.61211494,13522535.124004757,-23017733.862491578,-2798756.619219737,5446.473077057437,-18143.78103953174,2254.9473383077056,-36610.91044969138,BENIGN
-180298355310879.75,-683467389798.2642,-28962201.254045308,-1875865.3961427584,-15655900.020726115,-3512883.169451813,46463.576908559786,-34521.62784844912,5527.9403062960155,-70648.36061533213,BENIGN
-169497298019482.97,-703264283469.1625,-42893876.150537774,8464108.641502935,-23585135.688239753,-1367361.4150688043,-24121.801694527694,-26002.463033308864,6943.105104019589,-59435.36615455981,BENIGN
-168594541974120.0,-675723260296.6045,-25918418.082189634,-3018563.5031434447,-22588283.898830377,4394100.36051112,-143497.2983922562,2188.208205196188,8536.986138678978,-94779.15706076313,BENIGN
-16927085336500.0,-606717140981.6897,6034851.067809522,-12245838.701768514,-21011159.314282827,4225016.467292851,-133637.58249207365,2292.1785414066326,7889.605535070696,-73413.67349043876,BENIGN
412630870677971.0,-380977020094.9422,120857652.88635968,-54979782.229090795,-14834192.593866047,-1764022.828200098,33967.80637812524,-26367.925692891735,11688.67260244019,-194215.1433308752,BENIGN
283122532407861.0,-365607272944.6175,74646823.85224108,-35977554.97271888,161015.84487726167,-4557713.286867822,120886.04402593778,14673.147290692246,36.59400185883351,-81651.72783191156,BENIGN
136221328869887.06,-501677094701.88855,40535313.44625275,-23612889.298245106,-12810483.86502029,765382.3407404241,-46108.20980946944,-7310.902354909775,4791.449212016916,-36821.954397667934,BENIGN
-3974574521928.875,-515100272742.3995,259589.40809051692,-8761988.33490688,-783126.9758848511,10315012.05648562,-256060.2697222803,11682.97973306536,3373.6687932608256,101041.77838971277,BENIGN
-48900204561315.375,-511743146633.7265,41954582.19503553,-40023267.93839815,4197921.3967358805,2949305.2385962126,-48626.8460110435,-41800.5993430377,10275.387365581879,-82936.8066139307,BENIGN
-131876538060181.69,-682988680299.0927,-33058667.129016683,4854182.291133881,-23860364.933042116,3994282.1261346578,-141375.76888299535,-5606.653868887113,8873.24466205448,-81835.04515013738,BENIGN
-251031820235380.9,-734655914370.1376,-57335565.25188709,11549301.897349663,-22639726.8444987,2833546.8313516597,-115522.01938124171,-9436.160546503876,7225.106722377208,-74252.62701401016,BENIGN
-186298858256759.34,-713281904678.6873,-49865557.75382046,11720606.011738762,-24311694.196560312,1592451.713912113,-88364.45962873693,-18636.9115357323,9341.523044606776,-86460.68308289595,BENIGN
-123822936143998.81,-668775083797.6663,-24921651.29818359,-84473.93842092156,-17075085.012771398,-755911.1977807735,-13821.162823849976,-41039.7759366715,10694.461680331387,-108293.28501123993,BENIGN
-203643862686405.9,-707886857904.1058,-47477604.63298026,8631444.131943095,-18616830.35568349,1477892.611461476,-73528.37487409056,-19782.64233728274,7998.402340844823,-75871.33945347098,BENIGN
-242387502844713.56,-733140735488.4077,-73090791.89858535,22555693.35627661,-20903890.787705526,-1975440.4347889742,-12191.319574285431,-10347.821728674451,-131.8303884380257,-14621.463408493462,BENIGN
-130450217421939.69,-673923943495.4655,-39893894.21654994,9335047.730468206,-19457226.578103267,-3214332.5493869823,23139.317672390174,-19827.285362695537,4255.609494202403,-18480.893555182687,BENIGN
161161771777470.7,-473223878627.20605,37860305.64701229,-20354920.37071519,-8334796.977748148,-3102611.6607012106,56889.011578868376,-10538.071756992693,2589.0287238224773,-57305.02352341419,BENIGN
244948602534846.12,-469251661283.71857,54539136.571619526,-24152322.035239983,-14088828.028886378,-1880595.0091256984,10169.794130853046,-9564.306524499181,3640.4761149221195,-43034.994081264944,BENIGN
-195175920396426.88,-711862682108.9432,-55438477.71093474,14731902.18334949,-20680017.082184725,-3132618.230479975,14063.541248081514,-11530.1138211213,2255.986844553703,8700.260531563828,BENIGN
-228901018634951.7,-684852701127.6039,-67382316.35562645,19385035.15030525,-10759530.569951668,-2161235.850691094,-1904.4862998575782,24885.381185060804,-8167.902860706168,132397.1716010247,BENIGN
43491838322683.31,-573094329880.9137,21062689.43856916,-17516083.700647872,-15767898.279112944,3203393.0926981266,-106516.65853487613,-21747.740644213725,9874.398024299637,-68898.75324310717,BENIGN
-137025052076177.25,-649836713544.5052,-19753121.73434198,-4882087.4823172875,-9246282.555948008,-1947963.6814677033,28875.231693472317,-49202.76973671181,7368.2854510549405,-91411.32679639169,BENIGN
-146664100355608.22,-698153337794.4249,-46273343.69800905,12559898.61922517,-28347768.821283706,-2816618.116686825,-1195.933017510899,1793.1488988602214,6645.6583441170405,-31290.490077454207,BENIGN
-140466540443625.38,-621171980177.9183,-43812357.57120304,10182940.52040077,-5141872.18634202,-5018613.150550214,93615.1779889021,10870.692804734259,-4873.686787831342,45918.40689366262,BENIGN
-258378615836121.94,-734361721880.7185,-63561159.559391394,15023959.140928222,-16132136.377398472,-3853544.048247471,44265.17147979805,-39150.561464099796,4688.233818330704,-18903.40442113729,BENIGN
-155890412812470.53,-666493126507.1561,-28712244.040803164,-279516.48691955954,-12717921.24413265,1091762.5114907701,-50153.84017868886,-21761.483681495538,7705.837669851084,-69720.88691100135,BENIGN
-250450311588454.62,-742919286163.2361,-66482188.33266786,17914792.60563755,-22901666.221504487,-805123.8616508441,-56880.54008546274,-845.3122286450398,-3038.368614547755,56236.23218104269,BENIGN
-87702217365125.81,-590105196871.2389,-43803308.77216342,14022516.945459116,-6257644.866492249,9051151.780293988,-228767.80603317183,7170.128567089116,6507.570634147109,26614.607941437367,BENIGN
-55946860131689.19,-495866112396.80524,-53879324.57194992,22342053.674940016,847220.9900239222,19345286.926504403,-520133.1006226788,67555.61781151319,-13456.954603190612,483073.72062433115,BENIGN
-125526022210522.5,-683699002376.1301,-39157825.29384523,9394587.723162845,-24411840.249434553,-314053.37717078347,-52869.43226418605,-32945.51502640775,9649.159804440253,-49101.95232646286,BENIGN
-245291873700667.44,4566915398200.228,-173253340.238522,-11740569.796853516,5494203.509321589,10891038.242168946,-300284.60534262564,-29761.338954400806,-2976.4596703639872,297917.1271408134,BENIGN
-228207207855272.34,-739888403949.8915,-63990901.1151387,17900507.336435728,-27802331.518778704,-1824328.0463897134,-26596.026586984808,-32145.408000687225,8185.785862723515,-47351.82366109939,BENIGN
-207065352853366.38,-248484397408.8402,-83312107.35844457,23160932.07346546,26310815.614922147,2198001.744272064,3137.4821005820068,-33851.28139250731,-2110.57655954875,49073.589837645406,BENIGN
-241346539947334.56,2956485207226.9004,65877118.36352299,-136394911.60341123,47097015.0880751,2797409.0065029827,-4749.7225115447945,-103882.85236530297,-1548.4954960844552,226636.29491047547,BENIGN
-276025643520125.16,-759542746472.1798,-73836622.14043146,20631718.794833675,-25305643.579795394,-2031215.2680319853,-16755.392029574516,-27941.994608393714,5376.7276017368495,-46975.764076467516,BENIGN
-244400437622296.38,-737321480941.4896,-78625876.60755545,26077191.806401417,-22051266.3333847,-3676503.1205993025,23674.58702765498,-14664.397275587911,2274.6253229689173,1364.8698395379542,BENIGN
-236111344623971.3,-744065015666.0968,-65442858.927043766,18247858.216610037,-28059950.49646818,-2398215.958847765,-13095.100882603449,-33089.99389326536,8171.451970305276,-49863.96812212486,BENIGN
196254559850395.0,-355438270661.28894,-3726231.162030548,7772469.6634544395,2155032.9778456576,6669436.061698861,-177886.37200393435,-34.87300122052329,-4361.744129220402,177879.87768748042,BENIGN
155780995336520.25,-500153135255.40533,52860992.49573304,-30168026.370212954,-9837835.992160317,4089397.6049591326,-100528.58706009023,-33022.3951119064,13753.482374955896,-131131.90365260513,BENIGN
-108421636855147.19,-498407283179.44995,77658882.45592679,-68493717.74062678,-1499560.6926773712,5769970.44920142,-119927.37200554089,-31230.022130357647,15182.2901296147,-126419.64756739206,BENIGN
346171241054514.75,9511329850793.291,-939392054.6289293,441287302.3969453,-76934674.71831796,12634787.411811875,-452397.63841786527,122494.40522965608,-1313.3707458541721,-33283.00324689292,BENIGN
82465697250742.0,72579487617.74976,-91255964.16118222,46342372.76727825,38703062.051240206,-3233395.300288945,187498.39986629953,-56702.095455666575,870.6866983529035,-100397.53521943223,BENIGN
246240649159428.0,236058118820.4497,-28939533.779985234,16636620.618927551,38001329.171133384,-3484130.7795624416,192019.20861795655,-63264.577093160566,1993.5221580872349,-107351.12779617732,BENIGN
342216971928780.0,-422152331923.0048,82599300.60394268,-35189307.37093817,-15318000.263519846,-1211450.2213279982,6447.336717836273,-16573.149146691692,7707.744750781738,-118923.57308056997,BENIGN
257792024637456.12,-32499109733.988647,27010398.753927007,-12098365.415490296,21071817.74149057,19474791.814863678,-497318.7489220461,64291.489722119564,-22980.398962551884,650338.0140755696,BENIGN
172317131197608.62,-168421306954.38806,169012246.43023926,-109535465.36952706,21102617.029885802,5120271.887360662,-127776.90873833618,-62047.37134114188,-6325.088804728539,313591.31354805565,BENIGN
-107794931449358.75,-635469857003.7297,-23229011.538607806,-342583.39781087264,-11288961.504666287,8151668.239266761,-202700.5149044817,6768.904125409721,9976.383890511726,-72261.08477955777,BENIGN
-181329496324752.75,459438822135.9867,-97086657.87146258,20780168.50034226,51380095.64311853,10739539.873708157,-102106.0025746822,-22986.912401358524,5982.105855648235,-60251.92131960757,BENIGN
-263307976470614.56,-543117420274.00995,11430518.248762563,-37728111.712934226,-2779885.9430250823,9682020.48108032,-210409.3144868062,-2267.7917178236876,14035.50284849155,-131520.54056578336,BENIGN
120170543823077.19,-544563640263.20496,36849175.70814641,-21998408.045182887,-17290198.595201526,3884185.9333526804,-108677.07162336387,-25726.188900892717,15030.04197226997,-159646.83111327502,BENIGN
-215155068723041.56,-728278320772.8901,-61082780.374984756,16926856.324639164,-23521524.893544093,-2850208.505812524,6044.42300819447,-29325.583423234362,6533.325718866145,-31746.662457674178,BENIGN
-236040680766745.3,-710896296479.2242,-52379469.75743466,9207942.382293701,-15168397.5567444,-2387207.6998981447,14918.4766346184,-24712.156189461057,3050.022991029189,-31667.51100184886,BENIGN
1252868404675.5,-391829048328.83496,106941365.85109775,-80352046.31451236,8423383.970542286,-7946945.746650983,234632.36674645683,-20502.68425207746,4167.706576153145,-175068.76753637538,BENIGN
322076858597440.5,1880493661007.6611,-383383966.45562965,224571601.7938745,9138833.609527338,3468990.907171237,-177027.62840614576,532629.828030054,-97290.92481522264,1113874.6784811134,BENIGN
-111626411490216.84,4490062444469.5625,885879594.4419845,-686111679.1760721,11800378.326332536,-3143812.039645002,44671.42073656521,-236679.04223007365,32618.619543319674,60324.00376666875,BENIGN
311858925939247.0,-451336524486.2548,68260205.02134989,-27843698.13406415,-20993280.88592317,-1210213.8905437505,-13897.72650610657,-11175.159974047594,8014.262598761154,-97569.30274441515,BENIGN
-81866538048988.81,1646676086011.1357,-357787970.9340215,176218115.3861018,64826758.488822445,-12925922.08253815,468336.5272863942,132679.55298545997,-39967.35658801437,132717.45353499614,BENIGN
-12491469451182.312,-608882316431.0197,-23668820.696041718,7734208.692978971,-19149549.08283034,900027.2914966764,-89527.53969204743,-5108.467240836231,813.1526424852309,85666.29157397,BENIGN
3845710604462.1875,-513680821844.63586,3142877.491790533,-10311003.893901307,686275.5162126869,-2241902.404055715,54492.39719936228,-32181.26121377721,3287.911915324523,-38607.3895505815,BENIGN
-144396182963124.0,-695649674437.9792,-42148725.580339596,9920279.886756014,-25361510.007296804,-37640.0704883514,-57066.327371600884,-33108.850398650706,10267.833943441528,-75446.46208753392,BENIGN
-117393834800221.22,-666863343282.5846,-34204323.61444536,6703276.248700183,-18835445.812891543,4847681.905077247,-166839.12923785183,-11250.273112028335,7581.6856457847825,17583.401991775085,BENIGN
-198241328394336.12,-710351253517.0382,-48982267.442173764,10085521.959305592,-18294684.063332375,597388.9381246767,-50751.13744338488,-22095.744391456876,2166.9984856985975,-60022.72890921533,BENIGN
39502283066957.75,-7960801999.807739,113690743.94671161,-88595812.22509286,33226269.72605327,2337343.1023518504,39437.59288522572,-76877.28264296558,10656.208627079552,-88266.94016567446,BENIGN
-33130515487178.812,-488328185396.7623,20678377.716209486,-25271289.900324028,4575061.650427986,-357266.61351471813,18420.530056014803,-44839.674021469735,5622.458860960705,-36556.39739106035,BENIGN
-164223050117579.1,-611185696598.6477,96867695.6398971,81252965.20584817,-3103496.9564486854,-6923645.440309523,329888.0945258262,1281651.8815747967,-137029.2058277873,248618.87244319683,BENIGN
-291947780570382.2,-613150445956.429,-58729370.74048447,6873420.165993016,-6340540.888607845,-343068.824346493,-17480.806116342494,-3246.160313240467,-2537.8306473191406,4404.590389623372,BENIGN
-232554138250827.25,-619562108611.49,-26546423.100626796,-8996140.152818073,-981472.6494894549,-1340874.802802799,29418.428570700224,-31223.13029346944,2448.1052706265364,-51439.87606155618,BENIGN
-245800377816409.8,-481168814799.71545,73540585.89381708,-77576690.21688655,-12560647.210062645,8585862.11628736,-222836.31972199277,3362.6041022649006,11306.830170117548,-71393.81858670374,BENIGN
-282213299196802.6,-579791575604.87,8414991.686043829,-36456210.22402327,-16040298.981601447,10507529.465220638,-282155.42468956724,32967.835519745655,6284.711594476677,-23063.96125364633,BENIGN
-296094592434382.7,-674382871159.8547,-24572950.29214917,-14641621.747555632,-12093611.467558745,-1185666.22371478,-596.9714801395075,-35971.09020093172,5817.213902364474,-76975.63990674619,BENIGN
-309061680527689.3,65749444636.65283,220224658.07757008,-187960965.709209,-5717987.821454976,22475443.01119853,-546706.7504345289,48995.85296654849,14483.302677108044,45252.602283475055,BENIGN
-212095953593918.25,-723529823366.3989,-50378665.29533047,10078351.642142586,-25764832.015184067,-1404872.8039166166,-26259.566990767646,-29436.842311903572,8002.507051537268,-75298.02198959241,BENIGN
176448624034063.88,-518354946785.50183,37872319.62467992,-18323352.6361412,-18639231.361807767,321826.7579375836,-44953.26735143145,-36270.732105642346,10352.485507644935,-101314.93605207265,BENIGN
88152917079167.38,-568019448338.0013,20808720.63206108,-13787277.731792439,-20360460.0832443,774492.0901459409,-56351.969827723995,-36944.11550129588,12347.043822635362,-117827.71748450762,BENIGN
-142878911571301.22,-683351578987.7789,-52038039.10062935,16292176.765572762,-19977488.099561103,-1915373.4660315088,-6897.645769705244,-36452.573330668994,7859.329974634667,-37075.46390533762,BENIGN
-140255877910025.53,-672150534790.4352,-51628164.11317739,16013862.322628325,-15386133.520358868,-1731195.4760575038,2349.425484424466,-40117.893248017775,7662.399628407664,-49116.2411021119,BENIGN
-174729664570540.88,-686470491751.6064,-61252488.59940844,21105791.48511876,-15382532.337197445,-267372.96986281127,-176558.06236704392,11932.305043459794,-37694.35272900567,757358.8418381945,BENIGN
-57728913015529.81,-636694892538.8419,-22117100.057513744,3260979.103202354,-18217413.637967154,626339.5899393181,-65941.96053767687,-23701.19913097902,6129.008130542472,-5990.046872659263,BENIGN
125714388097201.0,-526419296858.28467,40415159.44392778,-23815934.743620064,-14705465.980082873,-748740.7160385721,-26878.86685078833,7676.486009957451,-1310.6874221075705,35570.48532078535,BENIGN
-294262771184275.94,-732334701634.215,-94404783.05829005,31973108.771552224,-10919768.871358827,-5300072.4146696115,92232.63823951673,-26666.723911704292,1444.7013054612362,-16433.90800584532,BENIGN
-299922654191086.06,-774247418417.1586,-79691810.5548853,22731567.294082165,-26272844.833162732,-2436916.9702266133,-12529.011539496885,-27349.659828562093,5784.563684764904,-24535.541916396607,BENIGN
-230691290569123.78,-424563018521.1672,97858107.23746715,-93157160.5877195,-14488816.975654341,3140117.429627796,-104482.70003600018,-12271.929004644398,8043.958807577965,-69892.06304534945,BENIGN
-201261604192849.3,-176678999640.34607,-41443229.99444493,-4669914.165943142,23841989.525066767,-1835063.8822829998,86302.96087157054,40446.10991190311,-12556.291391106928,113024.53803737217,BENIGN
174454698737167.2,-283165554571.9487,141640340.5313012,-90281915.05514796,14743026.03134593,-8535858.79997471,261554.1787002647,-20075.456837792364,2967.0938551817053,-160917.89501657698,BENIGN
-246349026640139.88,-692107327560.5839,-47331472.57808905,4763857.134907406,-15861296.107534997,-1217186.640515538,-16334.340639239468,-9777.427392272137,1444.7737365829125,-13955.749525711519,BENIGN
-159339368280111.2,-702594862553.3774,-43363392.103216276,9550938.418966372,-26302567.095447004,-2642499.056082618,3250.4186733690713,-38161.07782845065,9418.808413690826,-85285.64180804239,BENIGN
-112335414222107.03,-680025015906.8657,-33435286.080560133,6653913.309242293,-27787379.778424673,-2553566.323305933,-2530.5948446034545,-36856.20718813732,10440.470792421602,-83280.79147307907,BENIGN
-120744430948627.66,-634408817540.9042,-54238090.7781505,18660312.3925621,-10650107.37870124,-2860272.81048788,40519.99232853994,-26604.63272773372,3772.53362392274,-41653.277277255715,BENIGN
5907843397463.6875,-611261227267.2509,-73840.05066034198,-6281055.7118380405,-21850221.16126788,-803074.2716741315,-30030.651980097493,-27136.235955804346,8487.959748381654,-74709.46122032063,BENIGN
99330475398394.0,-511531715369.8711,33723305.741663545,-22149232.77810101,-13570213.356858857,3573093.086078173,-99263.70080867481,22274.791851066315,5742.68555249042,-63878.414006876636,BENIGN
47839963511680.06,1817752309770.8853,-399283489.1298391,213286543.1417752,1674909.2273731194,18509748.6882653,-606236.7362441786,378687.6187319801,-84645.92639830754,1349054.0494437944,BENIGN
106907361646734.88,-501001484324.99854,31696586.9786748,-20437045.11572339,-3639853.427796133,4169415.580865759,-96114.59865300897,-28133.6990212405,10117.348798615076,-75621.20511005542,BENIGN
52514703334266.44,-558590138061.9889,18757433.152996466,-15587850.198245954,-11536532.727920715,2148676.5745816096,-68167.23833370565,-32769.413199102375,11090.326762778484,-95552.83676192173,BENIGN
-133040838777774.16,-688412144841.2048,-40581448.89761554,9741243.383453641,-24490716.515850715,-1012436.3628043532,-34493.006570990095,-36030.25382148371,9744.28114898198,-64160.843010767916,BENIGN
-63316703916301.875,-653817201026.5078,-25452527.554079786,5204645.475491591,-26800575.953514654,-1839067.4221335838,-24153.910505271953,-26792.935312854523,8986.56113382443,-40814.5776777453,BENIGN
-242404339326797.2,-704293833849.5813,-56050843.91091026,10939908.409659479,-11395835.49135264,2545831.5422432073,-87999.07327419419,-18096.72179396841,4884.515621827417,-34467.34999674723,BENIGN
-253899466576476.25,-726714094913.8456,-69692742.15998878,19267159.55785963,-13897619.898240115,2289847.0584345968,-90032.01712408334,-17437.27373076993,5597.158668710632,-17690.31043881957,BENIGN
-260334166719109.88,5840476157.09375,298381316.1751749,-233813745.85270834,22122557.360281523,5114017.991268022,-66059.61738275003,-97016.74384561676,20692.270640633735,-98222.7368196817,BENIGN
-233277608494982.22,-560726997219.6847,-77239772.90630722,22811069.577821124,11006293.988722812,-1718635.9496729164,56293.02991718764,-52841.41859528164,834.558778650211,21582.66685026438,BENIGN
14537927785389.812,13823763998246.479,-950659090.230929,338638215.87777054,-100516804.5081845,-6346385.043164574,-14099.833509920029,77743.16213180436,19493.93050876346,-497844.49027510855,BENIGN
227318952315123.12,-493072922632.87897,49814188.61654128,-22269978.010730144,-18338457.332400523,-203086.61328183906,-32375.308502291366,-41470.50520055868,10002.632066282084,-103925.069416293,BENIGN
-304382396644899.7,-771961666823.0917,-78523444.33956015,21562734.79425626,-26496909.310169503,-1265691.3282083154,-45149.57685527869,-12041.884318088294,-1617.8575705918374,-28260.87987716318,BENIGN
-249049183207488.25,-661073101130.4177,-25423767.19562012,-10204911.690676037,-6472640.811600383,-4275037.128748407,71593.28923235237,-21439.14207433706,-748.0893108566524,18898.61621156543,BENIGN
-116705632173196.47,-638968886310.8625,1413404.0531046242,-17168617.425694775,-12937442.432970878,-2380085.674420073,36411.83184113604,-53116.081392632004,11395.766229978242,-130343.69348110881,BENIGN
-227006906900203.9,-622788010017.3466,7130452.645095423,-30454240.759546306,-2016268.518212799,-786145.9260843475,27654.933295028564,-50969.98168423747,10916.98189946637,-131659.52042175937,BENIGN
29275484890353.0,1023826483961.3707,-310608957.6135485,166949701.28762203,37779099.32156511,14833054.363451209,-270772.84685711603,70330.01697711524,-14581.322018776093,262844.15547946776,BENIGN
-43487138759320.31,-625834794739.603,-8752062.885522977,-4484137.278730553,-15974403.848407129,1120506.8778767954,-64450.56249629453,-28787.15114277201,7943.613451509787,-46293.32588459529,BENIGN
-281730330298445.75,-744768643935.8546,-83567947.09820609,26229185.576849207,-17495721.80133391,637169.8879478909,-61994.72960639857,-19304.843232854884,3320.712862633114,-30039.21253440365,BENIGN
-229846289657847.16,-737591973592.9155,-62376856.67502415,16663330.738711573,-24743022.90487637,-449957.9475581795,-49522.85460128235,-28386.07079590531,7283.95744202744,-56905.14621892709,BENIGN
178693039761590.7,-455104565394.6335,26503314.25831276,-11962252.30676468,-3118484.369795628,2605777.687331729,-54512.035456818165,-37259.07927867872,10777.800856540114,-109115.4494276387,BENIGN
-227570266099498.5,224283923357.69434,153127672.31206995,-140957123.12635416,35523940.191643864,7860064.058619898,-86551.54965598647,-61612.6486796922,12503.626203235286,-78939.42172708348,BENIGN
-35449186131074.94,-622546754917.5172,-2046566.7118968368,-8310080.162098493,-18771229.66873966,2326401.342113895,-89307.88715453091,-25274.463685249175,10738.021551311907,-98146.95710835276,BENIGN
-87774352336499.1,-636131939049.6881,-24034964.78914477,1845155.0870744176,-12317015.689075794,972664.9961069236,-48481.401578356046,-32379.778753491235,7560.968841328133,-66475.47128594527,BENIGN
-186566069635308.34,-181501195759.29834,-127359561.4426185,52836386.589891315,23037405.81746075,10566800.368249644,-253888.83009330655,-3440.5275568723628,-13718.199890402499,391872.90627336886,BENIGN
-220735713873054.94,3105250025033.3164,-482016544.96096385,217901954.8246031,36753094.12573394,14101298.7894543,-272785.35495761025,8262.051945314473,-12963.297512468092,286711.9253137815,BENIGN
-200642825701105.06,896103092517.6239,26964599.68763864,-68960592.96706419,47293556.229055226,8647947.739903575,-122365.0334711351,-26659.70187718722,-5030.384303258139,221164.3913789095,BENIGN
-232118056601102.94,-607201098421.5686,-48442484.69903152,5160428.070206597,-875537.8875140138,5151144.696089568,-128980.9978567171,-3913.195225979631,659.9604134820183,19676.757895205395,BENIGN
-68012200410850.03,-634892755162.32,-27099294.96911484,5501952.58839421,-14277659.012055699,-553606.368640848,-22335.6302897185,-38314.11159733002,7842.347318625798,-48279.20162044766,BENIGN
367272414413420.0,19059961260.77014,135165306.4455241,-75432835.5320407,28434038.03634319,2379849.495703857,27145.304754648834,-69275.34189007175,9972.996456770052,-85921.60844420921,BENIGN
81973921462676.25,-574996761143.7731,20870485.017795473,-14244783.837514047,-24436047.409162074,989018.2308466085,-68424.16229389644,-34086.02441061824,13600.154527517112,-133517.50296041666,BENIGN
-22234367172186.562,-617078139242.519,-5210172.036331221,-5213403.814850289,-18194359.02422048,379893.17077236716,-48399.62241155865,-30795.813884925905,9198.454376030873,-75552.84082477944,BENIGN
-182622587626272.78,-237966398691.1206,-209425284.43689018,107438178.31541999,10996693.801048923,-4466628.750072326,84471.14603220942,129637.98542858966,-32305.946884081313,355497.28082923684,BENIGN
-265939234636742.44,-747377444307.0471,-82657918.52564797,27023829.021328077,-19113143.598378837,-4587053.35753943,56945.34449322053,-24274.895097658093,4424.692152073818,-17169.476938679014,BENIGN
-171847191692628.34,-681698729418.7231,-63792038.70761089,21406806.783053227,-12509685.823414553,-2701341.0421985597,32800.225522432214,-38985.20662356869,5449.941594026048,-54205.648063547385,BENIGN
-198872579131920.28,-710822426132.9056,-54038818.23183432,13382428.160703178,-18547456.507300574,-1174914.144961721,-22232.421363592985,-31432.84746248844,2469.904620147845,-40055.022138793734,BENIGN
-262806784992676.25,-753357384097.9028,-69465461.59425078,18832221.821058903,-23995160.651294418,-1294357.0354951962,-36229.77347675198,-24606.062223844587,2074.754908580315,-27431.09345248744,BENIGN
-128224529091542.62,-664076173643.8247,-40796515.74659995,9963938.939315617,-14410069.800794847,342149.27676302847,-52445.4936394721,-28125.466892606186,3980.6181555698495,5317.5329318909935,BENIGN
507688349708124.4,-357186458274.2851,124125801.72006725,-49574420.77756089,-25576832.604409233,20141.333172070794,-39200.087197224035,-45956.469719224624,16572.395780433257,-211113.95220985758,BENIGN
103869881515902.94,-454557063823.2965,-2256825.9422754347,800588.7462510392,3383314.8738242052,-2434411.07976815,53249.849097788276,42689.877933115284,-11936.261599017502,108304.26072016836,BENIGN
124758297393635.75,5160256684097.169,-753226196.99747,383571314.65733254,9888481.082972523,-6225050.203830954,251521.53944235318,265593.84516921063,-28444.77527157012,-148654.8948919375,BENIGN
-41276604031537.56,2017641992378.8335,-59606841.971739374,-20169039.21404871,32567572.168328393,-4672719.933057346,133935.14810501694,95185.74162463154,-31264.558021421773,383470.85993439966,BENIGN
-37200465145021.81,-520405350022.42236,24475929.675636858,-27325207.95337389,5681535.853023503,18734058.4653752,-404347.0523569062,33987.3079026723,12688.370071616922,-2469.589876958744,BENIGN
43708923128836.0,257771528591.20166,-101051487.834421,46755988.390756935,36063965.26991971,29371115.134499133,-608169.6204356366,61853.16415659019,1909.188045390325,265798.50423536,BENIGN
-76443723745465.6,-647127923044.7666,-20940660.347993806,990721.5664750785,-19084901.98416201,-2741697.859348369,19907.176463424697,-32998.28543470004,7059.217888860672,-67914.30795894096,BENIGN
21373179964572.125,-561472106613.3528,25584815.07241355,-22563069.588776264,-10607397.649711676,-1754041.4299583284,21512.3295759572,-31806.705920446533,5963.8672567658505,-77427.2527167325,BENIGN
-262884430605555.62,-722597843617.2458,-56827102.03913794,10026359.92540158,-17188182.3598316,-1550173.12403119,-6962.281429878172,-22369.943815066876,3886.4004978134944,-47569.88794066599,BENIGN
-167331314380880.38,-653541493044.4915,-71449895.2447059,26329032.81442957,-9746217.335770845,-1828829.6260786757,12307.597731650869,-28154.548228057927,3718.19217103337,-1445.8388312886127,BENIGN
-209655268861022.94,-707960323494.049,-71274728.32610595,23804845.0795157,-17129238.48273068,-1405327.986152853,-27439.79176348021,-10390.919782833811,-986.5903720662391,63152.153404053,BENIGN
-195766585410920.1,-185696784360.24927,-219235195.72607732,113598972.29615992,14865316.58938073,3192020.049626767,-248087.310773726,239658.73783233864,-85097.82069333362,1353134.2673978035,BENIGN
-223328109339923.38,-621202711053.7527,-106269087.66207385,43992107.495993964,-6176923.705971938,-2107014.8212969312,-782.4190232757974,35155.90376983541,-12155.473531080053,199798.2696205795,BENIGN
357939849032709.0,-250914616708.307,14238234.853192583,7200540.430201549,8969363.04781076,-4805715.127291461,158998.47036935372,-3790.7376334918335,580.7379469541302,-135208.83138361893,BENIGN
-131841384531024.47,-681468464180.1488,-32129578.93782986,4272439.286571745,-24081116.97496774,2902351.7660063324,-122907.12693020012,-13110.379949237744,9092.630804422563,-56139.373376104464,BENIGN
-118672254603120.81,-665770907625.0725,-24320170.309292823,-68793.61128859594,-22147186.456744395,6729717.419286517,-190821.9340616867,4470.0825520593535,13014.716230410337,-118759.72586546114,BENIGN
-143521760361138.25,-693829357640.0914,-42648051.170137346,10318805.6992211,-24680983.757113103,-1988882.1916966368,-14131.296462667673,-37893.19408801,9509.832602728151,-52223.17640949854,BENIGN
-207686323509377.44,-722028409472.5173,-68673023.64219858,22422274.39507354,-23566673.23733949,-1538540.709293649,-30059.54712885433,-25942.238108932816,6307.115648376315,612.2450197005746,BENIGN
-31028830111849.688,1862234505289.7324,33695814.19520913,-77501238.76778515,61482387.125529245,-406438.9193018335,145216.20550619732,-60642.74592080104,-3830.0394355484423,90632.9709131539,BENIGN
13066893030096.688,3528315258138.117,421951889.28486466,-356929795.17641205,60808651.04574995,-2231806.1135460823,166324.89227577185,-180272.150391179,15064.400182315203,59039.16101956489,BENIGN
-226461504633978.4,-714755612178.0251,-78264451.0270406,26956067.60770462,-18475507.825948685,-3573037.3343246635,29531.33395344656,-12766.620220843259,2099.0909429924177,14012.605407472372,BENIGN
-191782387261903.94,-721014041500.3805,-57831873.373972066,16654655.323647415,-27401662.93658153,-2608865.4528501965,-9804.17628399984,-31445.099343983726,8186.03378347414,-28329.468523811804,BENIGN
26760590419699.188,339281898633.30774,202292225.01242596,-153860848.29792908,45003583.65020989,-920533.5069916439,160927.89932662313,-102225.59364238946,16527.17564401437,-201852.17896649512,BENIGN
-54802409140417.94,-624983140479.4639,-30718322.565152727,9158543.434368681,-16396333.962713059,1680572.0265798303,-111533.8016158032,-6243.6942936062205,-1537.4066307384855,148093.6365593223,BENIGN
153619636831043.8,-288323515864.9083,58182664.423655346,-37792942.427497864,15429681.752275098,-874978.706444527,73951.70283079451,-58675.47663763713,8831.900450709858,-123002.76054104662,BENIGN
-86955551424921.81,-666369478434.8566,-30629550.44061324,6898491.791635204,-27986452.281723652,-1079277.2831913475,-52747.84021507285,-21146.50914713236,7540.281335349144,6863.201511710518,BENIGN
-72557874667578.44,-614862930172.1835,-2366568.7297064066,-11392395.77348515,-9646148.840432141,9558060.261036195,-219684.2611087686,2438.9770524927008,14203.842788919621,-127461.61437013213,BENIGN
-23269937029700.875,1202454591776.3481,141939815.35862732,-134541817.4770652,47893489.08736661,29560696.213938527,-561033.6811425263,-12550.5240267421,22432.28821041872,79621.72598051635,BENIGN
103562316068140.88,-483115952803.36426,-2724487.030267924,1141655.2505368926,-900137.9070960097,-754183.1791181955,29920.90902842426,-47352.88252100146,8405.561074892645,-122427.59947779059,BENIGN
-82207750883861.84,-651056776690.0933,-21250297.069566354,788829.7882499434,-19807589.17652304,4962752.425265813,-152613.12193196555,-5141.569136125312,9800.089474200755,-80266.14183351921,BENIGN
-157552600352959.72,-688370569515.7086,-39215466.16508789,6853780.213244244,-21335245.880777657,4389512.541674627,-150134.91406963102,-3716.265841892702,8130.593290651526,-49399.59043651572,BENIGN
35346640911410.56,-575165322162.6644,11858447.971081913,-12210652.052915405,-13009256.02645168,3915593.1088840053,-113145.61874954177,-20018.73153370322,10079.88212860253,-78125.4741871792,BENIGN
14474750009271.812,-567595999348.8187,22562492.9081088,-20970961.580232847,-9396384.892187301,3708856.7860098793,-107890.44088790198,-23133.07589188528,7723.835740245791,-33491.0107857278,BENIGN
265852849625747.62,-310563342587.2062,147362887.27344334,-85654556.24307619,661247.0775791518,8002360.50852005,-166672.17492784766,-27486.55166109847,15813.884261833711,-96164.47929890781,BENIGN
-207639435915103.78,-712045245498.9325,-70129073.92344202,23210925.73418255,-19315388.028951332,-1545321.8178060194,-20517.080973126198,-13203.502366826646,2226.02813218761,10090.113682480755,BENIGN
-199532868301029.97,-710758538309.533,-52915523.44290213,12627966.672641143,-18944181.634139873,-1845570.3296758414,-6326.007316287034,-22412.534599004426,4103.981262482444,-30955.852173410498,BENIGN
234492661382028.75,-302972186163.95715,24461220.800994024,-8134541.078584317,2177042.733951006,1084367.8723862157,-53126.85010116662,54668.666960991286,-14291.466073176392,223307.20958274344,BENIGN
-203558667876758.44,-484818286016.2122,50233109.914134696,-58880896.121369496,-6902646.278710123,5568086.962309238,-126222.09682651234,22063.26487508342,5899.286170923675,-84512.52028023353,BENIGN
40985785832822.25,-296983111045.4703,-17629063.699240252,2440959.1085346527,14795021.63307761,-3185269.0809219363,109524.3562945206,43645.60385361048,-11892.619230012566,69236.96075432954,BENIGN
158488614752785.56,-259133743952.91217,31464234.270689607,-20759100.37145057,21005868.454477508,-8609393.963523228,286958.42223048856,-35771.05593732234,2556.7010107101523,-200364.09012989735,BENIGN
343752904473887.4,-349508394184.66394,43592833.731089935,-10393761.554024208,-7391470.64594562,-975905.7502329261,-20808.785021646952,133397.15465207933,-19395.211488065645,215405.08591829764,BENIGN
447642671746955.0,-271219494746.00684,88254262.10739692,-32653119.731649887,5263010.620222155,-4381798.456160678,128994.83502105379,40506.011572064715,-4373.894983116501,-58186.60076135475,BENIGN
-155105350972462.7,1152467807166.6333,-372000487.1318337,188028621.3171075,58138133.54614797,-540637.5657426589,184066.2184146974,-44959.308638138755,-5763.963740353964,-105907.51473373579,BENIGN
-178163775558842.84,-634217379526.1683,807191.1598161757,-21938270.516409393,-4918134.028024975,-3479635.2363583907,74320.3714799821,-40737.73655103554,6097.084528056708,-80264.22183593996,BENIGN
-236359899420701.3,-106537643809.26025,-205240054.61647707,97414195.2468528,26827960.814004216,-7266715.83772775,203958.70384993465,55251.9735562175,-24972.917733462236,220276.83524653988,BENIGN
94787242290144.94,-557266269659.3225,16666901.315750182,-10762424.55329832,-16166643.546935624,-3511537.256337134,55843.04999511859,-34487.021289393335,8968.10524069042,-125722.07420483162,BENIGN
-98202427534451.56,340129221891.1305,-19685368.157643154,-18409089.461368892,43659766.485288456,-984715.4231305011,-341.47039746374503,142457.37538638603,-59051.935649774765,860257.9407004459,BENIGN
-59429686719723.94,-579908407360.318,27707485.100105733,-30547091.187065203,-2977514.7021831647,-1619261.4131806765,49143.17998194606,-58362.523231416446,12031.043697687532,-155601.9175030196,BENIGN
27737411246809.188,-598345277288.6339,3414388.80779846,-6978163.400698084,-19469584.95079976,-234657.63903288497,-35742.79001890748,-36987.12292969819,10401.654307938126,-89838.59230855582,BENIGN
147641905422414.3,-509317329896.7357,18288100.615567774,-7781216.371301364,-12838600.792690538,-1040432.631832764,-31830.53977195439,16795.356797803426,-5545.746520764445,117690.97965006216,BENIGN
51616155959088.875,-560382581833.482,-2723015.818543583,-1586757.5212290324,-11778292.698516559,-2615551.76824193,30598.667665224424,-18922.757758631873,2475.326791375417,-30128.798934741262,BENIGN
-204204626738214.2,670429477771.3282,59132379.59414925,-86248249.1139743,42282405.31364341,15101385.92481986,-239019.11784994596,-12326.680224628188,10241.084150188337,-1375.3326910518408,BENIGN
-252103080157365.38,1154975836885.7134,252338997.3810385,-224758324.57207888,41365010.299104914,12064362.04282319,-179129.24431513532,-71142.46126083765,17997.25460033841,-50284.78190600165,BENIGN
202518589279733.88,-280587293434.41504,106766267.0343992,-65325433.29181807,13470496.111796822,8968504.82488021,-142651.10223921234,-28092.549519911165,17011.791682556275,-144547.02950242205,BENIGN
-97703051927566.9,2567413613501.741,120211365.25813587,-152950895.40057117,65331685.58722122,-570852.4610508,187421.0802205426,-151069.37836994065,16388.049852239837,-151694.56755692762,BENIGN
-148715611253997.5,-365590455740.79694,95700679.2120447,-86284653.16811067,24181635.59360769,-6002789.018641172,222102.48515723465,-97287.4801575575,12177.860327136597,-202904.78420825367,BENIGN
-179026513090622.0,2176880110623.276,-36431169.35905109,-50383424.080941245,60493547.82059306,7386356.092076493,-37770.55142452684,-61630.071072920284,810.9633876584194,91320.25063858015,BENIGN
-213793032332990.88,-727941935288.4619,-58656654.394799486,15412458.694598842,-22456819.62858367,-1869820.076245477,-10789.37765076206,-38661.31282442075,8308.560332960915,-56548.337334788186,BENIGN
-112637141549377.16,-650791756576.8438,-24191443.894787714,62460.63988953829,-11373099.808472667,-2404845.901080788,35415.515865666806,-47834.9577382998,8447.545632105124,-94674.90413683435,BENIGN
24776094943524.312,-584367694870.8291,-17484990.779112354,6340507.345998745,-18125883.54490649,-336462.5377405877,-51713.39889921462,-5245.748162192056,2209.7934707672757,50689.46518890854,BENIGN
-62975870690506.44,-643617334417.8995,-25921076.79726948,5573322.510546755,-20331954.501791287,-2387278.1101902933,-7334.697653143485,21180.511542893983,-1289.734928247708,62385.4799359394,BENIGN
-16190889461193.312,-627984331750.3616,-13405380.428765282,883260.8515232243,-25484461.856636878,-2590955.4309560955,3980.966304969026,4197.981886271933,6395.905601775525,-53374.818863418936,BENIGN
-135408879056261.88,-660546230688.025,-25201460.018006295,-1005444.1166335419,-12712861.442595638,-4095585.097125016,71602.47917571364,-36729.73420372896,5520.508239695133,-90835.55732623774,BENIGN
-59842325378656.25,-625220164749.4309,-10507932.459388614,-4828462.8528947495,-13430557.686745387,-3737086.4958075155,62268.994028087865,-34259.05438305168,6487.212299501538,-91244.115142616,BENIGN
-268178402955378.44,993717702369.5121,-201550315.88188344,72473361.22581872,23326829.460214872,24390787.693738706,-589038.9335255449,126877.07638504135,-23592.16974083052,590139.1114485166,BENIGN
-193505075849536.12,-513853649177.3688,-62394363.536736675,15974802.195195789,7606074.679971371,4531177.786480272,-119921.70052973666,-14992.928915800734,-4249.153376759088,173952.20405584926,BENIGN
-130486948934138.94,-627831350116.8978,-11193518.196458712,-10119226.988462556,-10252110.094820455,-1781277.4304317813,13539.939867708537,-8318.919111378043,1960.786215515447,-14496.857471606003,BENIGN
-190715257482465.0,-590776054161.9402,-34322254.266745746,-972136.4356126562,4819514.513984691,-4116268.5272381417,109627.21863072629,-24832.81336916237,-885.6505483466499,-47377.308975497246,BENIGN
-26871966091162.438,-424460486447.07715,-56689086.558698036,24771137.09370157,7221731.847311262,-2304786.79587874,34900.123723495155,50231.46601613644,-17514.108069723043,234606.80791742768,BENIGN
-53418346995226.0,8441760568473.943,437730944.7527826,-466131046.8047788,33260031.2019027,-13517189.974149883,467292.789411396,-135570.84474386604,42862.59833209992,-567351.9450020173,BENIGN
-83349012054606.22,-599261041318.868,7599268.883286744,-19057669.885524843,-6361796.4941849,-3423237.8273103386,71378.56820308408,-47041.69705570219,4224.756709489589,-89922.24253259614,BENIGN
74517768326336.38,-232905071160.80396,131004894.37770577,-92691917.15677541,22052472.4874879,-5094084.715079882,183532.06532305805,-70291.68360657454,6339.3332423282045,-109732.19138291953,BENIGN
372964926081664.0,-344318061401.85974,100146972.76064743,-45355819.828751385,-645145.7274388298,-3403276.0900072255,88576.62998713696,-6422.233845199866,2162.7463929650876,-80979.21139040167,BENIGN
424944310512674.75,-296450209993.67255,129083008.5408781,-60859350.78170097,2414791.3027953096,-3805235.3734184336,120706.96920115185,-43321.959071616046,8911.456840848128,-181940.93866239645,BENIGN
12822866910750.375,-504972031079.61316,-11571154.020492196,-16347.715704906732,-3321977.5881831683,-2166754.6229349826,35411.10996192324,13362.517861967772,-3589.8020830632813,33709.78189707384,BENIGN
-170132864001291.3,-596605056024.9828,-33664573.250214346,345049.214787174,3979927.8899451606,-3262948.6658461136,93472.58183298878,-55251.96545310525,6265.669006823518,-92091.95626623846,BENIGN
-112211068678155.1,-616527784191.7396,-9731637.435050517,-9768301.776746374,-5977134.056764845,537916.8549948065,-30365.712507427477,-33640.35207755765,5724.560246979378,-21554.790515652232,BENIGN
30486573705825.125,94712235304.46606,-67865950.40613887,26394383.210408337,35857363.44040109,-8635160.957875222,315490.0793095509,2207.161608454495,-6643.767718944608,-113547.83458018716,BENIGN
72816347323048.12,-327007636481.9502,-18287889.46149358,5947680.647739373,16748652.199023578,-5719268.628745556,175164.05130098187,-9275.815155279592,-7220.536234525112,2461.721391880754,BENIGN
136013355456889.5,-282921164455.6631,38612572.51713644,-26767115.671448465,23446133.09978238,-9628151.157489179,309545.78111949476,-32833.98058561113,1074.163435088558,-172853.85861409473,BENIGN
249434775670223.5,-454596110481.3766,63305320.626983896,-29943349.26568384,-7570634.036090285,-4435469.459112238,107017.48899792538,-20788.45108797607,6036.845447956868,-150376.5890169051,BENIGN
444133026006370.25,-372565993123.68646,110485632.3103273,-45597720.93207328,-14389058.555787541,-2158296.74634379,34437.72637512407,7044.088245716546,5452.141942691262,-125227.048512574,BENIGN
124850923767554.0,-103418132451.89062,206486165.9781912,-139809203.86535037,21421140.316980075,-6835351.136554187,221443.91156148043,-77014.9195784781,5777.2599071894,-95724.10696282148,BENIGN
-65184654619885.0,-340945243945.3836,23926729.33093892,-30938503.881922383,14148036.05690534,-3639951.088820137,-1412.7125732311952,259912.55687583977,-67744.11810833965,891531.5570166016,BENIGN
120026791794730.56,-503056732109.21454,28594236.399971023,-17337204.126350094,-6106977.160618156,-96513.97761140205,-3017.4844935464926,-38569.77384278315,9072.393690575267,-97937.35884991245,BENIGN
108597610010480.25,-453171781648.2318,21689827.246822834,-14825843.211151693,4310096.438488152,-2434091.4806159716,82179.26194732502,-49833.812538853344,8006.625530295518,-126308.42614518228,BENIGN
116752039629396.06,-394187215680.6012,19672112.43303126,-13542230.194741119,4159852.244446244,-4766723.293372415,115023.12321648732,43982.15163382076,-9189.867940776314,54985.2737188776,BENIGN
94635284493923.19,-472749863533.55304,2124377.2520234585,-2321208.529467702,-3814045.4106316306,-1974006.7157014085,12635.545501709137,65418.99212958164,-15640.627853587659,181312.77918359166,BENIGN
167004499622648.06,3476061494288.7285,-333439831.3472863,147520290.94559994,39424376.14477602,-3991772.676519381,167957.9718444489,217315.34258294952,-44463.611632818865,369553.27107963874,BENIGN
4819670428640.375,-122937717059.39465,-87029066.92829663,41118608.962991595,26750656.034067083,-5700313.175913896,188968.42553795694,15592.359141380846,-13312.573021903914,77702.22623365273,BENIGN
-89015294290721.44,-626976587891.8347,-3462569.4590094686,-11851902.150420014,-10734882.212637797,-787333.2502464121,3028.5832985517573,-43712.982506519125,10407.271893322937,-109367.01105853738,BENIGN
-164137690433881.16,-639019216426.0955,-11481139.3466423,-12722880.808240611,-6709905.016820088,-654926.4110708232,7095.838448647075,-43968.42624375688,9226.248924319345,-93931.20168474238,BENIGN
-75058975362474.75,-611454115980.9521,-38839205.6910493,12058159.845211484,-7752307.98690027,-2112423.961421774,31052.62255173593,-37993.35289465987,4079.4856165955425,-54009.03302091566,BENIGN
-66649683399429.31,-550372700796.2169,-31363465.959727317,6786185.713295467,605856.514175877,-61887.870916255284,5644.90995770221,-37945.18856953422,5438.3861134533,-51398.91222200819,BENIGN
65074429565083.69,-569708648569.133,6284991.296984866,-6026071.810850967,-17484591.117567383,-1600479.354052368,-13173.315138554859,-2686.066104114552,2320.0571855839517,9805.23947297583,BENIGN
485206449732070.5,-151721484350.20312,150321592.2441777,-72192630.53511414,15835537.701252911,-4175059.1576651037,158705.27741796905,-37204.63068642959,4731.664678383018,-136860.96705195375,BENIGN
270754666495967.25,-214033096482.87537,43692766.10791026,-19562881.286175076,16761596.504345667,-2847810.746219704,101551.80225174212,11596.489678142942,-8013.309930850803,56329.00332635291,BENIGN
-25801322883225.5,-316039461517.369,130676551.93995078,-99269655.97779585,15766807.356843192,-7152980.775769386,206115.76321318126,-58114.2653221075,2773.534665256546,-65198.15692909499,BENIGN
98926375096941.19,-523121039287.4413,49403240.33745496,-32226773.601408903,-10838851.445928339,-2554472.709116793,42117.81743666812,-33576.168581701444,7253.708304318174,-96520.3395888653,BENIGN
76733287919311.0,-576057850133.3503,13080528.976451114,-9562520.93695091,-20953521.534030974,-1903077.7870080017,285.2132199834796,-41061.591499968206,10814.226116216534,-101344.03279978005,BENIGN
294080145156115.25,-449962880650.47473,72218115.25852625,-32119446.404258225,-13420050.14263605,-1661678.22584861,25961.815199131855,-51816.76156471986,13474.432664306205,-181079.61674823056,BENIGN
135759427869328.31,-225101320418.83008,239888147.96551526,-20564169.39455202,-16572313.364454165,579618.3460928453,58767.74200445319,624288.9335741773,-103696.02863436157,219558.1736286941,BENIGN
73651005858524.31,-498755260268.8693,-6014178.164448008,1212539.260695804,-2707321.7116919607,-4744385.206662919,111700.13597298572,-439.4324452292349,-2785.626744493995,-43555.878445153045,BENIGN
290314944769905.6,-331643119081.596,49805501.69438009,-19991971.721125644,8815096.81917743,-1611005.4537333823,73239.38984657894,-35454.143514726326,5826.810093206739,-108839.00205362041,BENIGN
44044490219586.0,-114459683814.32605,-133279853.22489446,74290972.71148273,21324340.65844355,3796225.99043781,-47427.74681168709,5268.45031777272,-7132.660266922701,105087.32140090506,BENIGN
333258697875285.25,431721091189.8319,-41104495.52906919,28240108.284197826,41854733.81825264,-13110784.21428043,438520.29380302405,44099.10116129393,-14373.95829484276,-107924.44093508972,BENIGN
-127390404355712.88,-453643531659.03577,6414767.345866933,-24889181.576817717,16406325.98665965,-8358690.398783535,260165.04035806013,-56872.5403713505,521.9171402115826,-159440.5299775044,BENIGN
254278513840117.25,-354776277117.4855,12841205.69081992,1659496.1027779765,3024770.1829228066,2666405.6887199716,-65195.78489601849,-19544.08336805242,410.6437031727546,45930.39733670427,BENIGN
247343777100677.75,-306921590072.74896,53281871.5548145,-25860189.75971512,8851816.98376805,4432706.364947734,-105818.16927209591,-8319.236130385143,-2634.06618339715,133884.5513773291,BENIGN
16913987029066.125,-582493862033.5593,-1130413.646241501,-5197830.445840988,-12473186.209267754,-744437.075028602,-11260.92185005872,-40092.60774136409,8014.353450905215,-64018.492288392314,BENIGN
21609882220415.438,-601659141776.0623,-2587382.977630675,-3527938.7887080275,-19618982.068985812,-370305.22531895665,-34589.995633162536,-36878.055230395155,9818.9128669126,-81974.43219697344,BENIGN
-94872440603076.47,-654624323323.8492,-25489413.582196593,2535039.738321848,-16549147.110839631,-1342491.2414254542,-6822.744262767987,-39059.88618875505,8491.180510527975,-64924.608086637134,BENIGN
-102398439410275.88,-639360798363.0579,-18993534.020444915,-2678835.221724458,-11580971.00400535,-1200160.2553844776,9524.4008871542,-39812.40706492592,7069.239708239929,-104606.84959741158,BENIGN
123180501704154.31,-350539246687.131,-31712811.22015287,19049269.11049342,12568839.386642616,-4068844.9035381563,147953.5811904424,-37831.27088143384,4614.409384104292,-148656.87088733693,BENIGN
-111062551636840.1,3338830026614.331,-565504941.5972393,276627759.33445585,28278762.64470871,4676000.733773168,-46255.694909446276,52628.33462102172,-17681.065176932883,152860.40670289705,BENIGN
-193267109273698.47,1693303694343.7456,-302082466.817051,129925858.55553807,45168653.27636935,5457538.203794379,-38144.45809343041,3606.4771103457424,-13139.092702085385,190087.65854521727,BENIGN
385832954196355.5,-144644614292.44092,3604981.194445312,14867931.811559225,5051632.262872536,6206656.490792496,-144370.13997844068,5682.966464711793,-435.20175504706276,77549.70421450524,BENIGN
-64312752212013.75,-193899712607.3269,120693750.92105038,-98505647.45308627,26675529.119497012,-399076.07838806836,93227.84009952363,-86902.89618999753,12037.65673042768,-145888.27788218504,BENIGN
-57755860284027.81,762352512972.5778,-145275244.29506665,56580034.055232815,60104924.50506878,-11649097.71104632,439393.9452377573,-43912.473036080904,-8497.533368445522,-101765.8940114645,BENIGN
-4918118052349.75,520728782936.5917,-239826910.50682497,127804629.52765237,31996385.16329689,4262729.388979662,-64652.61545715309,75307.58264829652,-25191.517556441748,352221.82528534357,BENIGN
-195884018143509.8,1673431224567.642,216284416.71532178,-206278899.63914752,37526074.61075507,19912795.019218136,-347283.28889223264,33587.159777046814,18797.838230443875,-51247.664953407046,BENIGN
24329309863734.438,1707843635294.1836,-176671179.76557592,66987099.42042144,43072297.04453255,-7400167.139562711,245729.83992431095,139798.54798139143,-37953.49252179961,324204.7328286655,BENIGN
-1135636716966.0,993544638302.5092,-47210353.805724666,-5168807.858989518,46998392.882316336,7052139.947241694,-165273.88459475953,-46831.321362732546,-28894.555770390136,662623.2260005766,BENIGN
-26001651583156.875,3139343147865.061,-443925228.16383266,208642491.93747813,37692665.75285603,7265889.168568257,-85555.44681499747,-4889.578744146696,-9231.78106205553,130226.4610109127,BENIGN
-115969962852743.34,-349536440300.93634,-22372476.562603697,-6966876.721039016,21377254.448505726,-2135094.7055139323,104453.19548971404,-51872.18276800965,2264.4608528944773,-43402.568430157175,BENIGN
-95530077068877.4,-388081524780.07416,-88647267.85254773,38470142.89772443,16886922.219770167,-1185954.0233778337,70945.92924298524,-43154.098485486305,1785.8496604753964,-30787.986477473125,BENIGN
198004499990618.56,-470065421700.0163,48767469.9538853,-24276119.328689646,-9906169.323828556,-2215740.241863249,29591.641316510726,21132.671724934706,-832.8977283595086,-15500.691817016428,BENIGN
34613182060717.625,-526590495955.451,45644579.69185139,-35127902.44070904,-6803404.826163664,-3783736.822038789,79997.49401304223,-29973.62381029922,5696.221967346828,-90740.51679864814,BENIGN
-129295005667219.28,-676103103802.0736,-29367869.550306164,2533789.069303654,-20217266.625606894,-3169227.501879113,28963.294979151407,-33543.72252553319,7456.237809903738,-75901.06124535999,BENIGN
-47824279257947.69,-627599132904.4896,-6173981.283427864,-6593589.342057411,-17524739.665681317,-3169267.2016094076,39849.87548847603,-34492.397858269374,7746.55998987746,-97906.5419635475,BENIGN
110861331263481.06,-547335387621.0065,34600498.1573482,-21134335.332483415,-14356586.711078823,-2657870.958916172,29205.547082046807,-42718.07599921644,7011.296610191381,-72949.3986414888,BENIGN
56526591900687.56,-591760842740.895,8413856.561007723,-7958919.712760348,-26163698.22401321,-721109.9132097759,-39077.89693979507,-40927.90941764779,12815.91432461084,-109642.6525231915,BENIGN
45098991835258.875,-592781748176.1194,8674149.68490912,-9086715.99137998,-20787104.25139732,-1657168.8951085608,-2844.0515619522857,-47033.804489882685,11761.333533278503,-115387.93106091858,BENIGN
-116707640183704.31,-681295936344.2816,-34965916.48715439,7339822.630838729,-26243788.177998193,-916417.4146852349,-41081.413771537045,-36753.767997286974,10676.054921925865,-65349.73534658892,BENIGN
298970502190888.4,-452953686743.1325,69946477.78437458,-29669451.476984758,-15496222.506023943,-1135158.280673504,-38713.73191681485,-21505.737738437634,-1078.120215566385,87267.91432186135,BENIGN
32055183713402.625,-599590804067.0796,5848654.352997199,-8226595.609707419,-21512084.064714693,-1394508.5559155277,-10137.29205296212,-44991.06803943838,12083.629489906521,-116926.58867034761,BENIGN
-14763344714091.0,-626516909444.7693,-5472068.367731214,-4052529.4511207826,-24361165.598024856,-1382243.689422496,-43939.10067276996,-32053.2557036371,4965.387066060925,28085.39198471728,BENIGN
-171016565365046.12,-708418804313.084,-45132707.97563407,9834679.877736285,-25462055.180675298,-2358262.372907918,-2842.77265134806,-42329.32056707249,10774.6434860283,-78666.95776648783,BENIGN
133394729170739.38,-466668338679.38824,20638321.926826,-11880996.177187983,1858377.3424152173,-6362887.100587515,176435.8103114894,-39715.411954560885,5920.850518933297,-170526.15789240858,BENIGN
68808032553794.44,-582095528493.1104,15269318.33740136,-10930938.50060187,-22862628.983807366,-2047152.0424172792,-50352.10798165745,22506.244795461345,-8531.441873418187,204021.18402614334,BENIGN
548929795824514.6,21108999243947.285,-1771021054.9462712,780862638.3522513,-383969510.116484,38974694.14178533,-1898913.4788912206,564764.9073427925,-12046.057038171253,458249.4443240246,BENIGN
513171151848098.0,122643067827.45642,-9909902.560704514,31858487.787817948,-929957.6199182868,19114318.597164705,-635024.2025708784,348855.5094970257,-74898.17405040773,1310882.9698804156,BENIGN
-36729098430176.375,-628441449961.5981,-10406174.510577068,-2888138.3364785425,-18165496.759705376,-515761.07233794266,-25416.64807158388,-39320.50220594814,10286.993504323666,-92015.13216008604,BENIGN
180875229932683.62,-297433199150.9781,-61620255.402180836,42715598.79956057,3454788.2247218825,407582.2748058401,-10807.934439159337,8883.176486411885,-3476.8503966517965,53963.52232789339,BENIGN
-97034453219891.31,-665727500737.98,-29435642.021256648,5178198.763461284,-22535862.20854356,-1277301.7061261286,-27549.637771464244,-18284.62728259201,3141.5873145077057,-33964.997842959034,BENIGN
343074703758564.9,59452848187.17163,-40077806.996729344,36739641.79709208,13183089.739512775,862935.2295580516,-56860.84012135661,199811.6012456101,-43389.8946936503,547346.7926700239,BENIGN
68195271798683.94,281110967379.86816,-185381429.81021512,103897347.58711137,16207281.60294092,-314391.1564130327,-42864.038883080124,229928.0988078387,-55152.669275586144,691396.7909826116,BENIGN
87465280950133.81,-304508670004.83234,-36959344.0712031,19463807.75996376,9359426.614637371,-552759.4728435599,-7395.075336256587,66064.85584770364,-21364.57776280767,293638.8094672852,BENIGN
193873918705957.8,-500851551143.2968,45466310.43301584,-22169730.092097286,-14283840.32574613,-2038748.8842693765,26845.458601413808,-40225.15081903257,9808.197859189651,-133726.39497594282,BENIGN
-256290392021777.94,772952631212.2067,-415099964.0473858,214600422.02171764,34155535.50754453,78010.60670140618,108479.88916452011,-20471.064209446587,-7640.339316410724,-120783.44062949863,BENIGN
-244880683978523.25,2827148802298.101,-526379931.60864735,248176467.0746266,65690703.97913584,-11312711.621874783,525553.7905601836,-141154.93865534043,11390.792217322876,-594829.5800983922,BENIGN
110486679826856.5,-564549448188.8632,22378499.020431533,-13006079.15567575,-27468725.475705527,-1863454.091116273,-10754.302329415872,-35608.25111752191,12699.797575391483,-126027.67804865827,BENIGN
38842876561897.06,-592839632121.3691,4605728.5287729055,-6889552.247657631,-21491939.19067759,-1687556.7103328807,-8366.809467703275,-25933.966759853713,7959.025761684556,-76037.48651183062,BENIGN
-208523537751698.3,-672292456792.819,-48327742.487090215,8200051.140285015,-8397874.58481929,1689574.4975984753,-62016.88912525673,-21144.942183258576,4705.215392302936,-23540.5445975361,BENIGN
-176793318834871.25,-682668949216.9736,-34159013.10235291,1785246.8186808303,-14632916.58692589,673170.7364352881,-47120.98126479861,-35278.59873227995,9402.543665330719,-69671.84675836124,BENIGN
152608780397604.2,-528671281722.734,36989469.66567044,-19614153.676970977,-16770026.745306447,-2246671.617943407,27399.367617391577,-34162.09497098466,6903.901402829088,-114871.51729299928,BENIGN
161221354327396.12,-458518350441.1967,58548719.696990445,-34161392.07905692,-2367417.4785673767,-5438552.652980154,138726.24017447504,-15105.280209659628,3816.9937767822266,-123603.01408095917,BENIGN
-215023432223160.34,4025333143113.918,148628746.76193577,-208418722.01017144,32341993.863628734,-13412713.47978882,404014.7059474162,-21402.469716629603,159.92778275517048,-145949.8292005068,BENIGN
-37135766916350.94,139909008018.58362,67799287.19590919,-67833667.57867073,30615859.14677846,-6324205.695411719,218265.57001371845,-14260.185314236449,-7584.012610906324,29350.99818278078,BENIGN
-60008479108970.0,1467575990914.1401,-87785720.38242508,7480811.473134138,51326850.33410254,-11331377.35506634,316646.9575698594,265458.4683421819,-65380.42580905001,639238.9152757054,BENIGN
-76475017562628.78,627228290451.5331,-253334198.82308394,128552535.8421714,33789700.25090912,11185559.736589618,-219752.6439232071,72344.58693573179,-21126.650126066623,360437.82540846197,BENIGN
-45047818105864.19,-630402015961.0309,-9663701.21305491,-4063154.0070475675,-17589512.807673037,-837016.146476808,-14048.170320982532,-43303.704958628136,11367.637884001644,-107345.38552084044,BENIGN
7485764218096.375,-407358339893.2106,60370044.98792566,-3561311.402396053,3499234.354515251,190229.77171834977,109786.1301667425,489008.37391763774,-76659.2872236206,50286.0170739753,BENIGN
210414291855559.38,435861134765.33923,-103464771.73602344,59294969.79009871,24002889.027015273,17321218.71985689,-399186.5725669214,68317.0051755734,-16102.342506784258,434158.5587597565,BENIGN
462944970383494.25,46138566135.664795,104372248.77178831,-47692757.497079685,35292850.8043914,-3432447.5981688034,151080.6616563768,-73857.12723715199,-3989.265939683126,50147.608781238094,BENIGN
61560308757604.625,-565416985066.8711,19381315.772724807,-15161799.206663925,-13724972.907603394,742022.2315073954,-37109.36935361277,-38999.41160905489,12094.856358684705,-124209.59066432953,BENIGN
-76466739679247.5,-636200172019.7639,-20852809.812539324,702854.5311820507,-12955102.77049052,-697492.5825347509,-9895.322921327643,-42891.59939900495,9428.396235942197,-81158.95794747098,BENIGN
300530324726947.4,-392814145353.31195,43585472.675303325,-13720565.249668408,-6732157.745548032,-2581752.106200769,43064.68155926249,20136.721550797956,-2031.883424611693,-7495.981431763939,BENIGN
129945332819281.75,-425596245291.84644,-3317310.528437227,3082214.9084561057,2417325.69583204,-4147644.94407567,95608.75133905465,47174.20456372072,-9676.30435081703,62369.212184243406,BENIGN
48581252807442.44,1392538884437.9702,-305486269.6944725,157891907.11972046,56870904.153111205,-16005313.595625356,534658.091934812,131837.58630457474,-33370.24669362465,22461.66067525388,BENIGN
-196669340927920.75,-19252169113.60901,-98063345.4383298,29105217.668499976,41972184.450696364,-7351620.809417095,296355.68749950343,25876.807590473174,-14623.075620516007,-42179.219396773886,BENIGN
-95627408216719.94,-631994767975.939,-31258745.804928973,6005444.971384123,-13236358.974766266,-2019540.3638298542,3686.9304508631812,4656.878014447175,-1288.5233671033675,37736.7643498507,BENIGN
2155241038905.75,-576426948122.7427,-21641376.17518367,6997476.613506857,-12441048.7524857,-3268399.5724707274,36372.78726783165,27621.72622335743,-3718.054274572125,48102.86078391276,BENIGN
34775678598768.625,-503540358496.809,-9520889.885142028,268712.8861968927,1318722.9009034634,-5570509.594237005,139642.2918115938,-17803.257155029878,107.54488364435383,-64457.13797457006,BENIGN
20799496742018.812,-534772491493.0448,-24701591.423688486,9668840.593166139,-7241241.416771561,-2142340.676589709,29268.08123919809,8066.735178009723,-3663.013131199117,14838.275731602414,BENIGN
-71445442831852.34,-337129762519.599,-83666457.88303128,36694376.44570563,18898590.871427644,1448579.118182004,-17595.00907933208,-19546.06588621707,-7880.75495512857,169147.82919350336,BENIGN
34829664836289.438,438066641208.9579,-188391922.17842627,101989548.11245827,3522653.0408641137,26166209.059128195,-852399.7176004495,306684.39246013813,-85675.19219473736,1686068.1384561067,BENIGN
-150223631301317.4,-127312461847.87671,-78189596.64303224,22594331.20414992,29761031.777215946,7220071.965472121,-118773.52212725795,-4858.397999215271,-5830.348526275855,166780.96285153468,BENIGN
-184467839404336.03,2303986030735.265,-388278074.9505025,175116722.3287685,63048013.057891995,8963990.645564012,-76470.07996588641,-9558.448344615983,-14821.070754745677,223289.78032597413,BENIGN
-93822298134422.31,11372204197416.64,-723516239.8561895,227502253.95813966,-28810038.729408916,-7344719.07872235,227114.2676710181,-224219.9651801607,52893.354430827676,-896511.0201295868,BENIGN
34388590602322.688,-600389639752.7944,2419555.6885513216,-5633465.838371668,-22961683.988538206,-2470597.0674703214,-791.9610959133897,-22630.235678512523,6131.555221236813,-38278.81806489932,BENIGN
26905159431688.188,-600399168841.6116,2382107.646606222,-6296124.424121257,-21409191.65053128,-2606317.5297219357,14411.092234828564,-16344.301022124297,6580.786083870047,-72444.96172005637,BENIGN
42479455109770.06,-591123935347.734,12753527.844645739,-11905146.302937131,-22184564.40476293,-2235287.3156918366,5367.640668874226,-19480.378054134148,7305.636988646038,-82725.88476165361,BENIGN
-42668999873344.19,-640620377325.6938,-12053146.333452418,-2112172.210058823,-24942076.618898567,-2322099.0640701195,988.9919386469774,-35146.30431640175,7798.035776936173,-96987.32088817804,BENIGN
-21323268091547.875,-462323751041.22296,18735949.549165174,-23536214.506954346,7811287.467927624,-6445058.609559548,176377.53855480088,-15089.451414284671,-1549.5856368386558,-59698.178995596245,BENIGN
-41118302017114.31,-535629919600.8519,-54360072.32075969,23738426.809199058,-136365.97936701775,-5636332.1393866725,130701.59982339042,35416.97280523101,-6586.117010697084,15694.465647925303,BENIGN
-35152166171599.5,-634676354382.1006,-15763624.204744488,920724.7964168377,-22992503.930015735,-2616414.363683338,5421.909477752033,-22358.677999756,6700.306646688667,-49949.322789706064,BENIGN
-226005582674272.0,882646995263.1412,-336430016.0568973,163987493.64760804,37551281.77103618,-4644804.590804968,236988.626413016,-35717.1768929329,-6188.439876228189,-179307.58469384906,BENIGN
17480812549219.375,-559401466603.324,32693164.246142387,-27607280.259343084,-9191119.485078543,-3315647.0100462865,66514.73066103453,-39696.12039341984,7977.046116140427,-114720.36636875509,BENIGN
-122835106430248.28,-663467849328.4312,-32635847.8206843,5014487.398547906,-15245323.959512226,-2852413.9298830717,30141.059127579716,-23832.357766974015,4022.3893071473467,-49293.8828113274,BENIGN
-65868496463148.69,-615924889022.4395,-38221779.48661344,12694197.941027429,-13456269.011990525,-3596241.162031867,43823.5389799586,8820.069697736824,-1118.3709643853726,20639.026495257393,BENIGN
250961700183863.38,88106553411.55457,-42855876.13975222,29133348.263254378,26277859.017602798,1090250.9952361225,39624.261966499704,-5168.582094054624,-3763.6475355341136,25003.06210794203,BENIGN
106543377892608.62,-353478608905.566,-2534470.182755634,-1304346.2386957593,16813632.983309034,-516288.9767988692,83582.34284114899,-61990.60823557246,11401.551904675161,-195169.0315332805,BENIGN
2880522817489.9375,-344357661618.25146,-87317166.86379589,45136222.12533853,13861380.99982104,-5800791.389256474,176111.77919367052,23253.4888093673,-7948.496974851449,-17837.282340656213,BENIGN
-102055453744148.66,-390575258812.12933,-63813905.74632405,21706125.56834802,20630168.708455037,-9628988.66963937,293584.750405905,-24974.860415311563,-2385.116690282306,-121983.87899712645,BENIGN
127117005281562.44,-540573301642.81384,27630414.194521725,-15445086.49454185,-15899935.474061698,-1520072.5093008094,6665.483062030606,-41728.30835816766,10080.226682935896,-114469.33848193428,BENIGN
1215759536729.625,-77202016690.32251,-100443950.02816366,51330638.50500955,16936311.90543781,-389207.48057144973,-180510.20056796295,250176.57673529076,-93688.9200774658,1460605.5055446925,BENIGN
-15092037441309.125,-603827687959.579,2596424.026590124,-9969209.373129759,-13328396.483165596,-3983189.3520507864,70150.7154470807,-31684.944829160944,6501.403310891266,-98782.55961626698,BENIGN
120648860385716.25,-548493763837.6684,28248136.370543435,-16275760.107277106,-18506189.05922461,-2994485.2835875126,38826.00993336948,-39057.58645012515,10075.320024485725,-133703.10449804488,BENIGN
109821301012256.94,-413972437462.7785,85778618.20691334,-57114790.351387784,9117212.23560654,-592175.5929374536,59664.08582297755,-71215.82059598833,14176.41783841141,-181044.87015162167,BENIGN
3436746084189.4375,1717202139932.0908,-331861144.6650477,165654358.08027253,54942684.16533573,12759930.590672372,-201216.0521697781,26578.418425844342,-19623.873420706033,355057.1545146188,BENIGN
204004445420774.7,-364539662483.05493,96202064.466298,-56782100.524222836,7976102.742658999,-5547499.556592382,167644.57661049467,-41747.626247451335,5139.327234023567,-136513.87761659783,BENIGN
127072620650102.25,-494732646599.7407,16727516.670414641,-8984916.289561857,-8521180.759568915,-3033951.7167242984,47434.82190635901,14480.791072970474,-2384.9704639085357,4624.992815403486,BENIGN
-186121132044944.53,-364664009117.6237,-38825537.308812894,-2075814.8911983743,25560858.7792855,-10576131.225455465,322049.48001836997,-55656.313263870645,-1034.2151920028045,-119699.30261379364,BENIGN
-317357522709705.94,-121431053659.47217,-60193734.11049091,-3981028.3161927275,31489838.804824214,1293.2301399433054,115550.36157622465,-20810.072805716227,2096.9063186743006,-245864.81733737554,BENIGN
113613985601732.5,259978732712.95972,-103814960.36266157,53932704.69610797,39304560.720543474,-11673311.246360553,371277.55457896355,57678.89883406694,-21527.366652803208,49354.958119871946,BENIGN
-18899496604786.875,-431317126563.07117,-38524338.375145905,13439103.51411217,9162453.802081253,-4012519.455331023,106354.99918494465,12378.525381171577,-7895.05163342804,57368.18623424252,BENIGN
89005790794354.81,-547581446679.1078,28038369.255593374,-18758536.803062256,-13130331.7406555,-3750442.7122825887,68730.31385477977,-18002.016444395453,5955.499621672625,-107643.81182105507,BENIGN
212321615647036.38,-500381585061.1966,51676376.74819599,-24670604.435011644,-18863167.698990714,-1848923.6146850276,14503.919074950874,-34016.808190474534,10442.984847197204,-145873.09488337167,BENIGN
-167443336479885.72,-35849037646.28369,-107518708.87255594,37747661.13597746,45629383.893055916,-10160913.527965592,374847.1880393537,-64741.16328961857,-749.995693499317,-166821.95590723932,BENIGN
102315833286425.81,-424688918848.1398,-46740864.54482638,28807463.97207892,475640.4837267399,-4274281.249667175,101244.87852381823,44632.18068152259,-7426.827660076191,18318.445703093523,BENIGN
439542167336774.6,-347705241890.6501,102147715.64439155,-41116764.48646195,-8382017.241394259,-1761852.2763403472,40107.338974778424,-23714.511487639364,8104.527866719123,-145168.17704559778,BENIGN
292952695885298.0,-425998113480.4012,88143451.16586332,-42788935.86308329,-12527142.904526312,-41312.05403370503,-19996.66415205811,-16481.985420098103,6938.621792276859,-80310.8682914279,BENIGN
309451071357949.6,-273680338299.4994,83885753.44007467,-41548934.12253882,9284451.999529276,-5908021.593505327,180691.77252468764,2894.03973229268,-202.17788198203561,-110044.21538602759,BENIGN
45808402953807.44,-63581614872.19055,-121044328.0446738,65038722.0519364,34929231.2635245,-5402308.96873086,237094.75665726868,-51322.28549915848,1406.185447849115,-149541.43200270177,BENIGN
-1110461296964.625,-568431596899.0938,-25911359.914530754,9154318.149751361,-7447214.868624177,-221404.7430610098,-15605.404114337438,-34372.60510621936,5464.604369038734,-28595.596363422876,BENIGN
-60227152212530.75,-469359732220.5953,-41820372.81396268,13580327.905261373,-2622556.824265469,17046706.379614133,-471546.24286987423,52610.539219172024,-10257.157391797877,440006.4473217214,BENIGN
-176308557417459.34,600320613815.4745,-205294467.03748256,88915144.77086347,38895027.18144384,10642492.8153397,-148864.12693938598,4405.8378834918185,-756.1121444347809,49253.48196779556,BENIGN
-206168984024699.56,-679298215984.2302,-45509757.157786235,6547648.410241306,-6257772.213112421,-2101847.145892267,40693.913354066186,-55310.41691774502,8898.234546633783,-91114.68454095823,BENIGN
-260224367850088.75,1122553588258.0884,189706946.64929557,-184762391.23162082,59619627.47038831,11890901.122491462,-70575.05630054665,-77409.09202667521,29090.604499336816,-343488.32919056964,BENIGN
-67816952975829.78,-634043332320.7032,-29485903.43639812,7067998.807573706,-16091396.503451526,-3258665.197542831,37924.47792736355,-15353.378922044545,3761.009668027684,-45123.93254858839,BENIGN
-41761154280704.75,-623466525993.5878,-25017648.411664903,6255203.563042168,-17926327.349755168,-3002836.046590762,20725.595674852284,-4959.654968425459,2116.9361434231323,-1660.5684056874816,BENIGN
145815928828876.75,-482592096375.7616,15833652.350420713,-6964717.569115352,-8200510.039221071,4232297.798552459,-134393.4569324675,-15580.911328314683,3631.071058134996,59990.61876030257,BENIGN
378707520172799.25,-328098188383.4477,81401590.32961671,-33076675.040423576,3885956.3954901285,1187967.9948098822,-8710.318502825097,-46275.9537254263,8636.163194454337,-95023.90435376007,BENIGN
-242043332649437.5,7890155197109.928,834646414.8375922,-728813456.5425506,24408489.463113707,-11028416.476564765,290731.34695530054,-476605.5774736586,66718.28600961977,-404988.38851534325,BENIGN
136846110443886.56,1971240120103.1733,-442283164.544393,244210367.34356722,10328901.246853989,11288291.12416188,-305000.01872419444,186975.17402931672,-39589.48512929333,578595.0470546198,BENIGN
-320174296691473.75,1580914216881.0586,129746897.68654148,-159610635.81775928,55217958.20877057,9285959.39068835,-22295.094736481646,-74874.16743318326,27297.24206836987,-383781.0059746571,BENIGN
164620619709254.8,164373018528.87878,-14431647.26290059,1654994.2563312016,37714718.88828169,6734273.645384036,-20275.669939969674,-14998.57300339763,10667.682922232005,-161116.76835287327,BENIGN
441597357117535.0,-356675012831.414,117978231.10868494,-51178023.57321991,-8618432.29922267,-1611163.0033987744,48645.54020229183,-38353.73920164017,12595.382036586012,-214611.44249674794,BENIGN
-127504510287214.16,-612166104876.8801,-51350809.75938758,16032006.860400386,-6867192.515167154,2838521.1332457564,-99412.43227219638,-12058.797298022128,1468.904671768505,71653.0421378728,BENIGN
-21203532658370.25,-209962750221.26636,-64495904.93192809,26116697.89468144,19144875.143753428,5082005.072970506,-96732.48721347276,-4668.001464512874,-5418.82984697925,162710.900252936,BENIGN
268727228616420.12,-443452862369.16736,75110293.74511065,-36223934.612891704,-9088584.513132952,-2907874.2321572686,67948.1620948489,-36168.03555519989,9861.123159926297,-168557.74501068055,BENIGN
96815295553468.06,2106997391306.7915,-144613366.8997343,45816045.329842344,31072407.742484976,-3100287.2299639033,57478.89297682584,327244.8916484542,-68290.39423571978,791321.3427975867,BENIGN
-224582710767924.03,3935072592137.927,374676634.9519141,-352977899.2241522,45517143.46042608,-7641130.760160228,193661.8700352013,42003.019968295645,-24862.29287371331,488344.3273660318,BENIGN
-108010646709375.66,-540868590270.89026,-75135563.97164072,32005426.120893132,-4615704.514720418,-2032495.0545428272,5129.719603491227,49055.65940518217,-13184.737023114218,189780.5103441878,BENIGN
177865188009071.38,-166894314276.0066,85539127.70705284,-55869954.05736889,30926529.794487733,-3709888.2074776627,185759.24743931193,-80327.88922410528,9078.905539937685,-169954.18783543643,BENIGN
559788620722.5,-396011827273.6312,-11955631.242587015,-2695589.6493397057,12357061.9401288,4338088.760922393,-90223.00987583179,-5324.274457446856,-4342.618302008774,126219.42521488314,BENIGN
68197297639551.0,496736691732.0968,-187393316.46074116,100582821.23643354,36492395.710902795,12467566.930602975,-255430.92884385271,70969.63587190962,-23563.621884433982,441058.70840227406,BENIGN
37409622957993.625,-498497830361.81244,27248986.294014975,-23427421.40368704,2182853.794456292,1948985.8786235382,-36642.91326408007,-45431.80164415903,8487.649482304794,-54825.172705747544,BENIGN
-85878851242185.34,3032143068737.6865,-223394829.1521151,62397961.32378262,56992077.487624794,-2901588.3133066124,205475.0710237288,-66649.0211320445,-5524.239777157418,16874.846750119512,BENIGN
-50830524247089.375,1332265705382.19,-196900746.34839088,81647912.29144275,48902930.786653146,13288852.226376956,-300612.37765631336,91614.20331128346,-41062.75012883186,773367.147130282,BENIGN
-115652494627858.19,-632717523891.1833,-26121160.212064594,930022.0472286083,-10178090.069625407,-1208498.591194269,4613.049700852367,12997.117939329819,-4775.691888417798,16819.355806700027,BENIGN
93212321429380.0,-323273836896.66205,21225628.94969192,-17964332.534636457,12006643.530299816,-4473008.1134308,127949.04300555281,-5491.901889598676,-5491.9055719854005,24556.562761633686,BENIGN
-74527660829047.84,-618653481109.4805,-16097347.087420508,-2101479.616646286,-12026178.11590736,-71232.94370683003,-56728.583634710434,9688.865064857706,-5147.131786991413,141458.390163977,BENIGN
-38555814658760.94,-599928899329.7952,-27349212.09608817,7571619.262376573,-10908160.001544684,-3237006.1948499833,44453.05903853517,-14800.824057303666,1792.0489530521409,-9258.78471207956,BENIGN
-34268093007232.25,-486569629470.03613,-42941182.12486339,15984727.7349109,3755465.9150690995,1666979.1763922074,-39106.62305657775,-25766.982418143656,1978.1169488943488,32602.687526223533,BENIGN
-207259185365705.5,-703637948511.8623,-61364887.35667005,17404057.53830602,-14954933.438011456,-1793349.7610843177,-5224.817174062344,-30733.909372915918,4325.981038968661,17589.015927706205,BENIGN
-54688414017162.625,-611822960894.1392,-27898160.448362783,6871972.335076079,-14047340.910133872,723094.0641914792,-63801.64632792903,-17365.760199427496,3105.4707804911814,32829.96730524203,BENIGN
-194733406082041.0,-633768517608.0228,-95698470.96241118,39373158.46767865,-2627250.717221301,-3794209.8445068835,75720.5180399034,-26709.4935471058,128.21254883731672,2650.6176451687134,BENIGN
-220786112846496.56,-52007778806.0542,-77929846.32098645,14319018.13691332,44614357.52165593,375701.7121032374,132370.7617941559,-84730.58044123347,8408.464745012076,-205214.81485861415,BENIGN
-88857512096417.44,-617232297676.0256,-44041426.887373164,14507851.602280462,-7511481.419626012,-928074.3737767488,-6909.663257079461,-29469.407533240537,951.7916664793083,13300.33375899907,BENIGN
-136240939087178.53,-655114686250.5327,-42200127.685390644,9939419.367391761,-11115801.919673268,-4485113.901133762,74885.13712969134,-27502.321216118748,-211.7443095255985,-36965.7731488384,BENIGN
-45740404579731.31,-627496881096.6445,-10432082.270380124,-3579200.6978004985,-17179924.15881533,-1706891.1673649834,-914.0383522167613,-30484.931434552338,6436.510983937962,-56160.253852316644,BENIGN
-174064012640841.5,-476929365204.6015,65920383.42932223,-66818272.87330732,-10310835.362799276,14724252.906603754,-330323.0478539929,34154.99806665015,19035.763059706613,-163930.5480258109,BENIGN
-118407981628908.69,-601110946607.1388,-6949915.915017009,-12495107.60384946,-1680279.3541857153,-1007769.8893602602,24213.910001374094,-50350.60050652004,7872.438852306306,-75676.3135532699,BENIGN
-45919641069096.56,-596598465142.2958,-8046683.405359432,-5774003.706955995,-6742061.980168689,-379514.4635269623,-1770.3940370563723,-48223.511084841426,9452.716756490594,-81499.74837266354,BENIGN
-150396651733958.28,308523345896.76086,-111010016.15716662,35656057.41476899,46640313.62362917,5430411.937475728,-43962.35781944089,-53370.95550496732,-7279.044708009324,190364.62625406496,BENIGN
-33747472740978.625,-524623802190.743,-51847151.711915545,22434583.602201067,-206106.73527603596,-505598.944790835,8069.207241616332,-23671.15896700727,-220.41164625645615,-3509.1234190735486,BENIGN
-242357770390768.88,1941768727389.8071,-66172608.48793255,-32023826.074455325,56788666.88662596,7599124.996381069,-56743.06825827311,-74285.54520382645,1340.9050764375352,90903.04072045424,BENIGN
34298053798084.0,-439542865072.0733,-15816624.618043035,3272256.8691600636,2257633.560260158,-919504.5522088441,30863.92156785483,36114.058140706235,-2753.5931239129677,251.06676467129728,BENIGN
-135199467816892.72,-683606299828.6814,-35582499.90700612,6222378.2257579565,-22316159.53737723,-2986984.913206592,18091.167862454044,-32977.45248598512,8072.255824696425,-66932.75278008453,BENIGN
-173990837876489.5,-350632873336.0094,14791347.347875848,-35778888.55445404,22434740.56823015,1638186.5413738987,9001.102407153678,-41877.576893259145,2112.0881633206045,22656.565792767353,BENIGN
-182708415772307.88,1642499794388.5269,-371519520.6122473,176512191.3446269,45284619.84964475,7629427.131208403,-51701.135755207695,33496.11743508335,-7456.646634718834,28021.67805701725,BENIGN
294138827495903.0,10126067237654.066,-616850132.1601442,216877158.35043082,-81303989.4364033,7939253.603682447,-414661.78471694246,189688.51155409915,-16889.84661832325,282099.77763673436,BENIGN
-89369332308696.75,241841925023.41846,-229253753.70882514,118436081.71066219,33623811.06657565,-10527144.709735962,336318.77371537307,58271.39858058045,-19238.974800539618,15786.42890915463,BENIGN
-149595244938156.38,-575144171707.1714,-79240262.79385757,31363740.52707549,1911935.2612981685,-5781878.459870648,137971.07662656368,-10905.115709646987,-5699.609049142433,-19806.262841140837,BENIGN
160552097310433.8,-337674206439.7095,-36671233.76878133,25736850.310193658,3131150.3103308044,-912428.7763184891,12410.104276825208,48566.86525256263,-10049.890170531864,120011.99146507544,BENIGN
16996133399676.688,-498153387804.5031,-7890704.25649403,-2424726.055318538,4243433.235377822,226708.02377424063,14645.448808863617,-39938.681679983376,6980.871501041522,-82275.88322789376,BENIGN
-207368497022136.62,3188013157202.7515,218357485.28030217,-237464000.3393069,50587108.22420223,6112341.093747899,-5257.685383886634,-141310.86482636412,26234.00517282171,-176229.61970592107,BENIGN
-42304012130734.875,-449692776271.27014,-55803548.56521676,22987079.348502085,9508274.268318016,-1153215.7614690873,37571.28890832834,-22765.075494995355,-2301.3940258638286,53668.127826236065,BENIGN
100657838222989.81,-3660282962.1956787,-36752715.43123758,13939389.41177912,37156483.64792918,-5435456.146070363,236272.31045911866,-58601.264340169735,1322.5340655484397,-118549.52105408019,BENIGN
8584003253012.5625,616918312396.954,-256682317.90306282,136991834.79809266,47213635.98950353,-4518394.246479558,255212.02462557456,-53620.26088311645,257.55931471561416,-172797.5736343398,BENIGN
287537488266629.6,-389199667881.8362,27755416.847746104,-4668571.936908636,-4810731.311745301,-174387.7748966855,-10152.375129610193,-12887.92331943271,2683.0886663953206,-20734.462871045704,BENIGN
412053889459126.1,-305423480299.1015,62321998.774314836,-18141853.499500055,-1088139.9094971456,-561403.1855734116,12078.782604243886,12676.270227666599,-750.40130082635,-16327.550023082917,BENIGN
335053544478632.6,-365955558592.10864,70271905.37970589,-28829872.756365668,1362765.7094601355,-3729881.9274254814,103458.10527888818,-22875.056861459023,3125.7936833144704,-101349.30458248439,BENIGN
366673064139509.4,-428894772946.1091,88931500.20488806,-37213184.36052178,-23827767.880973138,-899353.8034973899,-17222.98426457753,-36988.151421449365,13400.767633730251,-172854.94246856394,BENIGN
-231056882717686.3,-390399404559.9502,132913115.47094063,-84289014.66692549,-21423145.01364574,-2551058.9691983173,83273.55100566625,594598.2745553623,-82313.2321747157,186917.46993754586,BENIGN
-74707064427535.0,-650112380003.8843,-23968414.143022478,3154828.1693091765,-20287602.50014139,-3227449.348999878,31911.032812715905,-19459.164198680573,6141.764638151479,-74475.03260024879,BENIGN
-47844636080009.0,-639598675871.3921,-16656032.237155184,478964.4573389739,-21014225.29777251,-1540537.5948857106,-13750.961347415221,-39524.488555976044,9291.399100142029,-67845.46004038499,BENIGN
88275151930935.25,-495904280544.11945,647184.8936338574,-1870864.2459862642,-4533832.004775524,1773350.2338428986,-54655.117104574674,-25533.634862302475,5440.610719974753,-18110.710692568133,BENIGN
-21347881259985.062,-512536661968.34064,-35543064.46849563,12431250.405542485,7144319.607318979,-3005924.112455369,103094.52976307548,-56771.81897071947,6693.181106336866,-131121.30912844458,BENIGN
-145551852310281.88,-686652726566.0343,-36105109.211984806,5726117.345408738,-19519969.310179375,-294199.72295157844,-35173.1955425815,-35832.953223686694,9704.118998689199,-80982.8812682251,BENIGN
-74556770834105.62,-491217274887.06305,31753236.955251724,-36057227.78422883,9952774.458526831,1551285.5299043762,7370.962993525442,-49964.63740490785,11516.705942601704,-134664.71717679664,BENIGN
-129673460312345.31,-566031056874.461,10534874.607236296,-25547134.60424007,4943142.041654747,30464.066226498224,27387.60489247525,-59051.72418045883,11263.777651375694,-135019.45450742808,BENIGN
-61438677937080.25,-300719884048.2597,-8356485.450567633,-12024510.081676755,24634329.51583771,7641146.952424951,-138555.83114615554,-28273.336982718658,-152.23959347762866,130788.96855094249,BENIGN
54900488714176.625,-472560014321.07635,-26565576.856662497,12689575.789979909,1945665.1083745472,2301288.8132932973,-66711.94528651625,-24785.235109907197,-1724.12595896329,82848.07271235,BENIGN
-65981601103481.41,-605199351250.6846,-6761863.246808395,-8063018.763653006,-6756623.908559248,-4208383.889349014,80223.96554235117,-37675.53558712664,3326.504489813011,-41912.93014386054,BENIGN
-79815799972029.81,-607015988094.2358,-21092431.932331726,10088.296538516879,-4112894.0447187275,-6343257.610011168,145428.8864988824,-37799.51155373774,3537.699401184298,-87949.95178998385,BENIGN
-145749873127530.5,-655845579084.054,-53958140.47637499,16714011.834952263,-10076564.44773325,-2204582.4820764014,30992.890771005255,-41907.68675201143,7636.441347819302,-71114.92205521459,BENIGN
-39838703211632.625,-618568583795.1646,-3132317.4281496108,-8020294.496894967,-13211598.54433123,-1375182.315287368,2292.877455283913,-48295.81935498355,8957.303238310098,-71824.96669679778,BENIGN
73065634648878.06,-489940665433.04865,34894376.64020105,-25746684.88584135,3895934.5656000264,-622555.3618744612,44932.01469334238,-57993.49363474468,11572.894061680086,-158223.92898320704,BENIGN
114693676222785.38,-500083313660.8077,54417517.75825222,-33771864.2791021,-2779139.642206844,493573.4434756101,-92504.57808170689,-39718.089694153765,-13661.781917815408,355695.4651586733,BENIGN
177694816686256.38,-437927818140.9533,45099903.34887187,-24441690.42887922,-2653135.1728179827,-2742996.042628734,72503.4300467655,-28919.19724833902,6154.429164034511,-115877.97150406029,BENIGN
219989603974014.25,-478226260854.1481,43149394.023797676,-18757011.5260698,-14045096.786776394,396169.5485704676,-38276.90921352562,-19608.499339450045,7112.455817062324,-68145.72057028132,BENIGN
-161153701086646.84,-615666586541.1644,-7881085.4041894525,-15135982.159434672,-5753173.83627006,-4105156.725391878,78931.01680604555,-31793.353836275135,3050.341275740022,-35549.0478876766,BENIGN
-44151285062041.875,-627023653209.4816,-6352373.320311382,-6185749.708355781,-17025111.58568617,-2939532.70631263,34920.59795030617,-40642.87701816923,8577.401365890622,-98879.72291756902,BENIGN
293581934236390.0,-278765106589.19415,40197822.69849984,-14254312.371301185,8292766.633330453,3307669.181228598,-60480.45973725928,-22961.471897605577,3296.5493725080014,8054.755650169813,BENIGN
365431839548759.9,-148196589334.2323,30299956.144686744,-4599864.104940165,18724063.536359522,-730877.5314859436,88282.10713646247,-54688.73858528014,9142.066660935354,-169570.72155154753,BENIGN
-95613486947631.9,-663949956878.1663,-25711034.059098586,2739868.3529088423,-21645422.04950258,-2083256.1393341508,3770.4589770265065,-29604.782288479197,7115.446745662532,-92539.47036792025,BENIGN
-95714006496289.12,-639751053683.9084,-16587217.074297383,-3607315.1249035075,-14886413.022313166,-3104823.9342776844,41158.99911367656,-31775.410521831778,6338.172600304446,-77270.30115643362,BENIGN
396756282891176.0,117674714471.46545,-81663443.87167223,66267155.643285215,20710175.0569524,-7152830.80951464,229828.04338849414,187586.3264184757,-27211.266705015285,80560.61090014217,BENIGN
-203439905829763.78,-644683842994.6973,-22606216.884879082,-8660327.606813464,-1303155.2608022727,-1013534.6932556909,23008.23548294797,-50730.99033687648,7260.341652417523,-62370.20221931662,BENIGN
-183409859530752.44,-682060917452.793,-33427665.425267085,755632.5006379671,-12685818.451285128,-675936.4224968432,-13644.315229020887,-40102.22054817817,8143.971915998594,-58396.71309447018,BENIGN
-9102224403546.188,2524365304716.2134,-226064242.1455171,80636986.9920312,49715316.05999051,16756334.286804732,-296138.2259551678,-18751.93376551633,-4274.213343321473,253344.58506764536,BENIGN
-244553679324547.8,4291592337337.6064,909359024.0824958,-709154484.9199607,21680863.50234415,9780844.764249166,-210645.60373710498,-293721.4319068937,55247.81686508047,-136435.98792832386,BENIGN
229054745476154.5,-342266810263.5136,39673877.74870579,-18479785.820053224,12199460.398101162,-1984671.309341181,96158.17136951699,-57605.53391637921,8756.42371827356,-151610.70728943803,BENIGN
-31054449434908.75,-630821928860.4292,-21195453.723199174,5088714.921410605,-25508722.63469087,38957.356780080125,-89158.94092075799,30592.148175340248,-3064.7416429476725,129244.35893836588,BENIGN
146780228834013.12,402490845191.5648,-237640594.32813615,141520140.39986697,5381523.745689485,6347449.521351337,-182991.46111818633,140367.95083845887,-27066.860282836813,396921.5518272719,BENIGN
-64540711351335.875,-605795833903.4048,-29863726.774574347,6984099.655219357,-5740926.133810192,-3135106.937554605,62594.31189378559,-48731.45181806112,6588.48742235122,-72041.94329477659,BENIGN
-75356237427321.62,-643221426888.5361,-30514792.424834296,7218990.490998112,-16997436.851917565,-1869262.8438469698,4857.658513595517,-36255.814540185645,8235.900101870382,-66597.34726555625,BENIGN
-10928714257502.375,-610690066866.5044,-10640090.404023588,-461527.3761072643,-18864204.839415155,2135054.8235559766,-124787.34769154516,-3474.7936500093656,4.332587097058422,129276.5335984682,BENIGN
-105424431735530.12,-660720299559.8827,-29512043.7670106,4349997.819298603,-18268024.243825633,377751.56705436716,-47509.29491516063,-26632.413113157247,7313.276192008638,-77953.46356426371,BENIGN
-126861951979128.34,-600642289331.2913,-64450653.65508131,24276024.303502582,-5904634.13848488,2345873.9674079358,-77831.4069056143,-16161.93359848603,3526.473710332528,26650.45676383924,BENIGN
-189268009483910.03,-703932887809.1194,-37657936.93989051,3406936.727465626,-20489653.098611936,1248400.0916224574,-73963.02298477679,-25848.57469893415,10150.748323042055,-70989.27034210906,BENIGN
-149011602040074.16,8505329616444.744,231623144.18509388,-342269206.79063874,37946050.809710935,-14295851.08841361,485677.6271625641,-426173.65477615176,63910.77816081156,-731227.0617280607,BENIGN
-104520033589563.28,-542063999053.47217,-59583446.98356964,21735084.029252622,4820900.350184355,-2976864.686092823,83630.44982098865,-39349.20505912519,3079.547139577804,-48470.050185230735,BENIGN
-113686561966169.94,-653983508321.2732,-46947068.35822914,14851616.878153065,-13446446.562154595,-4846883.248461607,85140.19628282986,-24149.02487296616,4585.536564309416,-66103.07897455417,BENIGN
-151149187912617.7,-683183934732.25,-42765776.46736999,11691334.518458307,-19333427.810032956,226174.0619547437,-264776.79455991567,8027.453337151037,-52643.337830625525,1119801.2440403192,BENIGN
19104189283744.125,-232207720175.1255,-75611562.38889603,36967335.63488184,16892508.026854042,-5542124.352188228,166930.6013168602,45063.83499214764,-12234.791090322746,58586.67775711546,BENIGN
-77096811642501.12,-470987106445.0492,-5177670.392982066,-12565098.748479474,10088433.354389165,-5822624.810580475,167603.0604860666,-14978.196599373208,-1027.7602296659788,-59418.58647194375,BENIGN
430148953815896.6,-222049732897.22632,95569677.6435207,-39771901.80241738,12310212.123875212,1477499.38918589,-456.7861057946466,-12753.047711399242,2011.22579579167,-22567.810751894096,BENIGN
420149056670926.25,-370482625746.8274,94039705.73245688,-37053921.519510046,-10707923.37711846,-1960183.0560439893,37483.59167999588,-22026.342697993856,7765.281578674152,-139699.05171477745,BENIGN
440448479492535.5,-325991016510.3513,83256776.1244411,-28785305.122169223,-9871889.849679425,125312.34080434171,-35393.627522472736,42738.214252400474,-4203.288561346515,50556.17039448204,BENIGN
31139202446099.375,-494046223847.36414,53067229.70917089,-40841161.77440728,2613596.547400307,-759726.0161655783,30064.588366042688,-55667.66214612506,8801.499445018915,-83515.51430806567,BENIGN
129609333481016.31,-534125087600.1295,26846027.812075317,-14776321.880141106,-14448714.168769103,520574.17702891584,-43717.165147875465,-40832.75360801202,9953.555793903302,-78155.28781636979,BENIGN
128948154375589.62,-524280944534.8933,39140155.47405897,-23034376.248195004,-11210890.422235094,-3813522.7833653833,74043.1501162385,-23419.977356867745,6135.755467490246,-107867.04193542109,BENIGN
-36061838311892.5,182016600823.24658,14626736.863065898,-34159569.72796206,39423423.23493455,-11306607.674600529,363580.5173696476,-13768.7202527227,-11005.444181347935,-18358.864059964195,BENIGN
-209757520793754.97,9954254255350.64,884153356.5345154,-796969797.6019777,13361455.961621154,-18915463.10935665,449404.5401706426,-522238.26150299027,70070.82771313812,-485930.6716738799,BENIGN
-197444723434730.44,5612078236880.098,398831569.52145815,-399647046.44587076,44111519.67819692,-6286640.589376499,303180.73932625266,-297175.34344899835,47875.634546573434,-526982.5498877988,BENIGN
-21404568856720.312,-606239644733.6143,-15298384.143767014,1312182.8813046105,-13456143.184537262,506199.25894936593,-51186.01009821822,-32780.21493610295,6355.018661649276,-10722.6929760727,BENIGN
-135521379767470.97,-657082876584.0498,-15542049.00935632,-7308462.274460312,-13093322.668151915,-973238.8034237525,-4776.59099307827,-40657.2691103436,8953.573100020341,-75640.25868107693,BENIGN
-181464969159614.53,-641334605162.2354,-24190173.954350248,-5849440.167897742,-4982074.33168412,5178493.373545475,-119409.17906998798,-12123.29509722178,9437.986188519262,-86935.18121773558,BENIGN
-218095749234789.5,1550202802463.0571,-190403288.31476763,57415012.6478851,68362051.3060792,7100380.699400052,44325.64108213554,-57965.102426825426,8980.597097871636,-188337.32326702145,BENIGN
-174443292951277.94,-647132561937.3127,-75457832.1595317,28206281.589091394,-5314214.418710005,-2458350.161265251,38683.06563803027,-29455.40471758717,2619.1812715583546,-2107.1544713325893,BENIGN
25323408866313.688,-567575898557.9365,20230734.105724066,-18728369.400573466,-11091218.380981144,-995201.1916118418,7810.668765849463,-47638.34959358857,11143.260548346883,-121755.02478252066,BENIGN
715766328144613.9,-201966012081.98364,150469724.5727924,-50981712.522303656,-18242523.91739806,3259432.7836472006,-140149.51731179474,229315.93687880077,-22257.179376300868,228781.2929508747,BENIGN
-220251103598462.97,-713191711826.3107,-43448140.4829597,4706689.058312859,-17296340.51971539,-4058519.9392426023,55436.041264313826,-38278.18498799137,6640.452423917533,-70144.21172539901,BENIGN
44734852330164.94,-541453744784.1686,6691135.188824415,-8544914.52417909,-7994823.10829002,-3035759.869144411,46834.265897673,1077.9406660479217,-714.872541921166,3342.4760383549365,BENIGN
79959312263125.0,-562289717211.7891,17593588.05300829,-12483616.69939791,-15074345.529409345,567838.9564792262,-40049.966790863255,-40012.498980412405,11335.46949354227,-107894.01619157018,BENIGN
19282122085754.438,-589944918336.5466,-1886402.2159065455,-4379576.371472437,-15194786.90797095,-155589.2070653173,-29873.74729105812,-37570.344283861545,9272.989775862898,-72492.64977017132,BENIGN
130892724330818.69,-386751589455.01404,90194074.84642841,-58638511.96958196,6456533.260990631,1163905.2386295493,7753.248486215969,-56210.16001342052,13106.358132843849,-144603.36068180986,BENIGN
81451362514062.44,-512930971818.70074,42906298.30166982,-29749603.797204766,-4465581.954493638,3047461.7334661507,-61166.835583417356,-36265.80097645556,13349.79927386119,-141633.98871780327,BENIGN
-220194741741335.75,-708629881171.3074,-70811256.99389756,22605096.990093548,-14562032.71862923,-2113501.994784695,-5165.68572957938,-30150.49349236513,1391.0446635098779,58591.92166566835,BENIGN
80246691886117.62,-456273651262.24915,11449157.352719873,-10477224.580027629,5380695.296333548,-547766.3610129221,37813.45472455243,-51709.92384635684,8472.946229119025,-106086.11975618018,BENIGN
5087256027056.5625,-464912366671.7042,-2785192.9549657255,-7320297.432760943,7832129.150636207,-5255364.389631132,147744.96367997743,-23560.702046276398,917.0350517809893,-60363.668584970364,BENIGN
15139587098500.5,693559857452.3073,-198898611.5106724,99741485.95935728,33850585.246733844,5159394.510065079,-82888.37024841305,78458.13043276157,-25201.980500701276,367775.21688004566,BENIGN
-81681374269388.1,-659527403101.8938,-25164836.136838034,3519461.7453286424,-22445762.27991981,-486897.3034607065,-41784.248341633676,-36153.47621714323,8505.14280904863,-68168.13331707948,BENIGN
-128649022444951.5,-664880787224.8041,-24436503.694583476,-754485.7601441778,-15509156.39956484,-166386.27144767763,-35925.11013158417,-32112.62664931906,5230.765322460375,-41065.45335899707,BENIGN
-107327294633130.72,2154459883120.0122,86138500.87335335,-123437143.74642472,56303711.22744103,2710292.8486932325,49003.67247763752,-114622.38247831038,4824.982609804119,90294.84169823534,BENIGN
-34559414478611.125,-339557266438.0891,-91398448.04108565,44337195.44317464,21221018.86059745,-3838583.308190548,156780.5110525051,-44861.065539698786,2563.114843992913,-103950.57705969914,BENIGN
9394875822668.0,-373952718373.8868,-50674631.41573568,22240682.84723174,16953396.854269426,-4272467.7866625935,156307.7985790967,-58264.373430692234,4940.803681378813,-122000.71027663734,BENIGN
424789249337230.4,1169446861444.7573,-247801871.10346222,158129946.12451732,21331276.60205644,23884563.887213,-622121.9103759455,223371.99810955502,-48916.98184875494,917092.0216345622,BENIGN
99209124954255.31,-466135584750.5749,-4464922.3922034055,2003381.801557012,-1330329.5247569606,2540763.1903225803,-79565.5572325878,-7630.76082712268,-2660.281280182553,94015.18965639113,BENIGN
162523852878390.75,-303826703621.5371,-31396.412271261215,1503705.4110561498,6640862.818237882,-3117504.6474426654,71224.8561163947,42099.55754392437,-12062.2946684935,121675.24299328949,BENIGN
-142056384375829.22,9344186920679.293,-567867288.5189489,161583460.3445329,-26144872.522745077,5297539.896863861,-135301.173182048,-169717.61911546177,37545.22259072302,-424898.81836148753,BENIGN
-87415273801301.56,6726211234151.338,-433049397.9849541,128691365.13483816,1380855.3386376835,5621150.7445846405,-112755.81388779733,-27653.54995377869,7930.011789077991,-75880.49992848531,BENIGN
-54157282039776.94,-645263811895.9437,-13238908.45674719,-2234690.391503252,-24441556.820478108,-1790981.8548123885,-8945.808849112293,-39673.79237806515,11196.554354075855,-106451.92038109415,BENIGN
40670714616751.75,-597257019858.6069,8266088.807929277,-9096283.918229837,-23925350.544447917,-1714992.064138457,-9863.130077129385,-39184.94574876073,10387.877285885497,-107671.90354214751,BENIGN
-1359965031365.6875,-613548108154.6392,-989258.2709234655,-6312842.1490753405,-20222861.143390898,-2554736.8995448505,18550.615150052592,-36201.13786900676,8800.866872081944,-100185.10038902669,BENIGN
-12616476233443.75,806102415072.2699,-375722582.9560095,210065702.50792155,18174706.24837597,-7650353.437358545,201159.87111968006,291577.48558298097,-50264.07214261518,363402.162804987,BENIGN
-82356949886993.12,-650701369843.5391,-23572590.30492668,2261437.6596163847,-18536011.648128927,-1740872.6487770148,-2639.471917373721,-35273.50269277535,6550.223415474848,-68292.42511513122,BENIGN
-155852861028084.38,-656901116329.4307,-55589530.94284414,17186444.422269598,-10514947.756052017,273466.75057847844,-49605.42976510577,-24276.696367730918,480.85007432721613,55561.60611176139,BENIGN
334819704689630.6,-414676593442.51733,64936430.718891636,-24585847.86826321,-9254721.347527277,-2137302.2507216632,47267.86441614383,-37985.86659235798,8306.810418480338,-147024.6185169467,BENIGN
491128128932410.75,-287440011209.44293,105190895.04657017,-39974804.46563323,1854410.683920499,-3520104.88726418,112587.18571886374,-38251.70545913737,8612.611238982507,-192186.56008732942,BENIGN
198437359210061.75,-460863422351.52997,17041908.11040768,-3742272.3054603375,-9961627.617442444,-1768122.6698126884,10808.075711171594,35898.84668904939,-3436.822285927774,33427.55513650308,BENIGN
-58294898760223.06,-647680455147.7697,-22898422.26733558,3778938.2821816914,-22618119.481094737,-2846322.937470043,15665.527731852024,-35844.44383501331,9094.806665221095,-78135.01933367178,BENIGN
315182224661658.5,-445640662288.64856,78004849.173672,-34114242.221525356,-17000322.98257541,-961615.9959242204,-2809.6942162138703,-39481.24166584535,11761.407088246557,-151003.28550715197,BENIGN
193175992095000.7,-509239214017.523,37658919.19284885,-16874458.43704069,-18145893.25311254,-560590.3083008374,-29733.35946316728,-30837.747335920478,8432.0445986052,-67662.36398092128,BENIGN
305759016845930.0,-444518596026.2856,85129992.43255492,-39385244.72861144,-14025159.60457388,-1410806.7960680404,-2066.27658650783,-40123.43634298672,6992.457306298402,-61827.00544875196,BENIGN
-126198761359094.78,2996915286719.6143,-543328218.4888602,267752446.06501225,18368758.260681834,27555302.912140474,-609698.5148770506,118233.85551282499,-9232.294036887735,288818.96005498763,BENIGN
71677500298190.38,-391095270102.80774,15807561.042251483,-15276220.447044883,13970880.921244685,-2554435.93073052,107289.45592349525,-59803.222811784326,6061.470008526212,-111669.40465679768,BENIGN
-64310591740565.125,-251305241355.22937,-79867418.55667198,32988105.248029254,24720932.277849015,1586373.2869064226,16915.222591091082,-28773.26684427617,-2154.9761371454842,44182.701488370156,BENIGN
-308584425297409.6,-693358294920.5771,-78427878.32753444,19787418.190097965,-10658128.601857621,-1422653.5812053254,-4448.8185916192115,27068.244392739092,-12720.193408845915,28217.33623542265,BENIGN
121058826833426.88,-294861330724.5326,-8228897.068829462,3789554.7739888877,5387314.030033719,3366032.6105307373,-129393.94658726054,101879.06788054816,-26433.214349345704,436426.43886713573,BENIGN
37201079039517.81,1268891308895.141,-156639668.80858922,64024900.05827296,30797386.799517285,-2074748.4944996429,34870.16754039447,191348.7222299863,-53389.45051933317,672590.5341389374,BENIGN
559521959133128.0,-310458837440.7184,141298859.51037842,-57169478.01072924,-13845266.929102063,-1903830.1936220487,38012.243800064156,-18866.82786382964,10424.633803236418,-193582.51599889647,BENIGN
-211985783620534.0,206846536031.7185,16409793.836244792,-50499826.748079985,27726489.32852864,14969614.722125433,-264040.48733673315,31134.880820046812,7853.11105756761,-21180.952561023252,BENIGN
225143859911988.25,-198890688538.4109,-57941925.31979822,43201196.528239325,4834541.624700729,9767389.384338666,-297748.6151812395,112003.50543328188,-27927.991699296334,550062.8091714556,BENIGN
102648975791406.12,-380228588769.1267,-127385.5015359968,-2279855.395437304,6543025.402326692,2612149.245040729,-50735.344524491695,-30815.77829521516,3663.2858093409377,12554.658300324474,BENIGN
139222286893209.31,-539099405130.1804,24808974.64250149,-12435629.35989802,-20408017.32049157,1254560.7126773554,-84377.16739031239,-22967.378384775224,7655.223107260947,-22455.138500711473,BENIGN
-36780611580473.56,-394591678681.9407,-67411195.9914727,29884445.53293485,12181393.891048763,-2174046.5608155904,76281.42262965436,-9061.807351310134,-4329.549623795552,20481.11137746342,BENIGN
-95587956646394.4,1905833784044.0293,-335627668.205789,155907894.24722168,33849443.405519366,10416389.158077162,-173826.5249460015,37381.8345746312,-10309.644651990766,181712.69114090508,BENIGN
101552379167434.75,1059503228144.7809,186818324.30086893,-150513994.0249081,51865542.1257074,-6416768.440765658,268707.1245638716,-10875.196093054426,-8855.400617733385,85148.07851312269,BENIGN
-41084868342432.25,-566337785284.0364,33103673.955837786,-32641494.46087939,-8023323.67232725,-1318899.930684417,18335.15951543171,-46706.765061402795,9749.832372908815,-96824.75882583752,BENIGN
-105435850269122.6,-654847849509.6184,-26968151.34423454,2583190.3082732186,-15030365.6035796,-1833250.8493159385,9055.208760041125,-41211.529808047344,6695.424653840946,-74284.95317176261,BENIGN
186525643290934.62,-486697703701.2669,44279847.047369584,-22308086.070449118,-9839249.57606902,-4192335.6565068527,93142.86596231666,-30395.928818424647,7559.675293963559,-149157.83609972667,BENIGN
46157567377109.81,-592745319061.4819,9787628.100088105,-9717593.057894822,-22806752.18326181,-2349270.2137598433,10030.333976988462,-35524.38356236057,7957.296069764419,-109914.11974039263,BENIGN
14849487908665.625,665200894474.4315,-149361456.21354926,68279931.39395286,29693390.79684152,-7866327.855827993,199489.40947635937,137445.7035595159,-42213.997480137215,429881.2896771836,BENIGN
-138222850761934.4,-675517948074.4517,-44043474.63541282,11417382.082352065,-16297568.48148131,-181912.8965051719,-44841.163491849205,-29073.707984407163,1899.5741818564784,-1893.0296574885942,BENIGN
-18535091575708.438,-517465756029.026,5701429.712467805,-10838804.029673722,-4499164.73594154,3913032.819386625,-69979.92792120045,-4280.946036759327,-5408.583748512516,-89612.78495150874,BENIGN
173488650921817.0,-314941747829.0927,-13495912.76866123,11471312.234924354,2990810.347352255,4125106.3113623303,-120161.58309328461,15263.224931362998,-6639.145172014534,183425.43096887137,BENIGN
-217535400044963.2,8036615163259.242,-572900609.9616326,182988354.5658672,1627016.130364176,-6326168.955261031,208117.95286814633,-124546.0885802203,21231.783464817385,-425100.9087054816,BENIGN
-120520344751467.38,-487309469194.30865,-42145709.689694785,8207646.509025574,12015244.617407423,-1970459.7240867354,66337.33778637138,-29567.097024318162,-1604.294009791658,29257.52269314947,BENIGN
-180910781190636.7,-635182277572.9084,4853843.145711184,-24792132.903584,-5342389.438310787,-397959.53509869426,2953.126896241378,-48964.02719554444,9586.89411876395,-90906.81834609265,BENIGN
-191653047386526.6,-590400268120.3718,-29825212.176164776,-3811396.3077990003,430374.21828123555,1678399.03215873,-49993.643379312896,-27325.35128158219,2858.2798719863167,34550.89364352228,BENIGN
-149012512636141.0,-658392657693.6521,-34776446.24887987,4082314.272855513,-9438329.136415131,-264206.6153511768,-15416.255851899004,-35070.073317966395,4579.175546057333,-55946.32127060303,BENIGN
-67649927907881.19,-609256975633.94,-11814646.771122739,-4817291.971326578,-8927526.539633319,-779850.5427847239,-5772.278953264904,-30598.70432933805,5008.476207407901,-28918.138954250906,BENIGN
66196273461206.69,-515099728627.739,46136815.80171417,-33112477.886440624,-5069813.868475456,210638.80675982498,2207.181491343268,-43291.895178866274,12165.445321869604,-149013.99662982003,BENIGN
211175578251162.25,-285561873322.9325,39220637.79430874,-20635268.023178432,17125947.307350736,-1950183.521751431,97266.32395222994,-50652.46338571962,4727.394612186254,-86356.91712039645,BENIGN
209942835421677.8,-369635884332.37115,56358903.49688889,-30326210.64824753,9574291.692445736,-7274.460133898072,38134.19036790519,-56493.95375922078,9314.598989621492,-118224.77332270215,BENIGN
-69700003609416.375,107430036894.78943,405951130.6968302,-92630677.3402389,-26193407.72522766,561300.1422203053,56953.62746621805,955621.3570373041,-155779.0536599286,435585.44360509317,BENIGN
26950489855064.562,-563102140163.4968,-2039818.4885156304,-4063500.284055356,-8872883.954615783,-3868450.983788677,71662.57045399201,-3645.933861831687,702.8876254297902,-41022.83590200136,BENIGN
-118309980513035.62,-610372040413.8262,-33178240.982246026,4636774.31968613,-520095.99992256984,-2951103.706528846,76677.8268329522,-53517.72809951949,7209.776617246713,-100493.87542125056,BENIGN
-135633011752994.47,-660084601248.2141,-36177212.682305664,6470680.313335389,-13212450.80833703,-666906.9254543642,-48977.99926264562,-31663.904932399415,-2755.8622702597713,120228.57839359372,BENIGN
-127668886888788.78,-677185311565.6104,-33299955.81156241,5258682.99855496,-19045146.74859249,-796719.3031260245,-26795.210075075964,-35972.94749600424,6373.683224631204,-63718.33286640643,BENIGN
-126264720613044.12,-642598298495.0016,-38760124.466253124,8280300.698555607,-8242137.883598957,-843756.5166356829,1941.0235504651064,-40240.26900042141,6815.98906970039,-58987.39594108932,BENIGN
-200970366115288.9,-716622328026.6957,-55089816.30755567,14033387.467578106,-20435748.454517484,-3559048.461196852,27189.54442816971,-17853.17399887101,-515.3427957021231,-23819.194445525514,BENIGN
-102359182297461.1,-627620433498.0525,-47185.08286987245,-14983517.806902636,-11988685.778298844,-3961176.612285317,58396.02106194031,-13322.006802478007,963.2267503250332,-12565.653988841837,BENIGN
247821505888602.12,-464944469118.9154,66059563.82858272,-31609331.632399578,-12983932.033078868,-814074.7664012886,-141.90429373295046,-30893.165883903457,8855.69035387948,-113641.85065183922,BENIGN
-39560840040633.125,-459796514190.28156,-18080168.108504027,-891488.1600136422,9796125.969587374,-4967188.393602446,117606.70048500712,15374.835782520844,-11509.161886323996,124882.02489610072,BENIGN
-295747879764494.75,89688192108.98291,-195034003.94045892,80949824.89878607,43172936.27240884,-3617686.697670314,248095.68031535327,-107787.33212134251,8574.834760067955,-381729.4691608649,BENIGN
-320194937624164.5,2265352315416.733,910055378.8464867,-677810981.9614766,15328791.9031442,22892285.30983247,-511078.0343097455,-235806.86915205908,57120.66828375486,-186058.31761993954,BENIGN
-173476192689237.78,5535026142707.683,142095627.73786652,-229553221.5465712,33695675.33947867,3282667.0418623914,21552.70019188143,-271040.55851037987,41638.00109743874,-309830.4410036203,BENIGN
-332497578422157.2,5573946977215.99,2115445201.9073153,-1521314515.3357263,-53000641.91819482,34576604.52627401,-1141527.3706972229,-372458.20343238616,84070.19003909666,477137.10343602137,BENIGN
287472939999053.25,-269128211494.8659,115251314.53998898,-63613880.50848177,11323377.827045102,-2156351.4595553027,77080.41256011017,-10169.558205693978,-1168.70367790592,2998.910336305409,BENIGN
289312116721433.4,-364351986655.048,77089959.9346192,-37213062.967806056,4188708.4939126708,-4379051.720742754,130768.95943121333,-38714.58639533828,5816.449919218299,-139448.94586494146,BENIGN
-32959826317566.375,-549253227096.4508,-28712027.362792835,7936838.299789324,114844.07160965726,-984897.1172267781,18975.485827264867,-43842.18746074913,4434.306684823841,-18958.98923415072,BENIGN
-64359981035407.56,-387559955113.8464,-3511846.17825906,-14261713.833818812,18617898.523498546,2009917.509731147,13154.16579749655,-66247.91710715755,10066.607922075815,-111906.02823923645,BENIGN
78995304726081.44,-245872848368.9525,-22858264.638345227,8112976.932073131,21674394.3504314,3712778.759551074,-55419.709669444535,-41940.060544385284,-1760.8484230792492,113435.40861036233,BENIGN
211114301562107.2,-433291815250.3818,41128019.87930821,-18509978.684819456,-1740824.600992661,9263169.330230406,-257503.04211863666,-4824.471811109648,-1014.970486024984,204585.17229276194,BENIGN
-51428750542265.625,-550963075932.5273,-61484125.635788985,27639432.140818737,-1886097.0193506554,1727976.7753714002,-40556.68206680228,-28242.29958799902,1295.9030929045402,-8980.098235840916,BENIGN
-61472440980095.69,146101771191.47058,1544621724.470625,1388397273.5732293,18951407.58630356,-4925618.0694231,19368.71136250102,-1645971.0934295298,204138.83583456112,-772962.4115853927,BENIGN
-67553005431552.625,241563022624.72815,2164449161.825828,2274475536.938462,43340183.8836537,-5962145.827130543,-149924.84371301846,-4270910.0022629555,443732.40429611685,-1569523.0782497579,BENIGN
-81776704539536.34,-590068381084.0701,-7833829.222842619,-9076873.827674452,-3005329.2522115074,-6193828.352662453,146803.67844795063,-32234.36293480385,3131.832361389421,-95748.07396887298,BENIGN
-146324211423538.97,-594811427064.5559,-51724611.31983716,14093900.217653316,1684559.3849858828,-7323171.310023505,179618.76415891052,-27228.94221751694,201.9928072622788,-61271.22155470395,BENIGN
-273222681374454.5,-327779080818.3624,-139951478.4289417,55710882.01798217,16007945.201993678,12610410.801225327,-222451.58857720217,94474.09257785705,-1674.5148803453667,-61505.518881763244,BENIGN
-221099285884384.62,3335969192321.9688,816253770.2484448,-629065786.8033088,50113547.30956398,23358882.472482964,-370715.2927194119,-94218.36455093141,58480.08228145634,-336626.3270669878,BENIGN
-157126325645242.2,662028411287.1918,-381985272.1476772,204510880.38316062,18763477.321542796,5575983.821835401,-128857.1913382053,90010.69517098798,-27345.18783488624,362964.8742409531,BENIGN
-92362896860912.44,-431834661158.17126,-47209463.58867823,12873657.870624285,12302959.044519413,1773350.7109027584,-22534.07809399727,-22310.157448270835,-804.2257396775713,54118.52796778517,BENIGN
-28146693715164.312,-419231928937.7787,52161431.168721035,-46210766.35292417,12011534.638321366,-304870.806015159,1419.687428649795,-42242.23035605879,-4655.97524873152,155804.63665925496,BENIGN
80210535327456.06,-546967283107.6145,11752215.120362133,-8876900.488192465,-11498955.187259533,344724.2205883581,-29163.99341571751,-24650.44789510071,4191.6987641787855,-42871.89492790752,BENIGN
-72155953883303.78,-489722486638.69226,-51995532.88893036,18496419.664352298,7180782.454042036,-1112794.7381856965,52555.18339369363,-42878.72924655941,5776.87427593183,-82593.07345199212,BENIGN
-42359147349565.875,-605901016871.1659,1431189.1417684257,-11403750.473194208,-11062232.70446442,1534682.646261807,-57989.63339133575,-32409.52128381004,8880.78387689657,-66686.77800408851,BENIGN
8094627759506.0,-546886372415.4872,-14564846.035008982,2099356.2403669804,-5177173.381767575,-4206709.797755188,92207.05338739631,-18242.872648809083,1874.3588092939426,-68396.58503059407,BENIGN
-14330430272339.562,-473077130581.33215,17788863.799706623,-22133714.684938062,5715976.313897993,-5035748.395684816,133590.11294344722,-36772.63381968673,1330.1785728147115,-52592.030624073086,BENIGN
411420231568087.5,-403409791023.7436,97142752.4028234,-39192912.37597537,-21864961.60524781,-67263.02717085229,-37694.286129687185,-32681.146304891256,12765.14941810018,-148741.79721757938,BENIGN
-22475090100703.062,-169253441823.39954,-121999749.26079084,62273117.52899083,27893733.86677071,-4847449.986490757,175797.85203532845,-7598.216663629486,-9471.869334913303,43009.82500133254,BENIGN
223118446353049.75,388527209138.4061,-144900871.49799907,86881057.35681449,35917316.40069455,-4545492.6223705765,230606.29221998458,-30834.383810553172,1330.0876795249242,-185536.4167374971,BENIGN
125728888695468.38,-469779900632.65826,3260490.7751181424,-671375.2561113015,-5558781.676591679,1972287.015636521,-80609.58992034747,-3388.701767404111,-1262.5792443535793,97853.70682164739,BENIGN
-135535285942131.53,2268009452371.061,1727612251.9199355,-319112048.10056627,-46997293.99835994,1249452.8390069385,-50342.0931751177,1364861.4724340406,-199208.2344151254,921370.272142032,BENIGN
338925418534193.25,-430386378406.02167,91418581.86646087,-41157526.03290258,-16691676.520660039,-1375429.7236469607,15276.250694036797,-39662.03979196015,12387.106308439706,-180797.23100246603,BENIGN
-239611020781615.06,174184610151.73608,404512672.0649674,-218383921.09485325,-26829118.864666007,1076753.2295562332,41540.29594495642,1259581.9868140302,-141916.47156165197,436987.4583729692,BENIGN
-147568039475974.53,-518224726847.32416,-77650854.09119953,29287757.121309705,11396718.11877935,-10687362.050156476,295791.4552927796,4460.817024686519,-3994.698432361176,-108858.02039019996,BENIGN
9788166580962.875,-607239102338.8386,-2892857.009724587,-4259889.961279195,-19531745.403441772,-3546699.318471816,44542.09153987293,-33129.625649644455,8615.336326739758,-102981.91110154905,BENIGN
280540812914776.62,2781351133072.6597,-517724842.6509225,290145344.8116322,27768979.374074806,2914516.0192403714,-41518.95848296502,375546.21282445773,-64290.30518225557,598556.7591854823,BENIGN
46526912110172.875,9368125544359.68,-27714896.445672497,-174137682.01980546,24912967.644832093,-18202747.96446865,586401.88459097,-454765.09647472296,64851.444045068376,-906830.7571591901,BENIGN
-9757607192344.625,6335743186190.7295,70582196.89071165,-184852552.3023766,29789907.687148873,-4821502.062427595,242326.04525016982,-294166.6891057595,46274.27811686158,-515606.6835336026,BENIGN
176906261693229.0,-515947937550.7242,36499935.19778803,-17384475.394194085,-17774611.829902,-2814126.265528437,30393.28951155292,-11005.194984411024,5484.022607049297,-82933.7421031136,BENIGN
-46035078561156.31,-600704598569.3723,10447531.44679609,-17728454.892068934,-14164871.953950662,-2000418.0295520725,23997.683028460477,-25151.684480662672,6388.78267289092,-102026.75349681129,BENIGN
-69060129621241.875,-607810241359.8016,-4531744.535716131,-9785532.490816336,-6639923.670786157,1016569.1885587275,-31286.834199782297,-37643.14203433669,9392.172971505926,-85003.10453530477,BENIGN
-54598073621754.31,-640995184443.6984,-16622025.636371776,-68754.05255001038,-19994595.239684433,1000277.0869657886,-70052.81631669683,-29188.223529551822,6997.11118418779,-58702.620887543395,BENIGN
156245593770043.44,-534319070675.655,41765873.60073678,-22318979.416529078,-23388412.186212,-1233574.444786792,-13186.22879149801,-36881.788452367284,12072.955455853935,-139896.41955118906,BENIGN
149647655097235.12,-534410373177.71796,39243548.32731517,-21207943.309037033,-21008772.19392781,-1951724.0932006876,7442.089393215887,-32029.163374338474,10403.930285602994,-126209.1906427248,BENIGN
126053906337676.81,-373232677805.7243,-43511419.424453735,27825420.635204528,7456236.313958105,-1650490.8658853176,43340.678369274145,11238.300828552663,-6720.933824802003,78178.22930865278,BENIGN
84586336835483.5,-439938489611.1029,62071650.86538617,-43238130.69896135,2077673.5927041657,-1254811.3319107736,54195.63269014552,-16249.897019106018,6181.476070200773,-115842.09694419481,BENIGN
-176629746248027.5,1299920169473.7402,-168477887.0623281,52411654.0828432,52397881.8999597,11529232.573714182,-186223.55011080395,10338.342746944709,-14612.912165280697,343874.7737788633,BENIGN
4435689114129.875,-596363857582.2324,-2669105.781689465,-4944312.896948602,-14882518.975250594,871367.0274688187,-57654.700065748766,-33887.35444215451,8350.26341316108,-43394.79119057982,BENIGN
-45593088180237.81,-642601522649.4214,-19537252.64442329,2559012.7050618343,-23688256.261946637,-1142532.864466548,-28216.98665604207,-38620.10974376042,7378.664987127329,-79395.78637211138,BENIGN
18045667172345.125,-603561286463.6412,1332860.9068086743,-6341097.220285121,-19497551.417481326,-626393.1642860314,-28280.099270006274,-40274.692453938376,10313.339158620172,-84891.65311902326,BENIGN
-49236201907353.69,-646174730398.5671,-16011027.496347055,3810.384791754186,-25591919.858108465,-1008483.0887734727,-32327.689209076787,-38697.97904744895,9796.367933049572,-98984.87911736596,BENIGN
121045111309203.25,-447275281304.52374,-26964469.671760276,18109565.82818167,-2456343.3334075212,1557485.443571744,-63566.69860717638,-2727.9907526030274,-2656.8353652138467,102158.8540219407,BENIGN
148071346832483.12,-429840717408.05316,36249833.41895999,-20862807.37927838,4161903.05286194,2766603.6497836863,-76560.30523129144,4362.306194548888,-4254.609991330097,130130.1565138521,BENIGN
-178535398005047.06,-715604326621.2747,-52152217.26845235,13913376.92545527,-29010609.765613973,-2628028.412217021,-7381.139708527335,-40674.81853881097,10937.686468255331,-63461.467449622956,BENIGN
99854643685245.44,-570430035117.0437,19233899.39849952,-11754170.513197888,-28046890.013782565,-1442870.802737782,-25019.01752572939,-44706.433785949106,13880.080171732054,-123566.94957560173,BENIGN
-62769411731901.69,546561252149.54016,-39064218.37135685,-8430841.248691346,49797044.37773703,-648836.4525241326,134949.53982099614,-68271.54846180938,-1010.2990466642223,7819.785516328338,BENIGN
290908987334723.5,-469145554678.07135,70648028.09213223,-31021518.697206262,-24930446.40508368,-987844.0296347141,-17063.48209025802,-49252.088282437326,15960.902415357701,-189657.54981833778,BENIGN
-180020766816080.38,8141783485.273804,-70449841.4333013,23082455.7150731,21601064.572409343,5448042.15122267,-7881.8966891258,58715.71954917382,-39966.43866704914,-70664.71402110826,BENIGN
-160692747762990.72,4116048552544.8086,-284986674.74835426,74493794.14794485,52009738.76963049,1591248.9863700583,204841.98821837816,-156463.02026965292,36715.172567236485,-663761.5121098806,BENIGN
-90835156895976.34,-554806319029.1229,-47841762.76133505,15793911.368933182,-1988045.4416815862,-1515564.5622726958,16179.257010942874,22205.665612955177,-6988.372465613629,81253.40355478332,BENIGN
26975937596673.0,-488595351763.28973,-46144274.637145184,23312115.025003225,-1325516.8527177684,976569.6593160578,-40392.630339771786,-15486.467521926512,-285.7354468144367,60125.021856256666,BENIGN
65265929737352.56,-568164221069.0804,9858307.766768038,-8537361.42846721,-14747483.35887473,-1339124.2774060764,-948.2850242749792,-37360.48442978202,8523.636769999976,-75550.30748320573,BENIGN
127378208078080.69,-485318730275.89056,57034502.517319664,-35622303.69711152,-714029.1641001292,-6377897.543328676,175455.75852739505,-20979.47617920158,5566.806125866595,-175771.140405622,BENIGN
209329662191279.3,-241812065546.12573,48855543.9468147,-28028089.79370347,25231056.86206748,-3857374.2346662334,187983.99301423485,-24238.18296252015,4602.82751917735,-181666.82454078656,BENIGN
52236531329193.125,-379741646782.09674,42126457.94215946,-33892938.562238544,12761842.587752227,4661942.689523358,-84610.29027416313,-35639.12040371279,4499.4341925613735,30026.71578402668,BENIGN
-141139354178990.72,3028354698305.1333,21677108.91635549,-101071811.09277798,48882298.80591299,6377757.731185112,-33382.399972376275,-91835.04457076482,10641.860862854326,-3451.666594680468,BENIGN
174398206968641.56,-493363468251.28174,25601232.421025038,-10973552.86648525,-9546488.469663627,-3778833.805738437,76869.69103189644,-6587.21271980082,4070.9090027315106,-95435.10647437187,BENIGN
149046713579325.12,-388256062407.3876,16768252.469102055,-9143836.749339264,7891211.073329013,-977076.0385547336,35632.41342903332,-9641.03101128386,-2296.771286990632,28291.030388689192,BENIGN
-57868857578263.31,-591582316678.4368,-976957.2942222804,-11357183.272069324,-9174863.958520293,2451871.83533385,-75142.79660180448,-10663.976283611839,6822.519887140254,-43962.81211794037,BENIGN
-40690804371529.5,-619860818180.5499,-1643637.9145316035,-9071685.607014824,-17652562.819905616,-2277754.8220161954,18607.673633944978,-31228.845175709765,7854.7761997712005,-96447.88816299815,BENIGN
-12193193731301.5,-591552852179.4701,-4959753.095330492,-4928886.891262289,-13232439.032778978,-2509264.7555267564,24556.650886458552,-21530.30437290754,3801.0712955554663,-33140.89410562911,BENIGN
-67088237027113.06,-614510720044.9021,-33427351.38258571,9224216.048791941,-8778127.889001839,-3262317.010782225,59745.60235304508,-40332.91072278172,3959.404723591386,-79615.56448448225,BENIGN
222260959191862.75,-355879327677.2232,-13682212.001434058,15982186.774475632,1926201.6145396493,-1788096.629998007,53980.91660032989,-15563.867564004095,2904.414684642823,-67241.82158359251,BENIGN
-152472005295778.72,-266545680320.35516,-123612673.37911054,54596279.818495214,18739397.587500844,-7893452.544965349,215664.92387367596,138086.13934990988,-27716.289735525006,181142.79416750514,BENIGN
-59789543709256.5,-24265551998.32849,-92242643.69488727,37639758.71021902,29687980.518709507,-8854416.77566326,260741.72579341193,166733.91838972282,-34456.63693244661,237278.38922000007,BENIGN
517325674149739.5,-135518419982.35168,61708428.434238896,-11940698.505425375,9422588.488757234,-3554051.797631898,112088.20937403556,88328.88209705942,-12152.915912329989,22791.217453033656,BENIGN
508762903126689.0,-288031481788.9522,100869220.08691137,-35440305.740667686,-3484438.9812344387,-3187726.9561844436,85535.8713455738,40166.09807758076,-521.4101318497815,-100160.33942891445,BENIGN
-257420052951956.2,9860916224329.854,7648751302.969059,2705661209.1442547,-100501791.11559004,18080200.988394093,-1107807.5828015842,-2363205.204130952,178050.39579211347,515234.0647592034,BENIGN
-70361557480792.69,-595685805880.2396,-24659579.91973327,2928618.738905471,-4578401.336129684,-2292718.276917549,46203.98247691218,-49274.56892198609,7034.655199133427,-73525.19118373905,BENIGN
-160717500813892.88,-615792888404.5107,-17444189.009030327,-8955698.371715728,-2880369.4561287165,-913698.3816483235,18507.134006081138,-41432.76605179958,7083.8322234964035,-67871.65130601209,BENIGN
118496535661348.06,-493499325270.796,17677812.37062165,-10558330.925741848,-3616576.879204791,-1588957.477460055,35097.66934054585,-44315.61231531435,6040.590770411527,-82695.79994437838,BENIGN
-111000949663225.66,-586141774834.4178,20968789.09414397,-30135183.58623184,-3105510.2061249763,2206088.51726283,-61309.85952218321,-33588.626626967205,7340.210074020273,-23239.50445185096,BENIGN
143720952013078.25,-306922034430.0918,-34191179.07474314,21817756.019094076,11924377.696442384,-220390.7497267034,36105.038093544834,-25485.655461543116,1391.6141828658183,-22813.472857781497,BENIGN
-105720266194026.1,-206319067978.44507,-102758577.53836946,43570520.54934974,23061877.300573204,5619849.875198066,-82579.61198377272,-8857.24025205461,-1587.8318547215931,72595.63602901273,BENIGN
5677956333777.0,-595901725416.2434,-3348754.8600735664,-4458690.976774264,-15248810.926761173,-2857550.700899832,35064.23341694263,-21291.565287139783,5057.194399873744,-71738.98993013104,BENIGN
140163054844848.81,-478467833259.7029,21633255.39167896,-11572950.258592043,-5260192.151253149,-2207718.6599178724,47458.27585836442,-29322.982499114754,5582.1995963755035,-87851.43360075835,BENIGN
284445643300991.75,-402933071444.3944,75822171.03548439,-35668161.51394968,-3750738.960700989,548216.8576093921,-32937.40186060153,12869.333810941527,-2430.6661353234813,58814.87781000183,BENIGN
150598812372406.5,-469732745317.78046,61550004.34512769,-36840298.50956796,-2962959.32029235,-4612047.738681689,115901.84522187841,-44918.34093561931,7652.913410705089,-138605.23272618643,BENIGN
177447164665428.56,-334681516397.1457,68299898.43623884,-41404541.12073776,14183221.385324884,-7101025.4376731785,212892.45398858437,-27301.81464474028,10.82684323963258,-93949.70215821147,BENIGN
-114621550963943.81,6119726829154.439,1101300697.989513,-857268650.8406893,37980640.66140802,-7839858.987217754,256195.69372237087,-415031.6649208814,60326.723863554595,-285442.61899024306,BENIGN
-548130018963.0625,-335219430743.13904,62601778.711742505,-52656262.48332718,20101138.09176777,-6948110.450792396,213998.09032901525,-60690.269668961075,1283.846646054095,-65719.04219260122,BENIGN
-42939869491756.31,-373923949067.0908,-4616308.841505617,-11822782.873764057,21083539.452497784,-5453847.940324006,180715.24185382802,-24533.256042074296,-2469.4429394351064,-25068.19676234273,BENIGN
103276407762165.5,-145198239941.57556,-112184475.44335166,66342631.94300148,16231316.056734394,108523.7538173492,13722.390831399145,43197.699680528254,-14280.1022332332,176569.1566367246,BENIGN
159658542128315.2,-376562171093.90704,-5000049.918896556,5687958.791071508,6025343.692280594,2761970.873981005,-63356.10400719648,-29024.912342430714,1065.590694281509,55541.991788804844,BENIGN
-64318225965814.69,1557098297066.6987,10550621.23584181,-59722488.03213929,52066400.61553761,5487447.242465153,-3002.28440159433,-86919.2789846132,7101.706965341236,8102.55641887321,BENIGN
21961772502266.812,-183762199016.9818,-50075220.962500975,20035848.215993546,21313519.113534536,-1302278.4789407172,55489.24091514044,63369.61163467944,-18955.029454849566,214505.84369669732,BENIGN
150865263698315.38,-492873416286.076,17560655.148060217,-7832943.334915575,-6095417.243044008,587777.4739786568,-14027.930992741272,-42086.76063731539,10717.41724872286,-125812.11722299882,BENIGN
42468825653520.44,-565980575976.0747,7270675.569484055,-8923602.105336603,-9389391.934046555,2242446.0943853757,-56822.923661948036,-34128.39885571785,11716.684355348898,-133174.93050881132,BENIGN
-100227718028468.25,-664575176235.4939,-28482692.212825134,4166755.0003861897,-19193947.457185224,-1604382.7624318576,-5360.066719058778,-40798.48595830513,6848.817352927163,-83031.34650581583,BENIGN
20002042913215.25,-501193574641.4246,-21335419.49765612,6796187.344702903,163602.0154489763,-5237603.476665411,119285.08165337837,9667.289754109239,-4771.26781884053,8412.924776199448,BENIGN
6856663654339.875,-463995276698.21466,-21059179.799276352,4677270.08547058,8360535.20310552,-5514570.1850943975,156322.33084856902,-11887.67948431717,-2098.705560259099,-54652.31364075782,BENIGN
44205267368313.81,-511321216688.69995,65940728.92307709,-47796922.17946446,-8331814.358688358,-3236154.5428394214,66137.91156486803,-35216.80602525621,7261.954369563624,-106317.83918655923,BENIGN
-107062095566990.6,-535412789290.6634,41559840.50349407,-44056421.48926358,-4415286.63216275,519264.6046850574,-22690.950080910618,8446.980495800311,1062.2525302306422,-8154.229284491546,BENIGN
-84427778936459.5,-657707289257.6455,-28323130.068080902,5272532.265644915,-20119970.786810223,-1636666.1478798084,-6776.92566195237,-41109.38767613734,8989.868881683746,-82095.49570105856,BENIGN
-141039372960851.56,-614935875485.3707,-15518906.559795603,-8558473.419534493,-5328207.8477008045,-692087.2893100982,5969.985745197828,-42628.31026820865,7719.097980291208,-64168.239293398765,BENIGN
-162478473269754.53,-668737796401.436,-34913110.95797164,3227972.873228181,-13074759.866254605,-4046769.2271256424,62795.94579254919,-37800.42407719958,5151.487510063453,-56617.880226874375,BENIGN
68695593292409.06,-566769912075.2627,19599617.854712754,-14670137.136162486,-15279056.250038065,-3215423.8402042403,49039.73018933815,-39110.96490730204,8865.092142731559,-116481.41245684435,BENIGN
15024503889463.375,-25818527134.83972,-48454285.767385535,15894335.828294393,28802957.317389283,2386217.7216585497,-41657.97202961346,112527.07113179268,-31547.931576082585,438264.18706029875,BENIGN
-222754477785082.22,-693264928629.5815,-46520811.66879446,6067228.368586358,-8072657.985213172,-3515446.9322237074,68392.49557025843,-54363.67736952626,7968.2127108395,-89769.971398521,BENIGN
253151449365873.88,-358096271253.97894,-11754940.33284378,17600208.629770458,-5179617.885015488,1064812.8602862894,-47635.00037256918,10493.748825086637,-712.4004833927866,41483.69955699688,BENIGN
301009437360107.25,-362258172159.01044,12846665.795874655,6006721.320389859,-6162075.987425372,2592364.8346857964,-103275.45786794492,43695.124230555106,-7421.503773332661,160514.49685230653,BENIGN
-52356723655210.44,4911675936501.327,-414078055.52458555,153707254.62682775,58735426.61884451,-15921761.784803322,536038.7219035121,158409.3505445788,-36135.590534664414,53995.36211063811,BENIGN
93129909817755.94,-518296263963.02765,-4695346.208140954,2309409.9607241005,-6010476.1449182,-5706062.940523086,137741.76897222825,27963.25088714699,-1035.1132520359533,-98089.6663733156,BENIGN
-159766468883856.5,-699656427615.926,-46620333.31150296,11620342.557022523,-23255123.38777756,-3156470.3660314577,19466.95558066625,-29234.24780362632,7318.744750611844,-62671.41061104763,BENIGN
-2853033828131.875,-457605128993.9737,42467525.17108734,-37528602.40382685,6692292.04059815,-4507452.178387764,137109.9717595843,-27697.02228751655,548.8750141988821,-77577.04307550329,BENIGN
247334061337406.75,-187550565252.6814,-60659334.97246846,45878359.99453915,4188536.073439393,-2610731.417341657,58758.41472112118,116300.52641093885,-19108.019670943424,151035.35049184994,BENIGN
-41610754891204.19,-455057548678.2583,110811483.26860507,-85309619.22204112,5822115.390413377,2563602.310986187,-18593.385892966166,-57710.951341289736,17384.00185446074,-187246.50748612775,BENIGN
-30405144557241.0,-539645194450.92554,22445492.99195382,-25321495.650141936,747869.9046594761,2085679.0618179399,-35400.484234068215,-42619.96980131557,10624.53659030751,-96230.96976979528,BENIGN
147381446316369.5,-482561701091.44836,42144973.18581547,-24068972.941133637,-6736629.892322924,-3660371.564640765,72313.0551055218,-30.87837604817105,-204.96630284023558,-35280.75443024996,BENIGN
-31216419586562.0,-603231765069.5106,-10043999.97502333,-3040586.9318754375,-10210706.468537968,-159622.2912590555,-21518.941166212422,-33242.64565793431,3358.1802211498143,-33150.25693081215,BENIGN
-121874161837442.16,-648803984300.9976,-20613645.926527277,-3044963.3424069993,-10636785.254731316,-306442.6715950719,-11873.772862776394,-39708.46781260794,8318.972572422907,-85800.44277998322,BENIGN
-158291655125102.2,-668168579854.2605,-35012885.08072523,3590391.6435916424,-11197333.023205493,-995864.2129615638,1336.8898696433953,-38325.3576083525,6562.961823596568,-82229.85191409488,BENIGN
-148527717087486.5,-605571543169.3911,-48280462.18092847,14215411.301342594,-1019688.6445270516,3986998.746551567,-321460.91871105845,10052.74311713887,-60024.66330873447,1222098.7366208956,BENIGN
-241139644928333.38,-743816021936.1467,-65653765.040764794,17973491.615696132,-25109576.41797342,-1751828.9427938496,-27722.485497430214,-27643.375192968957,-366.97633151980335,-35957.21566003113,BENIGN
6091209205522.1875,-560152237577.5718,-2109752.188942373,-6003371.579672743,-3494410.830518823,-1430818.0486942332,36378.879145911764,-52932.7808439725,7689.3356981872275,-112214.8040490186,BENIGN
-182306402750212.53,-679998516163.456,-34427784.45198189,1396081.7114445232,-11191266.977707084,-933322.753453718,434.82254985913823,-42551.37249672451,7276.773554777374,-89576.53925302078,BENIGN
-148689094645216.75,-599900959787.6993,-1334299.8052546233,-18748032.149361003,-1861629.4140835814,443290.5226959903,-3510.6404381202537,-42192.72478918362,9730.045796457554,-104050.21946456571,BENIGN
-92624041861221.69,-648155803713.3129,-27653462.502033338,4022808.766613696,-16749247.19642016,-2688594.8278338276,24486.59589408617,-18558.307498645172,599.4473419948408,-47216.59218905993,BENIGN
65557564902471.5,-531119280268.92786,33280910.56629555,-24374855.431589108,-9141777.89062025,-2846396.261165157,48288.53093818501,-27321.856789693546,4832.7416323711805,-66468.474776054,BENIGN
92246413432278.0,-482596889334.66046,38333355.59351678,-26362090.421034735,-106284.57874619216,-3557061.8787998315,95031.66478104764,-22913.98658525499,3523.6771902067085,-91951.42567502454,BENIGN
434525980308285.4,-316590834300.6093,59085269.60023217,-13687764.874625292,-8756766.300168749,540345.1617981261,-43573.34313161783,81737.70005062732,-8924.64208243411,89231.14389905875,BENIGN
115783198934793.81,4932222343059.583,-452608005.77980274,192670804.5255202,9151386.496099744,6157672.528996283,-129855.20024921738,79133.5380176306,-15294.156651961213,183625.16333947293,BENIGN
346326751096565.25,-398129721732.88025,106819710.38181917,-51101676.7789347,-9450592.126644913,-2420669.585882568,55721.74336800183,-40505.937466388845,10285.570462210711,-166210.04896641208,BENIGN
99898545642395.0,-545404430762.08716,44613242.88197838,-28350121.494765405,-18600364.99905347,-3666759.5532326074,73578.15812856506,112844.19750601545,-948.4656466978486,-108700.53726806672,BENIGN
124580551270607.56,-481820017557.8565,-12229717.75062652,9261260.451630868,-3276227.919912532,-6422925.830781808,166111.25461477623,92361.66776969164,-6355.0122608609745,-76642.09785850835,BENIGN
-122158399983109.0,-267270686661.93872,-158935320.45219198,79629819.34725717,25710558.89854942,-6760275.981037114,222436.65088369674,8152.615255159955,-9740.214256332276,15914.730111047713,BENIGN
-143611304103918.53,1741010768623.4214,-446136873.7325397,226456435.5748707,38286418.08207786,9165584.427051274,-118404.11658001291,30850.555983843653,-10099.072225074622,106324.47746114279,BENIGN
238062536077646.25,-483211057900.02576,47742943.55209385,-20224353.53680763,-17243244.248048123,-2164169.8191132536,23047.424021560135,-21505.47673360953,8429.5724014788,-125607.94300619944,BENIGN
-98557761117781.06,-639016572859.8752,-27689275.89327684,3518362.8960066885,-11592651.753400926,-3589503.3201821963,45489.963965943825,-16905.324011397443,385.78888438914146,16414.68151719794,BENIGN
-257910935354902.12,1670100140285.5981,189487091.9468391,-194888749.47428942,68441785.49642514,17327894.45578303,-147612.43082475904,-75460.7742854078,39781.753312081826,-468018.0786713047,BENIGN
-18172286343609.125,-554098551231.7117,7797372.930393249,-14251833.070718285,-3100698.284728367,-2601576.2443913724,38666.25880775717,-15007.543694527933,-2501.5837711423737,49373.299222497044,BENIGN
-18804182239424.562,-606437630799.3352,-13631973.806987807,356145.66513113305,-13166311.526550379,-4008594.7682097685,72487.3737260199,4832.477768609489,-1080.499496207889,-64401.591247670905,BENIGN
115371514877959.5,55480366025.70178,79182825.1762866,-59403565.61129838,27520001.363750596,4937821.453234011,-157163.33611548386,121229.63607306601,-41655.07363913156,727909.971989366,BENIGN
54140371034580.75,-569645175151.6658,8524830.54967326,-8609918.766003374,-13843077.83022724,-1945876.0745060702,18152.343795140685,-37511.14615646357,8591.323722765112,-90142.43774302336,BENIGN
9012218414377.688,-555430721403.3568,31069194.61985454,-27313982.857762758,-6575675.750151794,-546810.7307939641,4968.733271445713,-49044.097615136016,10332.609787360172,-99503.24283340696,BENIGN
92889417057532.31,2233429670404.3584,-470277531.06898075,254643652.07127768,22039838.46827196,354863.0696497434,-55855.26481563505,452443.2757196531,-88488.94167346554,966412.5467631046,BENIGN
-32331466961264.0,35082247004.260376,-176307481.10047644,93162589.50636181,22625618.290163387,-5311599.158001794,157396.36283013105,80032.96833912423,-23968.955528155246,196141.56554063395,BENIGN
-128493667154532.1,-627811291295.8864,-38758883.869236186,7909830.286981601,-5316991.771758735,-1296430.2364799792,9748.540753374979,-35127.13924501057,1371.9145531092108,-4285.2873443071985,BENIGN
-77249648483066.47,2365967232471.324,-359761369.7936559,164285667.99233353,34807800.99687636,9082348.492237072,-129743.57804128142,8948.55791914025,-6437.681802085019,107001.12684012635,BENIGN
-196474430736687.44,-666834691175.6265,-54524754.97947145,13051682.493481759,-6507607.182134099,-5482443.817110822,114342.49110093048,-27862.530595907694,2205.246095192939,-54465.488645478385,BENIGN
4126873929443.875,-536945638963.1152,4117057.9902701527,-10557088.778566543,-1408633.4735625796,-4904188.261367856,116512.53171664264,-36108.82955092835,3281.1462936195967,-75351.40932493692,BENIGN
-185741457829798.5,243462473872.70593,-168061224.08240384,71132315.30045381,37028735.206969246,-4300476.645033412,147833.4475219746,49701.17540188759,-28803.886610846,293210.97651795216,BENIGN
218715742010284.62,-237753695331.64478,46238330.78725897,-25195863.601316188,20660876.60904814,-2354794.3424756313,105283.18494717745,10139.337699928783,-6354.359544370585,30718.645733178862,BENIGN
187193014036585.12,25182250265.823853,170830800.33480603,-113812048.16703393,37289023.30896573,-6671149.855581796,259140.3196655054,-50753.56154605279,1060.3562720268274,-79762.59847224849,BENIGN
-199959961251659.75,-642543389820.8923,-32136558.54251738,-2217488.4886916094,-5336985.976260319,180834.02674708888,-13690.464936544198,-36159.81125281581,7348.936103157379,-62160.26655810381,BENIGN
-38964699921282.625,7323939810207.686,-979067028.1414809,475119194.2564649,-8141845.031606283,10412769.369536273,-189297.78737181253,58399.270023886165,6382.840270591398,-265397.6739354729,BENIGN
78508069440638.25,-518463759987.6436,40567179.96348174,-28360843.21862367,-4297741.565444637,1057501.611618999,-20208.59233121242,-47781.690104952664,11868.85979247525,-126077.43484604542,BENIGN
92036324787238.44,-545558551736.2343,29790509.917181328,-19653103.169264447,-14009803.521667164,-716501.6161751538,-8578.220381320354,-28508.05530219132,6691.2210941802,-83271.05795838882,BENIGN
-188592052788395.16,-709561949379.6602,-48164888.83526849,10389073.954334855,-21679007.25249251,-1776415.3347624578,-10245.291622301555,-22512.995367976266,-302.70283421154454,-42309.13499093641,BENIGN
324662600776001.4,-408263647098.001,54330150.76008521,-18181776.826697785,-9314306.54256203,1720381.4743667818,-84861.4508727947,4601.550302862757,-2037.335604136446,94516.5768536572,BENIGN
152341627601542.8,110002648775.95544,-118777866.24454731,71008117.14009273,29844325.889401224,-5894587.510037202,153183.8508594311,364055.72423894226,-64636.93064152975,614442.7381822222,BENIGN
40034824259288.06,-418198237189.4396,60447255.25695492,-46082299.85756846,6179580.424718458,-4081827.8044520225,100193.97236500977,-20547.696304902463,-2924.588570722415,29081.497306159537,BENIGN
134394616495000.81,-513990656181.1603,27471008.06438884,-14937218.355938744,-12542738.474474434,-661724.0955805345,-24162.934299955836,2926.0804013400666,-872.1344769580865,31647.332046601296,BENIGN
-154440878749768.28,159654241690.46204,-151078324.78912455,64063752.68588902,41638014.99652852,-3384815.1866147304,160957.21044505906,18686.066510307188,-19632.02932788588,156575.18025067355,BENIGN
448540810214806.4,-190804552072.4319,27373558.14068672,5527091.600298718,3721491.2646566294,-772282.0975348274,25723.52253494533,41765.45673969382,-5607.651667815291,21027.503635076973,BENIGN
507209921743711.9,-248549735923.41296,70085663.85148712,-16152619.076762479,-4536241.279146928,-89576.5629565604,-10097.914653712112,43021.733351270464,-3321.95078131009,8595.31491999163,BENIGN
-107552384394702.88,286532152000.6653,-123553619.47285677,47251686.43935597,50483874.25127825,-15576278.111325782,508168.2314742345,-16578.03704610698,-12617.367591069915,-112268.46703191582,BENIGN
-138689903141409.69,-343514107496.112,-37480974.79765022,780400.3083524294,24276945.708696652,-9137199.727426652,277124.6541640139,-32382.24561118755,-5160.053956342101,-55558.808217941354,BENIGN
225687050187938.88,-386717584966.8161,34384773.836772084,-14529945.702764358,5730247.7960172035,-6573320.511919199,193273.55244583645,-31147.57647469756,5096.550481859096,-177712.81668911636,BENIGN
180785505770643.2,-389285639015.1061,63460870.137178764,-36932487.133610204,8766717.985589582,-3429866.9432532173,105740.8341176271,-54189.516243440696,3336.6987671759925,-63383.63577251944,BENIGN
-185969058362716.7,-345812995688.64484,-123489897.03294665,52989209.27654426,16037493.988861132,-4490766.553294687,124957.55016423596,40186.86957936672,-17147.82646421907,128023.00503180522,BENIGN
-224900744631792.03,3270552532058.0283,-432609754.4614594,181890429.1119488,38667784.79841274,7066901.695701623,-23822.68047172165,147745.97679450896,-10054.037390761358,-72662.31053273042,BENIGN
120416083941214.38,-518657128819.05585,36450139.20578283,-22105051.617477078,-9650719.307419483,329461.20974343223,-21780.632065414262,-37706.66369160512,9737.039780990184,-98597.88418488164,BENIGN
-12784886843611.812,-607258782496.9583,-13874221.899513498,1008731.942441918,-15874159.758748915,-1893945.553105192,10853.290050770163,-25521.327594143193,5325.786285613496,-74406.76362493058,BENIGN
-96810292693242.47,-655355922017.0178,-19862544.116718724,-1283193.4001548998,-17814791.12606416,-3204466.91750136,33989.61212175709,-41303.829742098904,7943.143321814201,-72665.12251932619,BENIGN
-114514955641895.16,-3347090717.7841797,944229149.6476771,824109045.628104,26890334.990765076,-7521012.166415518,492132.9169503179,1450514.9634619986,-186389.75751244076,224836.3194934326,BENIGN
151854608242050.0,-150254302769.69348,65584141.52859993,-44395225.08428681,14405644.22202858,2343717.807595528,-57083.733007352144,115417.92923297692,-22164.3451401278,320645.5301620941,BENIGN
108594531771230.56,-434888843429.69543,84738920.05615182,-56031013.282431155,4786592.886503439,-2269532.494182094,80041.89879244447,-44793.69615720706,8050.08914941665,-120934.15581994693,BENIGN
-138918089778189.4,-689623421821.8345,-38642416.88985216,8014326.198017653,-22984145.46170506,-1343980.8691598098,-25150.430058081358,-37837.5241454334,7403.243738487054,-60253.99286270271,BENIGN
-160300482009415.53,-668476146640.1586,-28352968.021781847,-945503.6539807394,-11642462.128685165,-3298838.116690566,59253.17478683512,-42565.478276438975,8179.901628421263,-110535.94398024771,BENIGN
-65379601115258.875,-624595540302.5818,-4860485.213018149,-8841589.468395326,-14827819.825575951,-1384589.210480355,-6747.838861647278,-23808.81368965561,5167.473422560204,-28741.211039271497,BENIGN
-214249897187076.94,-705787798229.2238,-47074071.00534071,7527934.868167307,-15854812.67439579,-2514544.30724617,12775.368019159003,-20542.168206797214,-320.24575480867134,-17826.35266039084,BENIGN
-252777364979233.62,-543217776188.08264,-107710022.99430896,40421042.17668526,12809978.93452553,-6946793.652085014,198266.91117712395,-30655.392202083858,-5427.195351019593,-74858.4063748475,BENIGN
-194681952135934.03,-496577434119.10583,-72958624.52311336,22395017.481867492,14869206.518783938,5126518.211129582,-111495.18212663189,-7191.806530585038,-5576.9371161478375,166844.275749342,BENIGN
-155255269397018.6,-567876375377.8408,-19229322.6941406,-8132691.391218167,2302480.141363438,-467202.6141767306,10821.947255208754,-43114.65457622586,4491.534392435646,-8634.992126270336,BENIGN
-202259995204560.9,-718684784697.8162,-53009392.83420829,12579731.931805026,-22195949.9188037,-2498198.706172006,1150.9868815890095,-24154.497721837277,2952.516339781352,-42526.05319997153,BENIGN
-173796719636245.03,-651344942700.2466,-26722402.096648917,-3292916.248041164,-8245144.557884302,-1578996.6332871846,13778.052646742894,-24769.62437036973,3118.072847897729,-26693.644580394328,BENIGN
412664243460622.0,648663226487.4747,-149686200.57396767,103897562.67438728,-8647876.31983307,6780566.219975745,-285541.5029413991,605329.0084231887,-92491.09532564768,1085082.4225357936,BENIGN
563863004217181.6,-277907056764.6682,108326635.8597293,-35638194.13272782,-12849294.045851175,-693300.8719689907,-8435.51728110018,73861.40729373967,-3172.7784845070964,-22155.205303863055,BENIGN
691743498035843.4,88847141118.33374,69573046.35334782,-6735910.1070618,16658564.038930941,-6202849.73711757,214092.28453234004,107698.74564909865,-12821.716168059023,-75015.76184770794,BENIGN
6134156786297.8125,-536596932248.3325,-13148750.886353374,855616.5943537392,-1744288.567143783,-2353126.166076655,56283.35013821226,-14430.906600586384,2123.9635351698926,-53702.00516798971,BENIGN
49962510841576.5,-193139084681.9673,123457914.22935535,-90404115.18638852,24929568.2954957,-1348137.7068664765,99091.19712570732,-12118.26962199957,235.03266152651486,-18307.771047855455,BENIGN
420870811127573.0,572957857709.159,-99748231.34897183,74862005.24445158,9257067.598752934,25307691.040264327,-821133.6331169995,464158.068305422,-105258.99293239252,1813753.7532850637,BENIGN
-133259806751620.1,-635989395705.3646,-5200221.933631957,-14242313.819861043,-9862204.953058816,-113032.67369353957,-14201.033635241216,-41340.65790685575,9761.667966407404,-89699.03690570204,BENIGN
-215831430671550.06,1505898065600.2393,182740412.16828293,-182814272.81228966,58253795.7057654,10693384.103963358,-141311.8647207795,-83799.67617185134,5681.522533181567,165235.85597361464,BENIGN
87481527444107.75,6622950166554.307,-932681226.3707542,471888541.85025924,-45512524.66473385,4839008.256215161,-346929.6213786298,615594.5425326559,-103866.44483914615,1166695.7311457214,BENIGN
13399746517140.938,-495237670378.1138,57225256.50018929,-45101891.34334053,1346444.8444474451,-4830598.344956337,130634.31564698939,-50794.173457762685,7091.731111337376,-131807.83109596933,BENIGN
-304047283696078.3,1971328611321.293,113498134.93358622,-155265129.79504874,69609933.74122515,-22578569.55501288,743381.2863032582,-269545.64127174247,14183.028553993612,-510030.23494273686,BENIGN
-167430920935894.88,6885309876957.998,-977319817.4779253,473498776.24945724,-59196013.10654529,5380308.306862786,-366485.15727958566,328681.9130823397,-62664.32982859654,774968.9834357825,BENIGN
-195662823488622.06,-661886629676.638,-45559146.78986904,7169516.7693009935,-4027287.3248583786,-1317263.5595709528,26400.916432662885,-48897.691537151404,7896.864031793364,-76902.76193371812,BENIGN
-166280528610153.2,-633925948448.3093,-53430036.82954492,14274103.402991638,-376932.4931864776,-729405.1560735474,17749.036543130547,-45013.83187216369,5835.622242893984,-49201.86580978217,BENIGN
-95675960408704.06,-248314893674.36353,-132929298.59051406,64402037.63003853,26760717.25208308,-7509553.16600664,255941.33733411363,-39600.38709232287,-1995.854782389506,-98876.65433343797,BENIGN
-8142015726398.875,-474283628376.8087,-44171871.1244812,18662005.817182317,2072039.3549182527,-1261747.9936278465,31240.59843021035,-26908.27690518047,1167.758616379353,-10078.16108414172,BENIGN
-32636484554704.25,-536981764055.99243,-29111072.93502146,8008778.928028699,-846284.9032532349,-1808575.1075716887,36109.090138399595,-31165.86252944022,2779.3892400871628,-13507.904015683907,BENIGN
-94218432090226.56,2184909003539.2085,-325579187.3737593,144499536.99664685,58241791.36860934,11636267.976043046,-144050.9880590508,101439.75335764457,-21514.26692467556,280546.6261123991,BENIGN
233325098676620.12,119189113031.19006,-65561154.88933364,42056281.08946151,33162476.78902447,8090436.2089255545,-122139.47955029186,12008.128066291618,-7798.404457800631,170441.48726533412,BENIGN
136428919176689.31,788945254030.3763,-47327256.88779781,9675396.409091212,49277559.01586801,19724609.128812153,-354445.40746091754,34663.638339794365,-3260.2992521239103,249782.97255851392,BENIGN
6313297843275.8125,-548744372011.30664,-35041490.78870539,15463405.563802868,-8789107.766337547,1552646.2735371622,-68932.42706498444,-15163.487137719238,3095.665337782786,35279.13139242901,BENIGN
-62071278688303.625,-562488126076.565,-55725263.04200826,23405851.588615496,-3373276.0555560105,-466677.710083846,-13793.058113365565,-23741.435552845418,-60.91795455056854,60813.71083378206,BENIGN
97705375139837.69,-537578964339.77405,32474985.456392944,-21110743.187057864,-12737208.070762813,-2401770.6357618617,37265.12823511097,-31584.606457633974,7260.366732343053,-109760.35338525474,BENIGN
-9158097744147.062,-584300187029.6073,-8311927.146980554,-2707097.4779085815,-9570736.069702774,-2810848.981441943,44687.155186183445,-34422.02019317397,3398.848261726289,-59992.368346170406,BENIGN
-116855685525364.28,-602116878914.6138,-15439114.732327804,-6848933.774275575,-3646133.414717894,-3217479.4893745943,73040.20876158515,-33352.30596679861,4146.062091359741,-81769.3322442836,BENIGN
-208133753609368.0,-713519355294.4017,-44773722.44239928,6594674.673611686,-19751721.901871417,-3350564.8338754764,30613.00149078512,-28775.781229822147,1342.7368934511978,-66574.20927557116,BENIGN
98736741831754.31,-461037203208.58,81844968.95156978,-54552368.02257182,-244828.1619891636,-3597832.4163938696,101439.88327681359,-53085.26231230818,9340.789447218169,-148943.32366284946,BENIGN
-11457306076037.562,82228835248.4657,-69398413.11375202,24963549.19074953,32710936.847536165,7020085.978488758,-135707.6630353489,6077.6096061533935,-15012.860265966292,343734.9796844584,BENIGN
66427517626005.69,-556014529356.0051,-535675.2662612945,-1997739.1425118707,-10804621.891008507,-1558084.2154524198,19437.70649285809,-44747.73814702591,9580.806967794811,-108778.39795249247,BENIGN
-214542620124849.16,-721154068696.2534,-53112406.900576696,11593948.055697482,-18306909.785326883,-2566613.8023357056,15675.025294794246,-39434.45964989474,3807.4112032587473,-71482.00830210884,BENIGN
-105014690985366.72,-639597351371.7731,-28353722.525602356,3391435.1189879775,-11608974.793340616,1659783.9377463027,-73330.02748928602,-23513.037363446227,5046.525283138239,267.33988671478437,BENIGN
161163893451660.2,-510561621928.55615,54956964.32811259,-30985986.100124214,-12754407.737344991,-3215579.6432151967,67882.38035348293,-49036.36735816726,9396.257817188365,-164790.5382668058,BENIGN
175673710183043.0,-453470589182.3096,65101620.03330918,-37351261.54068968,-3422976.164682448,-3706469.007633317,98876.71672407922,-34614.53838418487,7672.895538806646,-149798.471127886,BENIGN
190124802212500.06,-225787368416.68738,1051823.411951542,1172531.1869652867,20220168.719882254,-3121541.0289922184,139878.00869064222,-36238.015004728455,3247.5060976423883,-112466.25277391152,BENIGN
215382677429117.06,-470079622290.87976,41805034.74854301,-18539671.275071245,-7543203.155604459,-435747.41527321935,3385.188126922578,-46698.06443387491,10425.335798678632,-121389.55367069072,BENIGN
-166248375726129.62,-696688574290.25,-44306633.97008236,9552447.620810032,-20731278.819902293,-68083.71585264802,-48757.63818145747,-28711.242431370636,8189.284273197642,-48965.095197978946,BENIGN
-87728092387024.4,1207998543637.1953,-221749221.50489932,95319921.1068647,55570125.06760259,-7199429.020267773,322052.63972380734,-32436.405486189717,-7853.517218624678,-72453.4600133561,BENIGN
-182516577652942.88,6262734202468.928,-245897066.31101233,7146791.72184132,25249890.558609065,277149.97518094396,131478.93112736585,-154264.62568499192,35907.389146135974,-526839.6417213986,BENIGN
42708295145176.81,59437868067.38147,-51550611.72516527,18323325.057718545,33261874.564770695,9784968.647602864,-194654.07256661967,-9624.254013423866,-11460.242739963076,320902.4922885246,BENIGN
-213673300769107.78,307256373063.72156,-233685124.68545145,109261543.90473023,43711083.33771354,-3391405.8301567105,210448.6875365689,-54668.72980897558,-4893.601069641489,-122975.77550186735,BENIGN
-107896287440713.62,-622173271247.1245,5184781.064094529,-19063036.997266736,-9706479.29493004,1426796.169976844,-51386.583555544625,-32793.20499386855,8053.770741753393,-72404.7403027316,BENIGN
-18297762801773.5,-599029726507.7091,11722551.451012045,-16289742.896200668,-13381123.700968977,1704736.4133566334,-56935.08836590369,-34540.18092239277,12232.401224621204,-126455.8722623621,BENIGN
-82934543050665.75,-542227568016.8552,-28845066.039437026,3934882.0045867004,-384441.49179551005,-3936825.0663840557,78558.30294610279,44737.13136083644,-10047.975251915463,84176.66599588789,BENIGN
56933009039439.375,782097255067.5157,1928284934.8545232,2033935241.3730495,44722601.5674433,-4626311.920816888,62860.658707506795,-2057191.7778211993,162355.98664055584,-639462.9593152411,BENIGN
388590617152888.1,-396225256190.1335,86591421.32593946,-34284317.39276558,-12502811.686824389,-13600.087793994695,-23018.038840433102,-16489.62620388636,7125.962152351767,-85134.41275647833,BENIGN
-190447929580356.06,-671604437386.4468,-41683326.045952655,5411576.502922088,-10841872.929144856,-4376612.833150998,70215.6387931612,-17196.265790058875,538.8261910190413,-12880.832248994786,BENIGN
-126437199893588.72,-483377103914.4665,85831121.7977312,-75548194.11687759,2593662.011478033,612921.0869771158,799.9374302850993,-40144.89983408831,9384.26299125636,-92069.18123119646,BENIGN
-43001114994272.44,-227704182908.67773,-108722146.66547737,53340536.92939706,15050890.060557004,6601121.804483606,-145255.71072748292,6873.222089453186,-9167.314731319226,198575.47737483188,BENIGN
38417645901926.56,-468999890815.4327,-24597640.901222244,9646156.797147091,7384432.741339516,-982234.6193028642,48649.52489365426,-52694.582042575246,5177.381759056112,-78945.85470325183,BENIGN
-62630979298110.94,-499486050592.1152,-22869944.402873755,489046.7514808513,11713868.918009933,-2820850.232519147,109412.73074083638,-66285.38155841993,4827.849195989427,-120182.54686695329,BENIGN
-169697136553821.9,-681827904064.8489,-45763120.42801046,9998005.990112681,-14965522.340696093,-553377.7205664073,-28942.958085099337,-23569.088068866964,4732.936532352578,-12135.469484081033,BENIGN
-50040635567603.875,-632773022726.3036,-10563596.045666322,-3823601.558158558,-24226339.537209008,2374716.108154033,-97918.05253299899,-2888.2444661093978,7644.755327770843,-95836.3492612927,BENIGN
246861218144832.38,-444818371712.9958,65935716.42164005,-32011890.57018781,-5958450.639340714,-2795662.7824402004,68271.83388363254,-25054.955530513922,6917.798785492509,-130264.02834690051,BENIGN
70315420475189.06,-532769682481.15564,29348790.64746864,-21525854.912768003,-7091593.365847636,-2837566.354982157,66455.64614827704,-35116.92672297174,6577.951161762558,-127535.66866726405,BENIGN
-185232592172564.12,6109349780271.852,-247120898.72960758,10619065.502264101,32888048.77879173,-12597960.429311754,429563.5704471057,-226988.72994107468,26230.08699309987,-493666.47928419616,BENIGN
-128604759718322.4,3474071564614.395,-312152630.43152773,108069313.58518858,53978993.81275983,4305298.953877086,40551.74781001508,-28092.757626052397,-3383.801324247481,10636.308930163323,BENIGN
-15018730014687.25,-437010730848.50714,-9031730.319013417,-4970494.531959761,7909599.270902146,-5584753.817731218,122467.91139004432,64024.677366087555,-18598.579662838903,185555.84265420891,BENIGN
104112187775209.62,-343189297534.9141,-16555704.942057014,7754991.198817909,12014225.609756436,-5444044.645704828,158999.93713754584,2604.8320512924765,-5500.806578116029,-14530.618498808057,BENIGN
122206432764458.56,-363483702104.4212,-14864173.59259592,8875692.362627026,7513118.326449152,624815.9750711941,-17138.122682483845,27402.86401488921,-9584.322407712745,142028.86972111542,BENIGN
86644436353717.81,-522864525464.8798,5725984.678810209,-4851318.796465877,-6312324.227092467,-4757662.282261488,102380.83634257036,1937.0245643691123,-256.94888334484494,-55095.66365817943,BENIGN
266614350650452.0,-319170544678.7641,61934277.553757206,-29408334.641071934,3774693.7314997576,1107583.0407945053,-49155.52932784516,56596.674803637514,-14246.18988494418,225566.02709271573,BENIGN
394103983697600.6,-246505917940.63574,69390679.05892842,-25371378.05050273,9501193.34103014,-6582813.996001,202556.40806054103,98842.3722672603,-9908.654248854757,-70322.17285243282,BENIGN
181813703578292.3,-496838516284.1619,40909195.423836246,-20232485.440645408,-12225608.024467953,-3078807.835305134,53368.853772281625,-19027.099112172447,5796.691233084999,-101535.31762252748,BENIGN
160418826629902.12,-505310745382.9923,44662795.31610416,-24324913.039886657,-12596685.12555335,-1714123.1132448225,22308.87468585789,-23410.48273074365,7154.880331405522,-107166.07601717944,BENIGN
24734082093159.25,8078130535490.076,-388942971.8040143,83788298.60719085,-11471580.233137354,-22168656.390760045,525267.795499827,-42052.64095560808,-1789.2293984693206,-282713.5867446321,BENIGN
100377989476869.88,717734953388.7006,-58999688.807041876,14993557.593713073,54298839.14791834,-13208879.952927234,452716.6738162425,7776.4981516165535,-16499.343032805038,-23289.1577757458,BENIGN
263529337350109.62,-350156350472.5973,48891295.55050488,-20432049.554439623,-2026920.058791928,3565882.4247177173,-132187.69149807433,95821.96614416325,-18456.025849892838,312410.7224369209,BENIGN
68869783415620.31,381735564264.33704,46374740.79748969,-49419285.164802805,33213280.660876755,-3773990.7366571007,165731.0789501853,37144.25906137029,-12071.429743882582,89694.11197182152,BENIGN
79319844896186.38,-562971034754.9214,10656925.137958527,-7849032.15026151,-16605656.24947319,1716557.5617675097,-86595.35854031132,-27030.133454822273,6143.711961188743,-12267.693953188566,BENIGN
88308115782025.25,-527737491621.1274,28728427.223281667,-19615435.887822945,-8567445.216210473,643120.7309110123,-28270.57536858484,-39776.01960121746,9797.804335524463,-89458.30427977559,BENIGN
-108374205530224.12,9499151074845.162,-246949451.57960367,-46464481.36960313,-15356215.273415849,-22075157.990456495,505701.1427054682,-193890.92042062824,19794.54746095669,-410938.224348704,BENIGN
258069620330665.62,-382084329213.7124,70732007.96996714,-35198626.14251454,-1348189.1477364562,-3524450.1228158777,96248.25189024741,32607.798184560197,-1945.4757501603417,-61375.9527761303,BENIGN
176843512724490.94,-498356635017.02124,48499245.40301891,-25600224.747084957,-11892553.418455642,-2470899.485315271,43532.665816420704,-31570.796244905363,8532.754811334722,-128135.0634551277,BENIGN
103473408038277.88,1141253273847.2798,-293366749.9940404,160809619.1195292,17166069.85155448,3423421.0107152066,-120110.04524284981,289361.64674301783,-59268.24335663124,721796.6308154494,BENIGN
-31533624234618.375,-451312085238.4695,37824633.37225737,-37066592.335620165,12295084.31308427,258582.8201060053,32279.317852804026,-69967.35339767861,9426.291337298353,-93087.08064926718,BENIGN
-52475299236374.875,-359841390810.4253,23513436.050407007,-31056903.930662673,19275747.22517338,5279537.20313183,-77050.9894724087,-36923.544403324515,5430.182467607468,5519.065876547713,BENIGN
-96639262385956.16,-611747130831.1445,-3791887.06786187,-12569494.314067934,-7119761.821539953,-4034360.0818787403,86402.11645040818,-40723.04741251425,4299.457505163533,-103044.31225774542,MALIGNANT
-29032216348456.25,-553295879536.9198,-28940496.97595492,8501796.058845993,-4891730.432980437,-3761236.7972655706,74909.97644508572,-11095.546032734099,-526.9975768297445,-23513.917133029125,MALIGNANT
-236965662370255.3,-734227954870.5673,-76989951.63960688,25579033.934757322,-22654853.268328995,-2833017.4029390696,1499.7146216852198,-5467.112520837765,-1783.1728345365118,-4131.4649253593125,MALIGNANT
-218024808289440.25,-719547124835.1417,-59721329.7175157,15778184.561840098,-21505504.526509825,200018.3237375291,-69750.43620610458,-7682.639835253698,2514.868485989962,31522.4352823335,MALIGNANT
-202211332021518.44,-718605352435.3987,-55721265.70013816,14401110.32810072,-21020789.68954946,1122843.6203495287,-82073.07017110364,-25245.828561167757,7644.114358441391,-16803.96797221879,MALIGNANT
-110072267814445.75,-672772024262.695,-37844806.03415155,9761217.144600667,-24050730.44972166,-204502.53030366357,-64881.15420683408,-22721.93751786838,6563.804907329544,13467.14101271639,MALIGNANT
-219401076377316.66,-634982036549.8846,-49177962.07759878,7001185.519737296,-268854.865414381,2866523.821121018,-54872.20836053333,-26708.237414528383,7935.2120707684735,-97350.2448444456,MALIGNANT
-124734196123198.25,-598837855261.7974,-71381152.63020548,29039630.16580455,-6808338.731222004,638728.6943928674,-52726.703932582604,-11504.840802289156,-1033.7684206835147,96822.23294125582,MALIGNANT
49177899808450.31,-593647916024.4602,3269218.2983901054,-5097038.371747177,-25367503.365672294,-524995.9118967052,-50617.771285808456,-30973.039689582994,9829.597308333741,-54273.46959758311,MALIGNANT
354209951406624.5,-413056338135.2472,82915127.35508694,-34525309.32829559,-13972959.77206752,2432561.40686358,-79020.73607543118,-23083.0545776363,10858.333792168578,-105944.94829069058,MALIGNANT
300023527796321.4,375152472014.66785,-134904860.8995541,88724221.67144476,18075357.421449486,11370221.062399484,-295779.25626625086,171243.12637021983,-36672.84371374904,595030.2097283467,MALIGNANT
418552440289429.5,-378993473184.46875,96385582.02335845,-38430029.89474778,-13031490.974412557,2660655.162606306,-88080.11302644371,-24229.188507041115,9691.245163814616,-80063.56071534539,MALIGNANT
-94516492080339.31,2473854535911.908,-47340567.48759599,-42245088.63368052,71049387.5553572,429147.83779079886,181918.12148691868,-122009.64183574144,9814.605742197415,-125598.40937141818,MALIGNANT
-248669997795894.72,-748977058086.7382,-69679916.99831507,20040574.15878701,-26847737.664278444,-38766.22439546138,-66325.69922606478,-19869.461717182407,4911.74151990646,-51810.64984417127,MALIGNANT
22324428093991.438,2442197857027.21,-319992653.6411338,145253630.20262378,28153623.36202955,7461491.356588827,-93022.90107392054,-54821.13904621606,2231.6335797451975,8235.333683235796,MALIGNANT
-53310451550300.19,-417156565585.4659,90473303.91050328,-73562188.23410048,4937138.643597383,11007521.695101665,-229955.49318766684,-17332.91233539954,14695.08204696672,-64446.92031050556,MALIGNANT
-92642866001372.97,621867564446.3856,-142450443.07272232,54542686.10144429,47968425.76392385,-11001642.650118813,387426.854270802,-20110.932361574214,-11162.883831300323,-63240.74397441032,MALIGNANT
-227958321683852.16,1540922699345.6704,-148264276.72421718,30040439.51532249,51482259.66958557,-15178560.009722376,463083.87517307274,46931.79730360794,-27139.345437413816,125288.51024550575,MALIGNANT
-234561068693718.53,941636281234.2596,72219755.50249149,-102654333.49404466,69654514.41581158,-18247959.654098477,604060.2022404942,-60896.014627002325,-9958.649152256077,-94114.34860019674,MALIGNANT
-273108555844172.12,7531283185819.537,1125020186.309084,-912398269.9352403,19515725.964881297,-7222419.924773375,124761.20598244213,-472195.35705654015,61303.38928779827,-89611.00358084409,MALIGNANT
-293202173344616.25,4192434457700.992,1183241455.3374627,-888598957.5974861,27669837.72179885,10560205.023987237,-268720.2400408475,-296594.5919345341,50737.55631477882,98817.1847736993,MALIGNANT
-80850834173955.4,-661280146202.9055,-27132317.87086229,5151351.9445780665,-25634757.727253284,-322958.81793660857,-68923.30838948928,13967.949618966813,-3801.7882451200458,61936.83565248653,MALIGNANT
101919166316205.12,-518841714101.14044,11982997.813387513,-7589872.427665997,-11135686.088390943,-1396781.21152236,3805.4130274943,12950.000625581157,-866.2682666037108,790.0845307601412,MALIGNANT
-144260799814831.84,-696872124323.8728,-45010982.74658275,11847079.653239567,-27696346.9126012,-1743717.4348897377,-27691.951849635887,-36529.74231937702,10095.622472332227,-51269.36613189256,MALIGNANT
-226120462940736.7,-689040256027.5295,-66825906.39734411,19027224.277096584,-9055681.339700896,-1833269.400001284,14897.299503727689,-25814.227544820846,1366.1204803542023,-14030.002394393185,MALIGNANT
-130172579435904.0,-690650111584.9061,-40493067.326747626,9992261.974450279,-29820353.236780122,-2255920.7750767465,-19705.16001047066,-33259.11571629866,10972.684170483462,-49731.99807860652,MALIGNANT
-182284025851839.03,-710233298456.4231,-52682990.0420796,13947610.636972625,-22480402.86664112,-1789469.3138356667,-18393.363513935863,-19337.39021474443,4494.174615544525,-16735.057510083392,MALIGNANT
-252549442894442.5,-719710780999.1383,-49853245.30818185,6305846.1317712255,-15058896.362377062,-858140.2530012298,-15939.922783588761,-24413.11370674956,4745.63844458892,-56390.70115532805,MALIGNANT
4929601218828.8125,-576020758455.5145,-27382555.911107436,10939415.228592273,-14257307.010428201,-3337691.544299722,35933.58054053738,38159.216506895325,-4982.282186192428,40198.24673237671,MALIGNANT
-138529879804484.25,-685163820843.958,-40992667.63123351,9547845.151740018,-21508423.573286064,-3001808.342980689,16226.332605905332,-18698.876459035306,4532.213316541995,-35914.20639329541,MALIGNANT
-165874025952859.94,-225593496338.89343,-62646320.08221045,12698328.755289547,28293406.91388719,4726644.073115526,-40167.706055256334,-40302.868271594096,2519.8334196755895,-5019.495627663233,MALIGNANT
-211283376638897.2,755489560332.725,-28307384.168604672,-31819070.570771117,60100062.97410759,8441419.356557168,-47119.295215201,-71678.25109549338,5428.3218677637415,52.53786824974668,MALIGNANT
-34726939013227.125,-529298054595.37244,38048678.079780996,-36083333.42624228,1093875.9157655537,1475682.6527034552,-10983.993317283628,-39949.455401496685,11221.125376819717,-141107.13120639606,MALIGNANT
-113591294698404.4,59423211914.07959,-37693377.01018494,-4762104.986376438,42367970.42483525,-743815.0902003283,153315.5823096523,-52803.25404418646,6790.989727486587,-176746.01400487675,MALIGNANT
-211469035955985.94,891619038307.725,-331301671.24198544,162319163.52648818,45548465.67202851,-13389526.51917085,415231.06800278515,84023.36552300706,-33197.27889473359,133639.12575818287,MALIGNANT
-217365487569050.0,1044056715208.8668,-310452676.09712416,146962172.49712446,35921861.87912646,55038.1652132133,-41291.707416428544,213833.52870240813,-67577.36710334584,903772.7567934839,MALIGNANT
-74164669997029.03,-501565111717.9219,-93305675.71338552,45550975.16146011,2168355.8442473672,-6406625.990893763,153537.66099934655,26975.189838514743,-8008.95781922971,12288.399959205017,MALIGNANT
-38551887054133.94,189600005597.94482,-126533312.82781476,57511238.5909,31698810.21993492,4831340.298189482,-75385.94654335211,-18641.978611215694,-11914.663149458578,254982.61343305925,MALIGNANT
199761246727782.94,-441022195692.7248,63999129.595425025,-34682305.9851477,-3511876.3015240207,-4070426.6985121397,97955.90805678129,-2424.8831032603885,1284.6846719786517,-75284.14025407817,MALIGNANT
-212954974707188.2,560007253813.5587,-329923154.10130775,168661997.52148038,26855462.346260775,-5665305.728309492,112277.43966096715,250272.62162637844,-63559.09259270481,674737.8418236696,MALIGNANT
-149568340883789.94,-649490846258.0977,-20719988.233571723,-5252057.932907511,-7792690.637584701,-4923842.289910253,97857.64593556437,-37385.17609880455,3978.6890610626724,-59665.95954073504,MALIGNANT
513983827493059.1,-275849286553.81915,138993232.21517342,-60218306.66582985,3417464.087897379,-3392610.097613478,123284.53378903354,-19697.988305545434,8994.945567034603,-220443.47081461613,MALIGNANT
71694505119502.81,-554507371846.0455,8230292.276816532,-7093920.141941186,-16791207.2757254,-1166809.046617668,-7796.060678406124,21349.803192689236,3074.2884752936952,-43567.820751719235,MALIGNANT
405452119886992.75,-402917310857.9944,98701589.91606732,-40744643.45169467,-19006543.443445634,1057353.5423829765,-50781.254393573065,-30306.047212007925,13006.956222605088,-160790.21325078444,MALIGNANT
24866681945404.188,-595789905133.9548,13107228.10578373,-13643190.770273406,-21650423.65764439,-178499.83747317689,-31058.6315481372,-31181.583600608632,10485.475673018798,-134664.20784280307,MALIGNANT
-70444073738484.81,-636169628739.9084,-4294616.846517131,-9598745.967972968,-17982463.977584705,-1619939.6966852106,6479.913534136536,-36618.73038226106,8555.420722502382,-118077.788375131,MALIGNANT
-235385758554101.06,-693321296026.7701,-82540223.93843153,30679599.425221365,-20587678.224296283,3301127.1496766,-339147.84093535045,45205.6652702958,-54130.76818702307,1156750.9212642456,MALIGNANT
-216064603999906.2,-404998689499.8133,117321436.7260864,-105119796.2344008,14429717.54659253,741384.5987949735,36093.65772910205,-73038.94388063088,14526.705294098956,-164267.68549528866,MALIGNANT
287449901562085.25,-461107440222.08386,62835072.165778115,-26298174.319974538,-18687517.778574277,-1546264.868783052,10920.809697022378,-17902.713483436048,8044.773454903698,-136109.18222324483,MALIGNANT
335378212764363.1,-425902493840.73395,82252471.97025506,-35547404.69489083,-14217667.696239255,-1024398.8416669085,16671.317535213613,-16911.05471444533,8556.872679351567,-150755.78352243284,MALIGNANT
-52174767164397.0,-394837785448.10205,-85847336.17555678,40776922.300355874,9805097.763102848,-5339449.21950878,134256.2550905545,59826.42372837832,-15973.557955236936,116961.33301306865,MALIGNANT
-284242158146298.8,1750146705158.9434,406383347.2289879,-338514909.5840866,37873397.113662094,31020394.945847806,-592219.9275237061,47073.34436156852,35802.37943821773,-150002.6807839997,MALIGNANT
23231308068118.062,-173728014421.3036,-68124025.219024,31633279.751522366,22213819.664702203,5292203.259765914,-100036.9038935274,13198.824595421298,-9776.434535020195,214215.8236179102,MALIGNANT
-133644101106468.1,2982087952757.4453,-548362780.1510497,270178606.2521023,38488655.52272695,-100243.38141760603,101786.83420107588,43238.478544635065,-17558.10236772018,83031.14152115295,MALIGNANT
-146768350857337.03,623786388856.6119,-274476055.20287514,136157354.02728257,41511283.22327481,2511653.3334794664,10511.496953510552,13272.716315312111,-18947.19861793927,252264.75712125184,MALIGNANT
-51645755665208.625,3434715294740.5415,-512014720.3549343,246247723.07927942,32241025.61155801,31034280.690064978,-724327.5602152331,124507.55213774202,-27223.84228630405,693675.7249364976,MALIGNANT
-222625212275304.62,-648989864231.372,-86709710.28589813,31419504.955606252,-1860774.6265369765,-2247215.7069710596,45847.54225107994,-43938.32788371938,4202.446165367466,-28860.420577758534,MALIGNANT
-72572797346459.06,-587080833419.4698,-50555805.01594924,19465779.114724126,-3808892.2507221885,135630.7737743263,-13899.85261046996,-33008.460774304694,4497.517111311463,-27525.324088198377,MALIGNANT
-159657438937553.25,-697987113550.9167,-47500424.60203616,12278864.301221948,-21604501.028174862,704419.4791240483,-77035.54674915364,-31089.344422978447,7447.434444603819,-6299.183570205445,MALIGNANT
-174127128445383.38,-704330367164.1061,-55869609.60320676,16583006.733955212,-22358955.43349365,-3514650.475819255,24429.389717732465,-14810.172136270441,4591.041147058222,-20976.036840042063,MALIGNANT
-22417022418024.625,-594568120884.4188,-16274256.256664202,1624346.7980308272,-13548828.196080763,-2016767.4762277598,15382.171899119396,668.6827398609967,1637.013276467107,-30297.061796651837,MALIGNANT
-302698136574636.25,-704897837303.3871,-40675028.16966217,-4112582.307322126,-22062231.25499814,-827542.2273456533,-41094.08439214206,-18557.621735534492,1464.3252633865231,-42002.27192017627,MALIGNANT
-285857369145866.94,-738000291010.0944,-62791906.88551624,12275359.777216047,-18491755.950223543,-2467182.4130729893,7155.196794550429,-25276.192152387564,2964.407442547599,-30937.54755494346,MALIGNANT
-183303528927378.22,358403787880.14734,287684477.54819936,-226100467.89236793,-19116583.851709764,7890093.302910518,-276421.086395607,134233.14030861473,-11225.483952571301,320351.1037065422,MALIGNANT
111708594298239.94,-546469648651.1012,17893330.968699172,-10195446.77563114,-16117830.400981866,511258.9815636906,-51808.222450870555,-33568.64132534724,8106.738602389822,-51183.753944835684,MALIGNANT
-107989680632321.75,-514435607977.5464,-36445375.521860376,6113197.490597229,7574702.185334172,2419100.8087880095,-49094.02457738429,-29138.89250390492,1387.2095174827773,44268.647851460795,MALIGNANT
562789291127707.0,-293412791563.096,131122180.09661128,-50433098.87425271,-11000055.424357295,-1840661.9728217868,38473.24508931508,37258.22237670617,2515.716420174558,-117955.09771880301,MALIGNANT
-42897149456590.56,4223475459275.033,-755230154.3930429,388323338.8420347,16312135.521808784,5751503.049969379,-36385.26437678973,148378.0151266086,-13517.426757043333,-101866.9902710566,MALIGNANT
40324294530295.31,-343309635477.5231,41329779.398033485,-35031481.02205013,16892677.46916466,3091645.878851659,-38084.47271491533,-22350.60221301111,793.552088339362,46578.75629862131,MALIGNANT
-106418345574028.38,-645610663815.269,-13133862.666055202,-6593374.337913614,-17675393.55917931,-1885341.8131626316,2156.0255147462904,-25984.873109318716,5750.934039354313,-56269.33456302647,MALIGNANT
-123078752772783.62,-659458422451.7762,-25880691.04101166,622805.9649751931,-15376830.362677563,-3283143.8285679044,31607.10198934693,-22582.44082460715,2744.556251580456,-4135.40050434861,MALIGNANT
-199550172418123.38,-675543329700.5042,-81664177.15506251,31046472.54984357,-14386408.92581958,129093.99922057567,-75235.98245998763,18377.511850518,-7360.477567063121,194588.86844893155,MALIGNANT
267557343545809.38,-437863932681.4078,40151895.10094376,-13258327.173348997,-11701563.787963744,-2784261.549603162,41955.23556277048,116183.03719326796,-9887.12175849303,34555.315949445656,MALIGNANT
-283259144714264.9,-765357204495.9215,-75047164.52534229,20898534.900988713,-24426379.786552835,-2057578.6925823588,-11369.646940408704,-38762.08828219873,8913.656767356482,-52050.03183688702,MALIGNANT
-267840839943567.84,-759517057449.8531,-72800458.01523165,20635240.64014125,-26420635.840238824,-1333415.7904436612,-32916.82078937553,-33582.97950441018,9133.192552145316,-52194.75461644733,MALIGNANT
-249353509652881.8,-751604118837.2454,-70065360.94787405,20281988.237339817,-27617420.086278412,-1627695.1229628618,-30642.773858258697,-36299.03595207062,9593.516692748592,-43694.451464625075,MALIGNANT
-273017747695211.06,-752706013219.3134,-67834697.82332891,16874188.504078694,-23333706.75007292,2463974.694056357,-111112.80483485611,-14063.686362562506,8796.151067533472,-55985.15613802809,MALIGNANT
-269986508203947.47,-750234928990.3289,-73985627.73507601,21075021.81861695,-19770988.60805992,-82629.34957794799,-47166.676500304835,-32064.52017193076,7948.815302768111,-41930.25657552624,MALIGNANT
-260080057002740.2,-749991684728.2258,-67454561.46808916,17644064.886458803,-22548893.90815957,-741608.089367514,-36339.78333712765,-33360.82079117828,9070.20877965471,-54651.041286637366,MALIGNANT
41943104550361.25,348991519369.1693,-147851191.65260458,76390090.1752565,10565327.754662897,970550.053756489,-103305.06826883112,296280.0021774925,-63556.2721692772,826381.1863991293,MALIGNANT
-144210982176564.44,377977447011.3717,-276289533.5274551,142392543.90499282,38551056.19581631,-4994167.937109737,175501.0884389354,137476.33631337175,-39829.51940025572,335249.9902506182,MALIGNANT
4984306803429.3125,931374961527.2465,-297041560.15353936,159149463.46918532,27032111.644277003,26895359.48690332,-689025.691572872,145720.7977574872,-41049.10506470004,933940.5103727703,MALIGNANT
31190907993676.938,-544231377683.4563,-22302497.7868492,9223645.90675931,-6786819.816824809,-287308.3523906986,-22266.022131565755,-12237.832604239138,289.59285961431306,41596.105006766134,MALIGNANT
-88525392125677.19,-623112841897.8037,-8379994.7682044655,-8610209.339376163,-12379603.92656419,-21486.221148573328,-24378.415989623132,-22432.604294938603,5018.103099810523,-64303.39316579148,MALIGNANT
-69984228878364.31,-561979973838.9552,29665461.09362504,-32822686.56661885,-2583570.688773703,563714.4723769585,-16737.919252590116,-28288.771290882418,4137.402983902037,-39981.16721014773,MALIGNANT
-219477720507923.03,-734093393590.0448,-65884680.46190126,19811485.625204302,-25849504.94135248,-2475595.149726372,-12923.912161538483,-29891.980014023982,5519.996454399687,-16174.650776146347,MALIGNANT
-209744967018912.4,-715207337565.0792,-53172859.077914946,11904296.006809894,-17167160.589684777,-1828877.2096023464,5369.987901897841,-45073.99719788699,8401.549367726562,-84758.63900736242,MALIGNANT
-212701520008616.94,-675201867464.2537,-31832430.466773428,-2800393.571389552,-8999305.185554523,6901350.566501599,-176228.66878382824,-123.87398556904736,7882.530437261452,-46208.0851444574,MALIGNANT
-207037949036059.5,-584224826230.5802,7675171.753621981,-29709098.739444513,4163626.1365152337,4912435.1940989215,-96272.89343920886,-31053.856923641757,9388.916794864832,-69011.80770804937,MALIGNANT
353740928408839.6,-415425647345.313,85801801.30041079,-36342556.55337793,-14243570.338251255,1213912.6933140378,-58738.773048356044,-27667.842188657483,9078.76908274303,-77907.13615066081,MALIGNANT
-22784678518788.688,-577240598898.2566,11308784.78182502,-16770173.921452794,-7486278.359750599,1949249.0161285982,-51358.72975403884,-35913.31553498471,10323.433897836348,-103747.38933062105,MALIGNANT
87102524506229.06,-474802543616.3241,57770884.99953954,-39468200.83917576,-11148730.882982802,5728852.242252551,-146550.4950304003,8966.238607221534,10090.185298648055,-72418.1914954887,MALIGNANT
-158126886511590.2,-29441054818.114502,-151968713.84718442,69099304.69972527,12622975.750780176,19510515.65897627,-537898.1022798767,102897.95969867756,-31192.27544759128,764764.0879485789,MALIGNANT
-228427367826345.6,-302123510007.54675,130525233.4424272,-116295557.57890297,18538881.103904698,7246770.113532538,-130173.63894884763,-36199.90250348397,8748.085069951201,8339.055730326763,MALIGNANT
-239859004634843.72,-541236663996.2379,18341674.08732137,-40283807.550043255,8485563.713955086,-3628815.335245059,110667.97006893525,-64213.31549711572,7444.870090886125,-93367.93764059691,MALIGNANT
-240443936556727.9,2131695281123.1099,-365084534.66958857,159421691.84523928,42396564.719800845,10791580.519947294,-233978.31038951446,97054.06302497434,-38634.914852145856,628424.2583930654,MALIGNANT
-227930076603364.7,-344801833418.86597,-119537024.28508317,46923299.061841264,22013041.8461996,-2359911.103410512,77748.9079480603,-18326.76814234401,-11101.63622490045,174416.91072915867,MALIGNANT
-172987024175031.44,-692051923697.2363,-34318877.72964854,2384270.958564084,-22169508.786364574,-81617.52805109881,-47368.337890216295,-17732.881748818516,6043.554456571896,-72062.66716898406,MALIGNANT
-153657447823741.8,-688986575630.5299,-37746130.21761768,6180901.9700155,-21820343.85990128,-1458166.289335535,-16217.251156899983,-20602.466428765725,4704.161689170782,-65289.340998463056,MALIGNANT
-40198114737859.75,-571176070081.8661,15314499.177156284,-20981589.49979155,-8344850.34053608,10371124.062625205,-228863.7642724909,9765.855823599497,15690.3354015142,-146941.88568531105,MALIGNANT
256360658262459.25,-121770425866.13647,-28759277.97881952,24975852.146437142,11069521.976816002,-559617.8470220254,2115.8458704611785,105568.7262421094,-24464.050920298276,296114.3265444311,MALIGNANT
4812206680774.625,1703178930029.3325,-138159490.00665152,40569626.66560661,43132223.85508415,12633732.140561752,-238342.6730208526,45001.44963380079,-18488.22863779704,408230.3966801781,MALIGNANT
-267593322754510.47,4730698996763.758,3734310918.119817,664940588.0967858,-56322904.21430136,8386340.549523037,262612.0963976744,5891008.360465233,-649522.3001523217,2283641.8001182373,MALIGNANT
-148392849796964.9,-442878673697.6632,-91986576.10531205,37409139.993138164,13760597.951453116,-6887847.355956644,180592.55753084744,-5069.042017517126,-9898.850278539696,65603.67233993727,MALIGNANT
56409178833921.94,-566530125249.4805,18015208.990817606,-14651576.569204908,-14015346.372098576,-883529.3618067647,-119.49675241031764,-21871.182664959342,6824.475753248273,-101394.62607269449,MALIGNANT
143836328509543.0,-497914379267.4878,47410279.614558384,-27641957.621738385,-7642464.058967251,821465.8411900313,-20169.783845410406,-22629.475851766663,7509.631117730009,-97907.45596498119,MALIGNANT
-176565799634564.3,-623650715017.093,5765284.877079517,-25272218.073021684,-4555021.854648955,-325740.22460728465,9355.998664332114,-39099.18195366506,9653.218776926515,-115552.24024667259,MALIGNANT
-26750061274966.812,-450170276293.8852,54206794.79379453,-22665069.135076363,1977552.1062694304,750411.6162331593,68842.0416980505,331078.0703212845,-50984.92898822929,-7904.590847514632,MALIGNANT
-129281729809666.03,-689834622116.4827,-39304446.00015363,9253664.50219386,-29043009.71354644,-1964639.6620388846,-23613.697920840452,-37208.63378542652,10712.215787491314,-63092.80222434862,MALIGNANT
-40221340273119.81,-524646176578.2724,-66957304.914251864,31637893.18212225,-2032678.3785719723,-3594222.7787576495,77191.3668010976,-32198.86324341596,2040.5330678991959,-29921.925044845048,MALIGNANT
167992593218059.8,-512750293761.38525,38661188.865685865,-19669466.674316224,-15662184.982793402,-1166890.752573082,3272.627683775425,-26291.86493414163,7005.114786404349,-103497.32710963723,MALIGNANT
53802165717799.375,-593623778384.7927,7739830.839071572,-7702167.099768329,-26959469.245225407,-1304151.4572233793,-28599.496709009585,-36864.08599501281,10584.56342744274,-99925.3459225551,MALIGNANT
342286139068297.4,-423443110488.2247,94150330.97035433,-42806113.798863724,-15159467.78781417,7089688.707073551,-163764.01481532288,-17703.34655162577,19429.286689575707,-206061.3276040802,MALIGNANT
66106178865063.31,-581718613267.5278,11323466.297512949,-9220964.586998146,-22565567.05676591,-413624.2373367357,-35976.06667914644,-33820.04031794023,10659.85054709874,-107219.16523068977,MALIGNANT
-65627037383161.81,-637107663628.8096,-16277209.088854551,-1250144.1564432606,-18254956.89016784,500540.70371482754,-56253.442550591804,-21427.175081197893,6322.280190546364,-42051.417439884695,MALIGNANT
360286948353551.75,-387392524116.0424,65284356.631831005,-23050819.92998943,-8209754.073559087,-440389.97477184515,2807.6288768881514,-11441.44005209343,5982.246839354531,-97437.39549166575,MALIGNANT
257982370482351.75,-267327799183.73492,-19527420.932873562,21231827.10186301,12632793.719279755,1497876.658024984,1064.1607218885001,4523.154486935564,-1149.3676918591555,-7778.8059007587035,MALIGNANT
139638041832979.0,-517896578115.6449,48355529.31493972,-28252986.948099513,-14060778.135597963,-1928486.7918349705,22516.907207747747,-36241.67625734427,8644.624675381794,-113753.51366331315,MALIGNANT
-96614111365873.75,-551845560266.3323,9684391.453038633,-22225377.203598384,-2625978.0064644404,-862094.2058798359,10063.221414977565,-16628.11570346869,1379.7737679728161,-8242.604597803376,MALIGNANT
-200558067770633.22,-668250766856.1289,-73605618.34820375,25269426.732418202,-9383081.818461273,-54221.20577367395,-33662.30788425438,-15550.33932682437,-614.2212126069426,27561.837715550137,MALIGNANT
-11022029457169.5,-614774880534.9084,-13636019.481984213,1139416.3255288526,-18647569.03616161,-368134.3709879229,-31435.241069904954,-30617.501642517476,8785.358077690275,-80254.55471997304,MALIGNANT
105395447082495.44,-561596163043.6951,24675092.07769741,-14951957.217705432,-22325960.994199105,-882644.144541976,-24867.179204601205,-37278.1876938949,11250.96793711613,-110410.36755141075,MALIGNANT
-60355259355860.19,-601591340535.829,-31631663.440178357,8394808.752953883,-5809736.480988916,-3954067.458518994,82732.8742378726,-44359.097996880344,5895.5082753224415,-76782.16079819489,MALIGNANT
-35515728819642.25,-637066410979.172,-16786782.234986827,1549743.8870463483,-23736619.77920384,-1710326.1837465423,-16037.59111520616,-38577.172235462,10118.969482844157,-70417.13081962845,MALIGNANT
-143501105560234.4,-453201616904.31226,-117901003.00958912,55588838.46186933,-1597683.1476053558,7541569.096393058,-250998.49727457573,65305.12090515925,-19798.417292370697,450182.0103949635,MALIGNANT
-169977198102219.25,-646954676055.199,-76655250.08387457,29472025.816307113,-8093045.688468043,-70402.78789453954,-33725.70185982443,-17912.06936338526,357.86700462856606,56289.31291719119,MALIGNANT
-182604803991432.12,-685805053559.715,-58416618.34723848,17131473.19949525,-13564119.598085552,866349.4253484835,-51851.84691342502,-25110.76936339402,6933.606135471557,-45146.96279479498,MALIGNANT
-205463845235487.06,-595964200293.1064,-80228294.93637922,27732620.8856275,3025402.563198451,23296.945626183413,2117.836706282993,-24194.59132641649,24.261819838367956,-2202.90619827521,MALIGNANT
295203545897184.5,-465590888633.7563,72513576.6643926,-31924849.696602877,-24235131.662179038,3293118.8037578654,-109536.69809081237,-29976.65930761318,17070.870850439725,-188918.67603583095,MALIGNANT
217536534981112.62,-503052272027.10846,55715386.958795145,-26810564.43806004,-22013836.650233798,634477.8607457532,-52039.06892046706,-40495.90685455267,13225.763044038624,-147331.22932061524,MALIGNANT
-99871841634287.6,-649070338600.1941,-49751570.91192071,17943688.308705613,-19756039.791154422,-1012912.2398790154,-38990.14263234782,-14583.783481062384,3181.784977213334,38936.072122763035,MALIGNANT
-259978808588977.38,-727241602604.3435,-64624316.48995663,15389468.643048512,-13921216.506369185,-915025.7051755693,-13671.833950431876,-35645.95218950567,4802.29992049871,-54941.79520966054,MALIGNANT
-301502424892391.75,549868191789.3995,35774560.65870188,-77814270.82614915,45522123.245119214,14350252.171695188,-134042.27862758067,-37491.30435508253,29369.756662443677,-470239.0283972876,MALIGNANT
-261890359828896.22,-740325898968.627,-59952347.39275285,12435400.31555055,-22403684.678656787,-3392055.167377882,23584.189538450348,-27780.271369528255,3009.8063556020497,-59809.98221386757,MALIGNANT
-289936492279038.8,-744329234398.315,-60998198.07060353,10889005.845842138,-24668265.807762574,-2749594.864229843,-1436.0050786887814,-14090.713256475046,1348.2037341665236,-33582.8375127051,MALIGNANT
-294387686187255.94,-776492329711.7172,-82415715.35268354,24959235.50397669,-30937351.69141341,-2917822.995739951,-8278.314684493129,-40632.342866581166,10482.4018164849,-40152.55914344946,MALIGNANT
-277029632669294.3,-767484994923.8497,-78020989.97129168,23400927.515795715,-31160425.81430899,-2880130.5555804623,-9192.411450297861,-40815.37347326786,11107.855023080327,-41034.545267029505,MALIGNANT
-276241418253537.25,-766371183828.8656,-77690667.3118676,23276820.574373487,-28850675.780819416,-2968391.370602616,-5573.319182274388,-35596.393805699656,8824.694240888519,-20268.46307816943,MALIGNANT
-307627950956209.1,-783224523834.7496,-86367900.09263712,26553186.806383073,-30358473.316594627,-3243776.880286416,893.791569232706,-34789.81382704954,10198.5804939944,-31528.903702148273,MALIGNANT
-307045284155170.56,-783063249234.3417,-85913519.3260369,26294488.45462825,-30719941.21143631,-3211151.8413636982,-303.0555929663169,-37880.08338950062,10560.66715701616,-35486.50702953098,MALIGNANT
-303019862512182.94,-781013463653.149,-84901676.38579316,25951259.042836156,-31189562.52437167,-3031947.693393618,-6951.432984896701,-37031.07996720993,10653.100948185358,-29177.60366264577,MALIGNANT
48567510568039.19,-491867467182.559,-22649356.899438173,9720536.455772731,1329831.8135726862,-6222791.561998172,160009.48526842022,2282.2458097318704,-1112.9811953976932,-75708.08043845132,MALIGNANT
-204647035864271.4,-725041343463.6699,-55877199.58311332,14311502.578975335,-26923618.261213906,387505.2249489296,-71074.51402523615,-22338.672931752048,7899.936353295947,-72400.02520346585,MALIGNANT
-223406901788224.12,-734842187733.6433,-60555949.02517977,15970359.279943118,-25441044.829732962,-584689.69249254,-47050.727276250705,-29256.61284016053,8780.879410869438,-57991.17964837706,MALIGNANT
-221486755272389.75,-730462194395.3666,-56903092.94470275,13651809.479566732,-25274416.852811284,219218.47414641082,-62366.35796624111,-22185.4361940758,7180.427330071681,-77424.104197796,MALIGNANT
-236631093324643.5,-744044415516.54,-66697548.92784287,19020670.9585834,-26730188.731244754,-1205514.6193345648,-39324.08185883732,-27401.92687996114,5396.118953092024,-51272.7148663601,MALIGNANT
-234113837939162.38,-724300124249.6226,-54095282.5291992,10689129.8329796,-22206244.63704211,351594.37028359296,-61476.904475964766,-20526.51080380978,5205.950516402176,-59181.962565048,MALIGNANT
-275492708172439.44,4820286833359.744,1506464635.486466,-1108314494.2652388,-2914308.5631042793,14252161.402823862,-453203.5198856036,-455199.30506350077,71626.8427609129,82998.53082537596,MALIGNANT
-178558204726998.56,10034631628360.557,2806690318.435173,-2040076848.4256375,-55416283.684952796,-6121169.472712858,-337892.5934020644,-982442.5467036767,99494.38971211336,682920.0247634136,MALIGNANT
-16713480394742.875,-556935551802.2981,5335319.520474955,-12842090.690665137,-1471043.6522301733,267669.2980993311,8528.966235612974,-47417.0918034646,10240.775246248126,-137908.63778377665,MALIGNANT
-149252095477810.22,32656582139.675903,19149613.707404375,-44151326.70044072,43108013.15713397,10468196.100728236,-80269.16674267502,-15697.811442877735,17147.105380012752,-245145.2795233327,MALIGNANT
-55747672593962.375,-516548485145.5471,1203247.4107767642,-14045498.8760898,3017078.6694719233,9292381.01687436,-188829.37883058496,-5598.6212087060685,9772.980185839293,-55188.49676160023,MALIGNANT
199820704403770.7,-241835003938.5542,-52572454.75028078,38221770.4351276,2285163.622586284,11418932.404258637,-324187.5697030477,105897.15358386986,-22651.534418904328,464906.0581109154,MALIGNANT
399571967192440.6,-402367611914.4155,102660588.14389129,-43888660.587045416,-18208413.822063968,2147638.8450948815,-68771.04614950817,-41501.70779633382,16443.321932929404,-194434.2693130253,MALIGNANT
-16954193606925.75,-551006058715.3765,23816944.996617705,-25015139.40809102,-2410214.465081632,3836134.9045932996,-64106.20308328177,-29932.765646689106,14388.771430570672,-182074.46432816112,MALIGNANT
-108687350154285.94,-504504297271.64154,-76634719.07716464,31605697.68675293,11990155.060460854,293057.38929024804,40212.56334698603,-42831.92088914102,6321.487627468341,-118659.13446034901,MALIGNANT
90807438106354.94,-531445022625.69415,15416358.677181333,-10504529.257822815,-9133233.727786556,2856037.9522885275,-96713.22251524034,-22107.74933318085,4468.83768517846,14408.649336738163,MALIGNANT
288297540189057.0,-460016961289.4052,60894484.74436109,-24966731.09882306,-17353015.43554473,-1044035.4454590552,-6881.690685263913,-36595.38081376084,11001.45204485337,-128034.5073130707,MALIGNANT
-134645227261970.97,-521182281822.06696,17397162.87129788,-30955140.63908672,3376327.011728037,6922097.876325026,-155053.63479965032,-14680.464421522036,6643.87555809884,5370.070395544062,MALIGNANT
-168182242000806.53,1273969006324.168,-161226671.8564411,47826330.04654862,68800517.90426427,-8504867.075129502,392814.8229816152,-107490.20507217286,-630.177148834653,-177040.03858915632,MALIGNANT
199595283792827.5,-406861645383.3452,45230558.12122966,-23241972.85246538,6790538.836046796,-3317994.039135798,103688.96122964288,-46639.34736650374,4746.185974442331,-95367.37899228194,MALIGNANT
77482381167683.38,-494799209601.3631,30724554.182985306,-22502726.76244675,1257686.139252711,-2461152.6190403053,71785.46991253289,-55225.76470702584,8064.490373912748,-113891.82229135867,MALIGNANT
-110092228038787.19,-580931117508.8959,-53964007.287506595,18529919.1914497,-1161359.8100050725,3400774.2159155863,-89019.44849114887,-6878.186106639016,-1170.1681089961676,38755.70146913366,MALIGNANT
-8091906216983.0,-546621858007.54803,-11730767.944790334,-1049419.686900314,-384202.31155179814,1614767.2146353046,-35999.619206696814,-31533.575783415,5735.642604096971,-39090.15321055013,MALIGNANT
278868136363412.75,-442686643852.73773,74559024.85279815,-34826902.2789499,-11156984.380081683,1445053.381091081,-54553.737209586165,-22734.182182364046,7146.619582935313,-60689.7151268613,MALIGNANT
134924349050311.06,-443807845151.47015,446757.180720523,1268612.7293401584,1056329.312285725,2973367.1359674972,-70127.29442260864,-13113.660080779688,2750.2329521967804,10460.941468646015,MALIGNANT
-217470542093239.12,-732977632266.9889,-59250473.56080555,15587667.816763926,-26944291.20977602,-1979568.6772936902,-20246.530607643595,-30414.07163440377,6791.977264360594,-55139.65860858688,MALIGNANT
-233409761519810.78,-729057700358.0474,-63803658.333727114,17147051.82986342,-19058681.262712292,-3626988.9158252324,36107.49292247761,-30604.098852239404,4563.16117944791,-42445.80695930996,MALIGNANT
-111734015654596.22,-676696063912.5703,-33155049.662702233,6519605.375360183,-25143594.73243516,-3059278.9367958647,13286.21071215436,-20434.03205288468,7046.856419005442,-59355.109296362716,MALIGNANT
4196400032635.6875,-617408132553.7969,-4496305.200678214,-3442822.357895013,-25249786.87979395,-2351677.1858679983,-1318.5785274053433,-23725.630132356582,8502.126959537487,-76612.73421101997,MALIGNANT
-181790457284563.72,-666856980818.1875,-36662034.850081295,2705284.4981052727,-10396180.618696123,-5267282.174034223,96992.52096104549,-36665.798307897305,3424.063234757403,-53435.48694178123,MALIGNANT
-185797563197811.12,-714719161822.6736,-50745394.42641563,12448857.459581241,-25303063.231962062,-2492055.9548929282,-6826.348429057989,-22580.602898581263,5727.9324075644145,-31200.777777466756,MALIGNANT
-244018459579832.06,-730333634216.7357,-63243634.21698187,15994014.102774655,-22232595.71725338,-2054860.133620422,-15490.694875036399,-12718.890628813377,453.88914497483347,-7478.606033485714,MALIGNANT
-132932437512861.56,-677560898761.6025,-49705387.07104661,15657893.872251173,-21403291.318932157,-1796133.7134882868,-23398.48403088229,-11575.122356603099,2618.7407214070918,33446.80947240683,MALIGNANT
-103425040944735.38,327976475460.4752,-125926612.33619103,48831450.42282381,39696581.37742479,-15173196.095662137,446161.8796171196,94653.40163735434,-28206.18577051795,100616.24473999039,MALIGNANT
-11898152824635.438,-272314662908.84106,-124388755.37944083,67204263.37688705,6182946.903983008,-3803984.972917957,71335.56462576508,137433.57397202027,-28469.44057903134,279724.56987326354,MALIGNANT
-98648702055530.22,157791187097.41162,-41685468.0812236,-1965392.6892913207,37095787.30219382,3709344.588528101,-38193.96450098441,-27885.532548054456,-10682.24430245963,251036.49947458028,MALIGNANT
-187817256387833.44,-583566978997.6658,-22073137.41573131,-8911983.007545043,6543312.46663126,-2368116.8892715387,80431.47551844805,-53556.1016761428,6505.079281273651,-99109.97380173285,MALIGNANT
-34107752646568.562,-566454558674.6106,-8663934.603427216,-4990055.386505175,-2573660.0356972143,-3692054.8863903405,88250.82046397073,-48768.88481212199,5803.360261125974,-98921.21568854345,MALIGNANT
-224037974179893.22,-410231890989.34436,-104434410.83391464,38375311.197807536,14960066.924037617,4082659.1058803094,-59097.386700674135,-25120.64311627728,1188.649464373404,-7509.997205299154,MALIGNANT
-212303797647628.94,-711708471816.6285,-47559865.27638989,8056014.102141269,-18691126.22067455,-2434501.5928697796,10632.294802076416,-32426.021558521956,5938.041580008994,-50824.737759819895,MALIGNANT
-205972091539243.94,-667880929377.1412,-52853196.92401731,11349476.275294129,-11086394.596291114,-3252405.2154829097,37569.186079597726,-12661.482767108559,-206.95999763380678,24519.894637126366,MALIGNANT
-181903152373360.3,-705480652025.474,-62072858.24177242,20045619.705714606,-21442553.448203318,-3384809.3198306947,18761.541894896447,-5233.553351803843,2609.7184827321507,14711.514380101267,MALIGNANT
-169136508546988.12,-709001200082.643,-49471559.67246244,12836905.6789006,-26504475.5136698,-2873508.528340785,5283.343423157616,-38778.50209174545,9736.297280015347,-68335.48386637933,MALIGNANT
-127864617754687.38,-510258728211.8199,-109678757.37110156,51961058.741063975,556645.6831382513,-2406296.0074758413,34408.99464016287,406.64376527081185,-9030.870890939901,112153.5751996102,MALIGNANT
-111272155457049.25,-620106661086.3022,-39186676.33065777,9552343.06418588,-9128598.297041059,1055807.24189713,-57711.64126944376,-23657.06060484171,1936.2170095673428,21751.847189462853,MALIGNANT
-179228571832669.62,-458748456941.3531,77579993.45717181,-75010908.80824736,-18076159.261086516,3809890.129587946,-132148.13316870516,-13364.068751863686,8854.99949731995,-50042.95492622632,MALIGNANT
-134371139399407.5,-687446945181.4851,-36034546.63421033,7024992.2307963,-24146535.797452364,-533631.8110518139,-78868.516259327,-13463.418454323999,-1764.7941085478087,126659.378866963,MALIGNANT
-154064428610847.6,33050054739.369507,-197768951.6593579,96609703.6951962,30760425.88363764,4129842.5318741337,-31124.36230955186,-11562.972992429493,-6890.449232962297,89247.85154171663,MALIGNANT
-256478524407341.34,-750604257981.4529,-72816366.21936442,21524672.776144408,-23966195.37579248,-460118.665637461,-56640.78055144804,-30183.666099374346,6033.753776713649,-5857.808143072329,MALIGNANT
-220444254790772.38,-731326716253.5138,-63271518.58009328,18141186.148183912,-23476225.59071768,-1744131.0033136318,-38292.399976930436,-29449.11493606203,3037.862212391974,68673.6979858237,MALIGNANT
-182876625914966.7,-712662016403.8413,-54307945.486717254,14932310.724714143,-23935828.496243034,-2888983.391078278,8684.977718638747,-30173.643125377715,7333.14897043446,-46475.2127299481,MALIGNANT
-208272273004142.56,-699795109616.5889,-37159283.728723116,1366730.941774428,-15946058.279559279,-3181307.387357647,39039.255213015946,-40430.139721607644,6907.717299293108,-80526.98953914168,MALIGNANT
-274887061922140.7,-766297432012.7452,-77388790.36785327,23147386.046695337,-30730905.14197083,-3068071.6847316134,-2563.49041610508,-37611.527792135246,10579.004182480126,-43830.914423561546,MALIGNANT
-97257154059038.38,-642569015087.2034,-7816470.849005386,-9399556.031601217,-16281658.865503265,-1692933.8718164668,8597.499809318891,-27932.17476057516,6053.871179091322,-92086.02212376364,MALIGNANT
20483619482721.125,-357397764845.9433,8625152.012158677,-15053567.891374845,12484692.655168321,2406716.5406479347,-46051.374397637715,6660.402931245408,-6618.498691997784,136160.7857583916,MALIGNANT
-35601345693805.875,-557030629673.7426,-54164866.98607226,24387819.001195528,-5181828.169937145,-4006541.070629447,76493.7874153369,-17064.0122486401,-407.61642597861646,-10355.870522955694,MALIGNANT
199261952020168.5,-507197578945.81506,40788265.03441693,-18405974.49164636,-19893670.133784488,-495662.07924815314,-36342.62773221567,-22317.331821730255,7609.893578221872,-57900.281883195465,MALIGNANT
262710643041055.88,229274504371.03418,-149343100.24355537,97375913.61932991,1302026.537823353,17564676.086302765,-466608.28701576206,95292.58495632821,-17432.119986973707,453233.46452136384,MALIGNANT
-331353981112.5625,1262095214418.254,-406368845.1844049,221578752.57670203,35158734.67831175,13729687.119387832,-218275.98484446222,5988.779535639183,-280.25900571998864,25982.746475392094,MALIGNANT
-207889561003297.38,-672272071663.1613,-43912548.04370921,5405525.389274523,-9127304.029291544,-2707547.9559378726,33773.72041175826,-17988.468170502463,-1419.1216246000513,-9043.921978882241,MALIGNANT
-160169817140559.2,-667738500924.8157,-59103435.52802307,19355235.75578626,-13793244.899083424,-2216257.373004144,-559.6743131595285,3323.3751892024884,-3942.182664697022,73577.22991757275,MALIGNANT
-98106215213460.38,-620604980769.6456,-7394635.311564177,-10050602.676120926,-14591799.007298015,3010374.3865677943,-100597.99650913867,-6611.584947683763,6115.6031878106805,-48149.333500758294,MALIGNANT
-208375289576622.5,-697159773428.6165,-42155778.32104353,4591689.713535465,-14063628.96421972,-264485.6144444938,-25232.90303537782,-35878.49661113409,8429.772594321887,-63054.329775969934,MALIGNANT
21088613307541.938,-585708936617.3038,-20692908.82703431,8066814.039076086,-18256292.025706425,-1453151.2348190937,-18268.58180052876,1114.5024590367502,2548.8144465737423,12237.064721810588,MALIGNANT
-118915553419329.22,-609042571067.2057,-71586137.81268258,29807435.433512285,-7234976.896394495,-894620.0641759555,-13552.853600275877,-9254.11653373743,-820.6688384689369,72322.37051910206,MALIGNANT
-230913284108755.75,-741682537405.2905,-66741307.88976075,19523894.730132043,-27534232.485617835,-2186220.6203226047,-20395.362112513038,-35478.285880456155,8919.054677478081,-26501.80727712756,MALIGNANT
-257524143996039.9,-755945436161.5382,-71886307.32305972,20904799.083661646,-28172778.5476642,-2307803.5654984196,-21366.16771217702,-35038.68224556133,8070.028444420717,-16170.447419083965,MALIGNANT
-48598156538154.125,-645715767039.7972,-19450147.537427187,2356467.395185739,-25805188.417564176,-1310621.0960916677,-31803.910010015432,-35523.05666946906,10155.30807051795,-61471.87834792699,MALIGNANT
-205692610572271.88,-552707968128.9834,-72200252.6257566,21503857.216287233,12362039.825142343,-1856852.1185863249,87332.64275691571,-37967.175876260524,3445.5428993689857,-103530.297927512,MALIGNANT
-237708656026642.62,-520478588692.2528,-31322489.40574439,-7953656.174481932,9438198.829956193,6084959.472077556,-136672.62044302866,-35956.55940195592,2815.765433271041,73800.89232175073,MALIGNANT
-93920795205765.78,-658647964957.3636,-23185647.99409172,1124068.947876446,-18933099.79455646,31534.999480430037,-34734.759944821744,-31673.799583582717,5470.358273580841,-82693.46377154221,MALIGNANT
-97965710098206.62,-626924509812.2822,-1096831.26725173,-14129541.244580213,-10426619.814055018,3334432.478801086,-85486.33487186604,-27444.3312676238,8254.03694135015,-85951.73451314363,MALIGNANT
66841734980621.56,-554193065268.0906,31105058.479645252,-15897207.187305186,-24608536.80797145,-1163049.8683610882,-6425.0097855959775,93994.25152578589,-16791.104369330107,-10310.222526771187,MALIGNANT
52743399695774.25,-543020191624.98663,348600.77283872664,-4031591.6394866966,-5161401.336706519,-5937770.642975124,144742.76025007234,-32410.216833398405,6028.674314938609,-145847.01783357418,MALIGNANT
-27790666742234.375,-615450335182.031,-6450545.637077346,-4953294.665183697,-16283839.640362896,-2240296.816958814,21382.39356895302,-31226.720910264477,6905.9664028491825,-95854.82756173742,MALIGNANT
-198062883621275.78,-584640111551.0193,-62556913.21020046,16700540.75341566,3309311.5621409677,3139324.740127926,-68198.56957032897,-22771.896497157126,3353.521324043515,-1470.3951759671872,MALIGNANT
268385400399000.62,-374127616696.14417,46772266.22372137,-18725436.87514643,718250.4595631436,-729663.3931403714,4425.282401891951,-442.64411078605735,-4521.0899409723825,73285.13836984112,MALIGNANT
-282691770371671.0,-715269379368.7915,-98232956.77113837,35077421.17994656,-7064378.991133131,-3372626.663822404,57803.26356735859,-48674.48079750706,5000.77884069171,-24617.40869416659,MALIGNANT
-300480533173678.44,-770505981940.8994,-83288219.93811658,24952137.542110104,-22267568.776534237,-2780778.7246848727,4226.117384744737,-38819.12612407583,7038.338519761957,-15238.205546986152,MALIGNANT
-314706117768224.25,-745733017204.4648,-91695480.61727315,28794945.66205133,-11415839.559394829,-2081544.7512538878,9286.224023071685,-42731.242454197694,3984.1873669917077,14666.471155089632,MALIGNANT
268619685202695.5,-245024483315.21887,76104524.85681199,-40371680.064564034,11292953.5433379,-5108469.269232053,157564.5735413692,2950.918970334602,-3027.4813407419715,-44934.93163951958,MALIGNANT
-197322659762208.72,-664057001685.0167,-30939436.60507817,-2377754.1285698265,-8288815.848977163,-2610821.100435422,44628.02489492712,-21186.781328258563,1192.833523637284,-66761.61482886625,MALIGNANT
-275722000256312.75,-651988194772.4949,-6409895.303179562,-25165631.922943998,-5592329.2898120135,-3838523.446714109,80515.69669849535,-48671.501113183986,5581.087920257822,-94435.02936128416,MALIGNANT
-212080281483697.78,-697818679137.1343,-60222594.732338816,16061051.452340554,-12687553.960366637,2950156.8075911677,-99168.44855339959,-21698.852762332037,6334.867126409357,-40592.58161803925,MALIGNANT
-188335191031521.2,-705713100776.2195,-49058756.97796762,10918467.030542478,-18944134.534604102,951095.7799428669,-65294.106684723694,-28238.14920019015,8249.216074904809,-63889.280447792,MALIGNANT
396693689692001.6,-406933674356.18036,99393116.18200566,-41929769.06597474,-19096934.720496424,2342815.7615577024,-75764.91656439514,-41012.73468897519,17107.719980274913,-199958.53114959353,MALIGNANT
150550109651041.3,-531490812188.62964,42601807.76144947,-23436968.653264042,-19117434.7565087,2052290.9776459378,-71819.73075944849,-33297.48551968787,14991.065032769275,-168074.36172628365,MALIGNANT
-228047996783226.2,-735022788921.1038,-66776558.44749711,19650481.873078004,-22867474.57478988,-1322201.4407374936,-27457.261994871,-35113.47935330736,8195.99694164456,-35867.03653620822,MALIGNANT
-148688614385159.2,-700415857170.6538,-44948323.90715916,11458582.73637643,-30161104.644075856,-2546489.982582763,-9800.658272341803,-40025.529993328026,12098.147418262251,-70873.07081428243,MALIGNANT
-235334902254275.84,-711940417624.6523,-49760761.71511646,7530695.131059416,-18325248.034081783,-2401298.9668842237,13186.079924478552,-21048.18913343664,3334.0355808504755,-64408.94896454847,MALIGNANT
-215926115109910.0,-723510814123.6117,-54501054.505214065,12480063.087503225,-24788684.09258764,-1388524.6351503055,-27931.56426302144,-19565.066566054065,5635.957712132356,-51312.35614999819,MALIGNANT
224242561742508.38,-496734663250.0563,59171683.53887685,-28668452.58032262,-20410301.377392173,-888791.1791136824,-6624.135991756514,-45884.94684210181,13437.524163992577,-178281.72033522642,MALIGNANT
-166912464319671.88,-658249504567.9965,-44971809.441093534,9158709.23935578,-7034297.538351256,-3560120.351125121,67743.8776670382,-49582.893222325685,6353.886528780953,-63018.552276994305,MALIGNANT
-172832287286379.03,-621712785034.1997,-6656842.28870213,-16839256.930265065,-6406588.169722125,3401904.257443408,-89661.34856501395,-34343.30187718507,10836.894792169103,-66604.33951916988,MALIGNANT
-84011699444761.19,-664444018388.5903,-30546458.86675381,6990977.62461938,-27049565.74525626,-2550012.4399773,-4328.440583213033,-1241.3589848340907,6332.140209787271,-37923.93996597718,MALIGNANT
-192363871327132.22,-619901881257.1626,-85572143.95590517,32994278.249025878,-4489348.673330139,-2986100.4613587116,40501.61995464438,37403.10134111995,-9379.461966491115,106689.31881809441,MALIGNANT
-257672544341212.94,-672420179648.0383,-81929377.76158471,25849912.305938378,-4864689.494813494,-3479578.2202322152,68198.23473494376,-3820.8485706630727,-1592.4306949268794,-24007.935546554894,MALIGNANT
-208320503663003.12,-722899102676.733,-56455310.72793134,14426131.529061463,-24151834.509879485,637763.8152995287,-75824.35880482868,-8593.612203697232,4787.443186574597,-30637.999439195708,MALIGNANT
-272297023638978.34,-677932394797.5215,-27587189.88847226,-10527122.578555647,-23340963.139785774,1995094.6168014915,-106141.34457915238,-6189.169547994363,4677.678505938711,-40786.67992907833,MALIGNANT
-124333460048992.75,-635948867191.4069,-45800268.226589926,13267965.567404116,-10040314.653543405,-763898.2288807691,-29367.594479343803,32258.789744565198,-8498.418276574335,125188.86070193618,MALIGNANT
-290694202976949.7,-528879313590.8247,66868715.20973937,59518603.76581594,12052673.76998749,-5623128.9964636145,553042.2039796727,3264726.7552378387,-283577.5016092462,627765.3754077344,MALIGNANT
-287007025720444.3,-509497116114.6533,109547413.58618833,-104028058.2818257,5034384.758564103,-4526095.268719,123355.1073797904,-78215.52762453814,12267.766383916296,-118607.7804182723,MALIGNANT
-289671873946099.06,-765118898385.7235,-80988148.00460409,24250444.369454607,-21749661.655465096,-2006984.5018969974,-10296.717204615758,-40265.90646794058,7924.379917682498,-27263.117175913863,MALIGNANT
-282337250362885.6,-766800096710.3866,-80939895.05405332,24908745.761557847,-25706445.71434543,-2202626.447505217,-19715.40456835879,-38163.113929991465,7602.120510726207,-4134.46301401973,MALIGNANT
-267621283746646.5,-754128276190.0853,-73536848.875049,21090164.395297855,-21791669.28449861,-2008892.6693895743,-12590.222380913814,-39542.449904636385,7228.493055888241,-16514.20639546726,MALIGNANT
-191023744003448.38,-594881286449.9197,6901719.064151034,-27771594.205020513,218052.23063822463,-3365107.901535107,93847.69509445444,-25798.237320916385,3167.8735126098545,-118891.54088182704,MALIGNANT
697920776755203.4,-171377178913.21533,162087264.32783765,-61625119.43875961,1919717.6480054893,-2022691.0293150977,81061.19639887166,-19940.43401529106,8724.145495920999,-201055.77904846822,MALIGNANT
318294449401495.6,-230702184726.6742,-19045533.72538005,25478174.123174563,8248712.543451685,-261971.8576560542,17200.665103070613,32707.884676377027,-7529.616003949248,69563.60420175063,MALIGNANT
59965032678238.125,-106312173745.31104,-120980756.89819583,67948433.46802984,15765207.880700257,5725062.410951385,-141418.47651845706,50912.57514704455,-19471.43962849075,332243.41995138087,MALIGNANT
107561431416967.88,-289853677672.74194,8801223.202415824,-8949924.944766272,16131152.09526832,7842436.670098338,-178151.71287720022,-4110.09646234172,-5645.347440938996,220152.24823645304,MALIGNANT
-183813672309400.38,-686441703160.3043,-48353430.16812077,10546375.057416491,-14652266.917983908,-1077525.070899541,-12538.646534884369,-14849.87953605978,2298.01782145604,-29661.36066385953,MALIGNANT
-174427021702743.78,-522074433101.6723,-69900881.4411566,22319472.866012357,2903709.5262206458,-1559653.113427024,36491.55474261074,-1460.0351621047957,-4303.220549980182,22498.982113447928,MALIGNANT
-164790983754885.12,2746403056312.472,-431372717.18642443,196598366.09958062,53988420.76145497,-14342764.799585572,434821.1945629229,124525.55563905914,-46110.2510075179,308477.2873518608,MALIGNANT
17745467116966.312,-593041517830.9591,-2067951.5553167313,-4302077.284367029,-17606099.532875463,-310537.9073563926,-31366.663038076105,-16728.092415402945,6077.0494500245695,-60160.19466107557,MALIGNANT
379991937769803.9,-395529225788.5462,100007815.96592353,-43675778.88473834,-13700122.45871298,3888278.9284365023,-121658.49491498877,-24316.39386488361,10227.326619320214,-59108.528701108226,MALIGNANT
-252373281554638.62,-752587880552.1873,-70670905.67433491,20448160.61104709,-27042607.950450458,-1878475.3561806537,-24713.97796216649,-36349.50044330725,8841.828535726101,-38129.94274799422,MALIGNANT
-274827506217762.5,-758284520723.5682,-75047339.63392723,21505509.088313803,-22684792.254720923,-2818320.0626746514,7628.466184327706,-39165.820773666856,7950.471766175091,-34317.330339142914,MALIGNANT
-289247993937763.0,-771722736813.1458,-79871348.15047121,23647297.00659762,-26858867.124610152,-2326519.5302792257,-11765.848578218604,-38523.91397435214,9056.056701723483,-47495.29687763897,MALIGNANT
-18416574274506.312,-543737192166.5204,-49063547.760013126,22681258.618203633,-9618934.30211395,-1040997.8870211607,-30088.908871446038,43046.52654231248,-10431.955824323935,180194.364333712,MALIGNANT
-154022703600330.25,-685777078800.4266,-31749707.38844157,2224338.007285431,-20567594.276039198,-2554360.7585649476,8802.681416504423,-33244.239368559334,7203.890858110983,-50851.511900457546,MALIGNANT
110851556201104.69,-485786870316.3771,-5945960.039757639,4949583.42068826,-10021469.196872909,-3234.532290924806,-75236.08600899634,143879.19464918718,-26095.564373785142,365641.6053657723,MALIGNANT
174533283077998.75,-300913656584.43396,28051088.91381614,-15899730.226520885,8101065.9341204725,658257.8104821104,2293.1949388711528,24225.372061633825,-3975.74708766193,45127.04445551392,MALIGNANT
39174439110517.5,1866614129148.8105,-430402747.62689114,231305718.6576463,10087299.407225188,24600266.85389507,-697518.0693309532,255086.70469415974,-59617.75398623262,1115323.5182756574,MALIGNANT
60580029795336.69,-590242754149.8284,8540798.812696993,-7707359.74626876,-27167464.71483794,-1335279.3919481712,-29455.057232699764,-38292.14236296152,11305.057406619588,-97219.42605168847,MALIGNANT
-101133810485508.72,-672017639550.8416,-30440316.69327581,5524934.688885968,-24995742.561910436,361415.6921921796,-64566.514397932464,-29959.86178047744,10114.66712604351,-78941.1825137181,MALIGNANT
-95771855205301.06,-342450053515.08405,-151605794.6313138,78553112.81803252,17599583.660188485,-5146059.42035184,162030.86826310432,18386.154953247766,-8925.116381375077,31478.405036710283,MALIGNANT
-82885670643671.62,-664646039462.024,-28710374.76725748,5830918.224912781,-27284471.29982557,-1340715.0907856573,-34412.949020336644,-32173.29558562319,9850.300710269272,-60125.707701057574,MALIGNANT
-142119921479980.7,-661901242382.3044,-49245400.92148132,14224086.335673323,-14330239.644957263,-3564819.875697321,48314.35685360849,16520.54692247227,-1556.4578693382318,-16050.449353422071,MALIGNANT
-61205603386856.5,-467154770235.6849,10785193.913408205,-21420674.540146496,2323741.5128215738,6080285.273575192,-138245.4290237161,23398.2709233418,1889.0354494520398,38189.73631410632,MALIGNANT
-40579848348479.875,-635935222057.4573,-23439739.095545605,5451041.422147308,-22445774.576072358,-1412081.8329566396,-20985.29292990032,-26060.386852010466,7952.211326370354,-55500.58610459111,MALIGNANT
-152105524885605.12,-696040808718.887,-42376353.83479595,9421355.352664556,-23628246.822703455,-916746.7614797172,-31379.545591346094,-32842.180109591056,9761.3280522594,-77558.35933288766,MALIGNANT
-135312904174228.47,-549423307557.8917,-86268339.31100269,36425243.52227837,8177712.576959368,-3467037.651869676,116558.13417303264,-55265.78586794291,6878.561473472942,-126168.38972128608,MALIGNANT
-240088680740951.94,-707511046702.9418,-70538215.31323588,21134640.050153047,-15948809.537981205,-4203369.210705886,34543.44770217143,125188.78140718417,-16789.216019555795,205533.8574710018,MALIGNANT
255861042189693.38,-414110596073.5037,26798697.44799295,-6393572.80598573,-4440489.150027838,-3828967.156805773,94145.95364602702,4078.658458282629,2423.1700949554506,-104595.7178945544,MALIGNANT
212699161447902.88,-473972544257.0342,39140251.38272895,-16899687.32811154,-9751068.70375958,-1643473.5120107762,21650.967419239427,-32127.623927448236,7232.6952106848,-90218.98614926322,MALIGNANT
295275736979562.25,-451855715825.5952,76398374.4929245,-34663787.17203729,-17420573.44454746,-787473.7112621535,-2481.5724342857975,-35938.20435087879,11929.477041133174,-165430.462788342,MALIGNANT
259040668798726.62,-445655332000.11017,73562188.77975921,-36010843.32956821,-10061276.108375713,-692527.9179839892,15476.357313269065,-42328.838974519604,11950.76982162143,-171321.66978139008,MALIGNANT
196073153471449.06,-494862396597.78357,56805139.456016496,-29423500.686260153,-13251192.76447568,7924018.165490277,-193619.01975282267,-16738.274123910443,16536.774386087676,-136552.47474344145,MALIGNANT
-302539165960912.44,-756298283172.8276,-82707479.3728234,24061127.81833077,-15301347.721411906,-3337390.2713441183,41255.217537347664,-42878.58037075099,6480.175909162535,-55854.09321655586,MALIGNANT
-312060873920254.7,-779782669774.2252,-84831000.38420242,25131379.986426145,-26289144.846819602,-1889771.2808771234,-24504.36751541824,-32663.421033281254,7372.613383782507,-29970.739567987148,MALIGNANT
-306855524305965.8,-782087035578.711,-84718752.2559475,25528010.288268246,-29434221.69352252,-2687738.695002468,-12293.941041929218,-36811.65234319831,8769.386381553784,-32152.098514978792,MALIGNANT
-309735581599341.4,-781610760649.4858,-84857204.5619322,25365015.739099897,-27224500.344319917,-2823495.3915382395,-3181.104957406611,-36465.0957596814,8574.262549238807,-33369.18823504782,MALIGNANT
-117778030499153.62,-638231148933.544,-50575363.69242497,16630158.56448269,-6786860.259590171,-5812964.412174369,121399.93629825462,-8457.879258073894,343.2889241339326,-36022.87069407648,MALIGNANT
330222977363964.9,-341333391389.29034,133355273.77082585,-70752518.39059666,675841.9876524545,4904516.910489872,-82531.51557303299,-46815.26584678443,17707.84993842201,-179380.76236967152,MALIGNANT
167193254271321.75,-529058809011.7834,41209888.973167494,-21105976.2866746,-22963293.90307495,2053509.204336437,-84267.7389170663,-17531.33171736396,11001.217107576089,-123805.93595734565,MALIGNANT
119159446330228.56,150833924755.1931,-3758686.7429440618,-7176589.328192707,25747431.4677818,-326330.53917443054,-21000.913818310466,182653.77622053595,-48505.57618555912,667180.19676002,MALIGNANT
27850751352615.688,321772401854.6737,-164979929.22014087,86441550.70170599,25582156.97755562,70814.71027921326,-26104.10822413096,203963.40872055653,-52474.22132487987,667365.7287120393,MALIGNANT
379045345903061.4,-419665437488.65204,96910069.40634017,-41569169.939928606,-22318146.787042595,2660370.1635259376,-89482.5503292149,-36557.39427883857,17364.860384425334,-200516.63048091528,MALIGNANT
-254286339952547.44,-698275014934.414,-42298738.325772464,771901.2373458073,-8432998.184163153,-5312894.352984687,107502.22371325816,-57093.39913541872,6910.660301172829,-86218.39298772243,MALIGNANT
-265106745376228.9,-674406731989.9618,-78090675.90944605,23030529.191477343,-3920931.4705345966,-2906141.0098163015,32376.29575975658,-6568.4372985748505,-6368.592896615668,117394.05598064387,MALIGNANT
125208403004739.0,-450904225587.8455,29054482.124198914,-18260836.130601157,2672572.0656335093,-1255760.8765130988,53901.40075060865,-44697.883049398675,9022.781367044627,-137272.7866307912,MALIGNANT
-17803635650699.438,-238234132548.89075,24009250.27664873,-30983970.06102908,25240694.443340067,2052240.4244360416,28804.6085960671,-69170.46418169343,10330.093258707446,-109318.52726397579,MALIGNANT
457144473648508.4,-374708374417.61176,120832399.23811369,-51361182.28657307,-20567491.677125625,613405.0768000437,-34198.67030420851,-36739.44930560245,14782.919843718078,-200053.00520555922,MALIGNANT
230642863573429.75,-490472554906.6363,64775146.08800803,-31848633.275170524,-21086854.53482247,-473568.55756056076,-18394.06359353492,-38337.04342511199,12464.147441819547,-162928.94004530247,MALIGNANT
-165140368736454.28,-544771149590.8745,-104070719.82630652,46353752.08200878,-606478.302439034,4082632.9431669344,-164855.31753954766,8204.199356348294,-14756.326046674749,385508.10474619025,MALIGNANT
-171999187288421.38,-199573307462.17896,-198182016.6796149,99314786.5797356,27364431.584887248,-12033072.179798443,376780.449746814,12098.570405357554,-8145.5421659726235,-141866.88000615648,MALIGNANT
-151535236880954.22,-603830597107.106,-76996561.57633755,30284280.872779723,-192344.972050976,-6304154.610623414,148826.72309753875,-2849.4186815470457,-2644.9037818255856,-29114.887057924563,MALIGNANT
-190994027027548.12,-717286008758.1515,-53240786.53795581,13622824.889334682,-24751855.20983386,-3172524.130587596,14288.281056097196,-31658.64149957415,6894.2217441373905,-56812.99729531931,MALIGNANT
-208839386194301.0,-728110688461.224,-56974107.42402835,14743615.441603515,-27176000.841850683,-2207870.1131248088,-14926.552205638256,-28286.46348221044,5974.453516609221,-57640.96978506775,MALIGNANT
-124140660525264.6,1833507381711.73,-164968263.88116348,44144784.395547286,56085226.5321645,-8821070.159574624,319799.843131591,3361.8477512719182,-22969.615162773913,162773.97151569795,MALIGNANT
-15862820374069.812,-381644131152.56506,-104539878.94837166,55395053.61211784,11681811.432077851,-4618999.651246624,135760.90964229353,-22485.97748226639,-3314.224817074646,-14749.561116755569,MALIGNANT
-119730018414854.03,-672395489772.5056,-25443207.77061802,659622.6978866644,-23133766.54121609,4322990.324374067,-138323.12122148997,-8854.71952645453,12148.807290411507,-127688.84688830024,MALIGNANT
691500790079.125,-605212778851.5491,-4672055.705563813,-3345106.9590967,-16939241.39833888,388409.174607398,-96024.03830067342,-18497.734973109866,-5097.919847029265,201145.06053831414,MALIGNANT
-164080220611360.62,-638158477935.1494,-59340769.254626155,18519998.18475494,-5331743.671709217,-170513.53306170134,-21275.450559363635,-21469.698019152194,-2222.9544841701863,30152.45436834507,MALIGNANT
-38469726820767.94,5952947688341.077,-662772418.4230565,296646035.15055746,30774220.492762867,-16924151.00139126,424539.89949289296,-95426.51478848048,-29383.375658589317,200577.127946778,MALIGNANT
163089504055306.44,-511152160531.4192,27818284.358587682,-12925954.002694253,-15106651.898465753,1638850.8255308527,-77966.35425799261,-27466.432310746663,7628.785672893078,-32852.250596675636,MALIGNANT
337793560068874.1,-438940528573.1637,83604305.96406816,-35957793.359286815,-21449017.962835006,-282915.0075121792,-24615.019580698045,-20722.98994660154,10799.671697289832,-149766.51408278904,MALIGNANT
-53548016289390.25,-563654242795.2131,-20227855.21266909,837815.5545488335,-509029.887338832,-2655732.2036931603,70273.10720966027,-40242.18378005412,5654.514243809121,-94000.80607018323,MALIGNANT
-149528213260133.6,1661639929309.497,1766958034.7224562,382759617.358474,-32995055.67768267,-163585.96160907857,9057.44491208791,870457.9173109835,-148838.1110817409,581568.5641620948,MALIGNANT
-2861633339122.75,-507484583857.002,63906773.824083045,-47370751.98585357,-6068949.398583375,-2833479.6637716787,78617.98239662715,-19487.866253498756,-8603.929176998805,-92023.52547911058,MALIGNANT
-195639782801087.34,6249016659620.561,-688379551.7204247,293092421.71166396,33284750.788683925,-32713793.297403466,961136.0605068387,-53163.71983378761,-5736.915710077392,-686120.1353617809,MALIGNANT
29943558681973.812,270389798989.51978,283013041.0356274,-203513817.97217408,22623814.357110117,2477740.818908105,-43894.0620522977,73965.44736318881,-15147.775997820947,332648.7468287891,MALIGNANT
232625476982101.38,-468194228058.18353,51666688.262015864,-23462077.428349596,-12312458.375607826,-1251490.622012897,14451.736323199511,-13731.30141094813,4881.9964095306605,-87454.54921187011,MALIGNANT
-9295908600699.25,-557675291029.2268,13292392.12553227,-17295649.77471626,-5867768.4942147285,-4065405.5659566824,94681.49635240123,-31308.628671033865,1802.1943304266533,-82983.07914149098,MALIGNANT
240595591280350.12,-425891401209.6594,94331097.1725602,-51270905.41188645,-6504505.155470688,-1835700.3016602695,39242.155807041796,-35844.95513895544,7457.369851143765,-103569.50928804855,MALIGNANT
246162316836314.5,-29312423633.266724,185967804.19894356,-117797110.45084421,28085206.91025601,-6818344.070692444,249027.86723512362,-75328.75418544613,7390.462989448897,-155500.0236725805,MALIGNANT
127594975848213.81,241278417083.71057,-18363815.23506011,-47637.94850352779,51641998.916453615,-16037945.378198871,520115.99989373016,78314.80179999946,-23472.52497908064,-20798.622282020602,MALIGNANT
206966091044355.38,-482283907109.05817,32601214.19797781,-12813863.316370923,-13081770.218196616,-3302806.1969679147,54055.76866426469,51966.571929631355,-2041.5810932734748,-35163.27496398015,MALIGNANT
-190273985112494.53,-686463091788.5942,-27763386.066627204,-3472842.9909031764,-12299809.29577595,-1809858.9081965748,18063.639657091575,-47710.98530525927,8997.164477320155,-87938.21468566918,MALIGNANT
-193588109680579.12,-694381700811.6826,-41862869.92650307,5581310.392497927,-15413740.098201063,-747703.257721365,-17639.694162474927,-33072.2603869809,6537.6182323733265,-68518.9842354669,MALIGNANT
48665539682203.19,4504236728932.488,-41003173.32509109,-72693961.3827639,70147879.44321938,-1256647.6779665295,223264.02430854485,-206311.73024063712,20833.749741789044,-211401.60918215374,MALIGNANT
598831504402989.2,488900886117.7074,-55990009.34024937,59940425.13655342,24374815.25027786,5849788.532200754,-105536.92866297284,104814.40159653375,-21634.227895268177,270863.66711271246,MALIGNANT
-168778113106188.3,-168006876143.1681,-40207861.19838089,-3243198.1599812508,35369975.19416487,-7572640.404760342,257112.13463560105,-79435.7871242144,-5474.965469524224,-19971.788606051297,MALIGNANT
-193092027760191.66,1756690844472.81,-228441500.69962424,79685296.56503397,69088827.93034032,-11701499.335832167,538322.0475951853,-118197.98047752469,11789.419820690859,-531063.5952410662,MALIGNANT
29200051887848.25,11888105117091.275,-566633779.0020139,127068026.23569918,-55871016.52906281,-13675987.95801413,254241.5340553566,-159402.07245561862,34211.746241546454,-603025.925304501,MALIGNANT
-140282064660023.69,10016360688886.832,1442143639.8052714,-1153328485.6049962,-12774366.488032013,-18690609.92203871,255133.28547407952,-832135.1239417216,82596.1960155294,-90175.59722326338,MALIGNANT
597685889059467.4,743734563102.6412,-65215390.091488644,61653327.548618406,33405145.67380174,4059287.9894387717,-72356.98214494708,237741.79559134305,-47729.27830963349,559466.381173001,MALIGNANT
-70354175094389.03,-591573060369.7017,25337000.75087759,-29496514.88905942,-7634738.5173234865,-2204055.297644177,33207.038013615515,-28252.044824448858,3443.336962560923,-44441.55585212995,MALIGNANT
-2252201859534.0625,-67508678197.976685,-70846174.37860407,28885326.562481694,30105272.01401459,-6124039.687111162,221794.4791452782,34344.789482835586,-12127.185806655456,15438.82674792593,MALIGNANT
139240476639343.69,-505715386593.8756,22651347.817556694,-11711157.380576897,-7778969.437431928,-1206230.6620491424,6314.2397263121165,-39646.92484799099,5281.922935133116,-37724.792162005375,MALIGNANT
-6376728451570.9375,-577185004582.5055,-14610060.548523217,1505469.0501911938,-8544819.788784172,-74752.94431009935,-18586.686947827235,-38275.49257060201,6030.881058798219,-48582.84258254896,MALIGNANT
-272282319133533.88,657922262541.9406,139857961.8062029,-144712115.8741333,45112933.70426287,-4392583.756113746,244747.0612492574,-178085.04322481615,17177.223874291096,-298386.8514829451,MALIGNANT
-83947281062001.0,-626260586914.8562,-19223055.54248455,-1190349.7751607858,-10047253.011470161,-780963.4928693334,1129.048762967319,-41075.73735330961,8016.629505221488,-90522.06179769419,MALIGNANT
544180398228329.0,-265820517830.41882,99625554.47409873,-31985789.703693572,-3785529.8931308016,-388237.7962385351,6129.439998287793,21847.990298941382,524.77577633088,-47922.097791852335,MALIGNANT
546726872472899.1,-280394016579.5362,109383918.19535585,-37965186.454034165,-7005301.13046556,-2109896.6562169073,50861.692627490556,16645.19421368497,3628.455745647967,-123027.83208578214,MALIGNANT
-174628928880347.88,-668843682592.5938,-56177979.091523595,15940192.019982122,-8108266.749927055,-5627815.749670857,117517.60880586856,-40925.68060291019,4758.809101490515,-82136.84963504897,MALIGNANT
-4863990524261.125,6173577035525.125,-647128809.8697859,284921604.68689436,17784860.169855606,6727258.659389537,-101497.05535726385,11114.476728012447,-5087.114234171877,24763.66688025304,MALIGNANT
56947319203009.5,760781819493.8981,-176461421.5492768,86716467.09441502,48638655.719557405,9675110.984197518,-92532.17680021087,-34252.208418105816,1681.3725895124044,15400.710329799054,MALIGNANT
44028901294378.375,-83643521691.54468,-90154729.34073243,46482108.79104914,20372887.546226833,15530276.759564113,-381755.63845065644,41617.93773027461,-16204.90274779674,473076.6538839847,MALIGNANT
71322515764926.56,-529418311484.70074,19439116.656924635,-14946679.522000369,-4999710.013222866,-258386.8885374954,-2840.60987259803,-41409.14456315208,7617.9383174605355,-63867.726912946746,MALIGNANT
-113848762234317.6,-569687761890.9575,-8809967.226908669,-11490133.770761807,3096353.926469911,235747.57733263122,6780.717732580682,-50256.28196769013,5851.4337117592,-68871.64002479913,MALIGNANT
165273841435779.5,7683297631626.313,-464463566.89629537,151983175.73570037,-15127032.052057233,4219778.540475443,-90872.14316696148,-27933.77780909967,16959.65102283262,-233750.14423948203,MALIGNANT
163225105815447.75,-385958870819.7372,36958787.43505165,-21148150.957414005,8001346.546358991,-131436.2757950453,21278.710666061757,-21179.756963650332,1353.6837314574586,-6548.385412102161,MALIGNANT
36018756487237.81,-532859118805.05676,724665.1472236514,-5580685.757618468,-2633372.6832197383,-1133819.0076810704,9495.797486428935,-36491.863152856255,2469.629415552223,13992.73490010397,MALIGNANT
-55176696573705.44,-548540103713.3087,-4528557.713956624,-9766734.121436235,2984362.4284147434,271307.7195633487,13145.064605813692,-40491.57061213658,7435.487929999021,-98318.38103486072,MALIGNANT
-156073875396566.44,-690535512324.8536,-45944279.35347003,11344885.65948319,-18679941.21693333,-3157166.8361208974,27671.542766326846,-26312.33619779965,3525.741330076773,-50096.1691135255,MALIGNANT
-139378859480777.66,-606253439546.4834,-4006417.820484847,-16035027.573013071,-4063383.3733732887,-1033543.3794066743,17921.10108753788,-31131.478570761064,5201.00227833182,-61451.28777381148,MALIGNANT
30222732696930.5,-590864944039.2874,6772525.596123382,-9127250.997292835,-17653272.4975736,-2571584.7779635824,27515.505234067856,-33734.5411497577,7319.382882149366,-106631.61568680624,MALIGNANT
-123055741674843.4,-660401314660.0453,-17230652.304529503,-5114247.963015262,-16925794.460461803,-3107141.4514269037,34909.86787857725,-41240.262965484835,7722.996431790776,-78826.05381534663,MALIGNANT
393011555023048.0,-128110808166.92249,123527380.40537764,-63039991.6028405,25761154.248003323,60885.165331179276,78164.87383372462,-81319.97355623802,10465.15626830744,-131226.44729689384,MALIGNANT
430434701057744.4,-247076175363.02222,97207971.72048022,-40363196.298050076,11362419.648048226,3307630.691877087,-48802.18660026048,-41920.7857508237,5698.956198887619,-23651.716081597475,MALIGNANT
190088795193929.44,-485683893911.3365,52098822.46971987,-27135702.369964402,-7919988.29325423,-2597789.086718893,59126.3608332923,-55662.21332624618,11806.769509659443,-163698.40370999277,MALIGNANT
-145511333983185.3,-692004825120.6216,-50129187.6034351,15100176.991340246,-24625322.112601,-931366.4475230309,-48787.98156735778,-22284.181362432762,6399.428769879818,13394.089807341988,MALIGNANT
-193971874504061.28,-150944540996.19055,-90374066.95551895,27006261.988480426,26035990.6668961,3647243.978607411,-32070.165845523275,-38674.40146666087,-1487.73198856612,51944.793695171575,MALIGNANT
-31054523492883.875,10812206467853.021,-743927274.3814828,256117222.40865043,-11577645.591054223,-7175661.079124903,311853.8239022164,-278072.8499836095,64922.08906922428,-1140966.5695280859,MALIGNANT
-75162649747274.69,-626233044894.0266,6024897.510367975,-16843247.800013896,-13538004.320415962,-3659505.895770003,60024.823230209644,-46590.746759586305,8313.724098253671,-100781.46353287791,MALIGNANT
-155420815209387.03,-686029675022.2842,-50184725.221571594,14058039.22005773,-16813109.396044545,-3868101.662701847,50675.6699246675,-28381.23021489165,5212.810014082781,-53486.06921760588,MALIGNANT
387632799050424.5,-400773873922.5958,83539156.80917148,-32323187.062453207,-15987652.31589798,-301001.8925832682,-25467.682557911547,-23352.862012488178,8816.679017491762,-96481.90660902513,MALIGNANT
416635380372443.5,-16358352794.985107,45002749.99223821,-12194231.674445402,30492274.596454885,-2984699.6836966495,164664.17028063955,-35289.43101027756,1867.1258338890293,-117343.38189614206,MALIGNANT
341469413647353.5,-425906040879.60345,68273739.88654895,-25812632.18928917,-17540878.138452582,-47209.30361338705,-37105.03782143039,-19143.39576923017,8538.23385472652,-82564.87106844809,MALIGNANT
144243937644933.38,-502995931092.34235,20009209.80055347,-9616749.062120419,-9324678.301506542,-1754333.6065365872,20134.052111874353,-11367.666658704311,2178.0979867106726,-38047.90863141599,MALIGNANT
369118322475261.5,-423728332652.32574,84282779.67908682,-34015743.0509703,-21328158.434542414,268713.0736301127,-47425.34855262596,-37848.029872800376,13052.080673024906,-136094.77180887354,MALIGNANT
312862799936916.25,-432359857910.9244,81553653.58874996,-36955903.55788876,-11269878.242807578,-3455085.591094221,80914.92089343161,-39480.29357074082,11092.745945103841,-201177.02943253508,MALIGNANT
-88924078579942.84,117656960844.7948,-22500615.433664322,-13312913.469101284,36415690.066711485,2399000.9278346174,36565.122258469055,-37814.259212115445,1821.6764276198846,-12174.488271927243,MALIGNANT
-31043499092421.375,132973582553.07544,-55119588.56155639,12103947.184446037,48847650.29556754,1409313.4962712773,120222.6644272711,-64526.487915429134,8253.754489304545,-170822.06724277438,MALIGNANT
99350754684427.94,-436717667635.7602,4242451.677047089,-4357084.640063349,3527568.568414394,3526729.1275138822,-74444.51939192292,-22809.305047585407,4736.573806009394,-6548.440423814311,MALIGNANT
36023772653682.625,433837223460.5802,-20800883.350916654,-10129270.966627587,52027393.19614698,-306883.53831037274,161349.79327447576,-83376.72026877993,7478.4060188038275,-146955.85789079862,MALIGNANT
464197773926451.4,-170980954337.5221,94263801.45963304,-37235324.74631493,15567478.383590754,-7235588.672745262,236105.64151399556,8087.395926592875,-1780.141357320157,-143868.6771887806,MALIGNANT
15745049180821.438,-567702310266.0557,-22854646.712951347,8797573.373972356,-14866832.036304057,-2801513.0192970256,18418.162483574342,39181.51397851726,-4284.04359118627,59895.677174795324,MALIGNANT
-77112459693699.06,-642130584137.2838,-31526428.81761632,7958043.285436049,-18606648.63062974,-1715052.118049647,-19032.234095052183,14831.350170386657,-4222.002793118219,55099.038481481235,MALIGNANT
-195135123673478.53,-715249936213.4583,-52167972.42654164,12547807.537968472,-21458352.988468114,-3552266.8282052395,29495.892626028373,-30864.66456377253,4553.279440786602,-51889.57502802214,MALIGNANT
-241836498230049.38,-694874373515.4458,-86622836.6654285,30792636.149199232,-9805581.955726642,-1616264.683740685,-1888.2727171657389,-9606.823797204135,-1432.1698322309421,59045.52106113197,MALIGNANT
-261485725362079.3,-712935671096.0233,-72943421.34550506,20491726.835939616,-10475650.127052687,474466.54254770325,-47278.7199870199,-19724.07793750919,-3516.414442070709,3023.709049388337,MALIGNANT
-94553576312664.56,-631773685496.7529,-14690141.45841533,-4857158.04225285,-10209330.824406754,-4821732.654229099,89957.14945760807,-31994.847217356983,3961.0065641008077,-59564.07292003647,MALIGNANT
23887678277214.5,-538376034623.22797,30170508.944169685,-25811955.276093844,-6383054.064796068,-3510975.2830359465,78078.7587144423,-34117.29746035747,6445.014091782039,-107867.84565301336,MALIGNANT
-93013547731179.4,76415378626.80737,-159589432.31717467,77470421.56244422,12027382.925149988,4524480.364052745,-179696.01990158306,169846.15037570172,-46570.155685743055,717237.7873930042,MALIGNANT
-89969617802509.97,635673391905.9095,142709507.74991715,-129844746.93260764,40358328.92706777,19552973.800325993,-374146.28175517055,-10576.985834638002,8434.994926203777,171909.10334228878,MALIGNANT
159175149724006.5,-202218243270.7494,19374001.60493782,-13921135.046849724,27758871.3502565,-9210996.838164782,317875.331947351,-25549.34480609107,1236.9423831213317,-201206.3405984873,MALIGNANT
456621155531029.9,-275889976149.20526,101006866.01994355,-37768301.24698615,6272326.444853526,-2256560.9807885783,-140849.30025785838,116972.71545619998,-71351.1380354022,1197668.4426723162,MALIGNANT
356258217068406.75,-384115313810.3924,110212052.51310922,-52774624.47000046,-6156184.484016899,-551084.8383430666,22050.77708018291,-52901.52224277496,13942.499461532843,-190196.834961548,MALIGNANT
152316588908024.7,-475812737444.10297,56675261.91351111,-33332363.2859922,-3137110.188664824,2155143.60512422,-46826.95790563218,-41908.052515464595,10696.498382157948,-96915.73211187395,MALIGNANT
-175166892708280.2,-548677777533.9293,27103784.743592918,-40299471.496996805,-11281317.372345347,3751956.3122864277,-105076.99276884827,-6380.072743839606,7171.722917827974,-74697.79898853706,MALIGNANT
-189005793176579.6,-570124540281.5575,15457681.58366701,-33480144.565966126,-18129180.87592245,5274966.580748033,-158764.1499325915,5074.617012512379,7083.421594951942,-62213.10147439779,MALIGNANT
256377872917900.12,-447436006138.3552,49077584.64109336,-20003800.8127899,-10792409.536260802,1675311.5839063753,-69649.57830779346,-15983.563295244483,4158.673457035515,-6691.7672701999,MALIGNANT
279447888898809.88,-429976808618.8291,49700265.269440785,-18545714.527978163,-9588094.725208413,5091943.239481062,-165860.61557570918,2390.670429546237,76.19104635880285,113580.44907571402,MALIGNANT
347630244338571.0,98401086367.26819,-77497656.50305457,58998979.91076045,35293772.5785936,-8040459.201855324,322374.26046018477,-16812.702233874963,1413.560854652489,-258970.43861364876,MALIGNANT
593857468947422.5,-282746606259.2461,130941014.35968257,-47573670.58633484,-12571588.52690415,3412391.923758025,-128311.0172639247,16735.504989718866,16.12752951440052,63924.38464781333,MALIGNANT
23673144706025.812,-376198015901.1751,32227950.48473227,-30414810.850119773,20495033.18744121,-4875288.2859786535,191132.51464225198,-76233.99444471445,9901.955385874444,-200784.35807870096,MALIGNANT
-57474106941621.81,-465934473375.5635,-42494954.0787281,13118774.946205813,10728441.248708937,-4283258.481272563,134341.5757102216,-41310.74401998127,607.8201592193473,-77512.74407375699,MALIGNANT
143257921450681.38,-350341899415.2854,5574011.336387277,-3088800.5938315056,11748509.434487935,5873582.482489802,-111712.88023543994,-24420.703421772345,4123.2267736290705,24656.862864158124,MALIGNANT
-75148240919440.84,-574856166191.7645,36441218.03146483,-37561843.968406245,-6744812.454415739,-3301089.807702303,70927.48938388197,-49810.1575338234,7068.035639247053,-114182.80818217155,MALIGNANT
129527567713787.38,846790900149.4376,-118563703.24316362,53183757.803456776,57664905.291779265,-14573973.35571617,537301.0905431593,1274.1230999398394,-7221.492488513026,-257629.82809403728,MALIGNANT
33765468886897.812,-573891021424.3164,14376642.358574733,-14022128.52627569,-13073006.118110362,-1805859.3500517646,14765.762152746258,-39064.32870796007,7523.253661642895,-78655.01659264712,MALIGNANT
452808278225619.25,-312476837115.4994,118957412.50961806,-51689547.68545824,-1058578.8216717169,-4309459.822453682,130185.20829225457,-31294.319225806183,9030.594804640787,-211760.90712558257,MALIGNANT
350862479585544.0,-364422719288.9893,116718516.68354456,-57729005.85440539,-2559406.621213276,-4094556.9590739245,109778.63778880064,-28342.689275833698,6974.867567605739,-150093.96962413067,MALIGNANT
-16388382303418.188,-571769795060.2766,4754122.279728249,-11932752.21900862,-6145786.404715855,2462472.51387044,-74215.2714756146,-31664.898090563158,6898.6381813344815,-23645.2870656234,MALIGNANT
10913434404029.688,-594607138072.8928,3313181.322786227,-8392532.902957711,-14055097.23768447,-263852.8973377361,-23154.775768987896,-44283.48097624778,10041.498672311762,-83599.14044971051,MALIGNANT
-1514971974496.625,-611682646258.4548,1957141.841613859,-8283075.195338648,-20613145.36146947,-2193447.2979687024,10379.592416501157,-36142.82226469656,9830.964447689283,-107357.49773313562,MALIGNANT
5806007999052.9375,-605525439916.6266,9740972.157101318,-12855821.49072944,-20346516.347900473,-2838319.6515197414,27942.028779043056,-41391.93908027017,10100.54192410564,-119601.90951801205,MALIGNANT
-67582308692291.03,-655676774952.738,-23524705.466492236,3543165.7272998355,-25984088.406888183,-2561482.6549065383,943.7457042255955,-32649.110968424317,7869.9536482968,-81731.54951375446,MALIGNANT
275941092125847.0,-456991201975.2931,67789462.99130003,-30455219.427766945,-14614040.276547778,-2871449.4497846104,45434.089899751416,2558.0113379241266,4600.981912119041,-100024.1392460826,MALIGNANT
-172990350039942.38,-686130857594.8235,-36771196.108030036,3892107.776101742,-17164994.96042207,291653.7884262991,-47329.02108414711,-30570.833018907368,8415.123576107799,-54523.01270649918,MALIGNANT
-184432261516461.25,-616995938140.6315,-59204534.12652404,16419501.886901684,-4785105.0727255605,3642478.05909301,-111498.32149296669,-7139.395000590337,1332.6751708951851,67163.58105559833,MALIGNANT
213456729251670.75,-439344058688.1934,14766271.707960874,-1633816.79954689,-3989869.350236617,-3137258.8196024084,74377.57829177684,4549.658514177012,588.4762408065435,-70609.18496145136,MALIGNANT
184871604667368.5,-8180461097.305176,-127865633.58532754,81719837.9586287,816707.6370729208,7094414.223433865,-248505.49820642814,179246.91870329707,-37614.39672904703,613474.3756761911,MALIGNANT
133923842054820.94,7619016695807.298,-738405830.2774903,329666585.42850024,-14099607.699884359,9334362.573183477,-291798.7126360452,285987.20345605945,-42835.14947086728,497263.9351668981,MALIGNANT
88978861701757.06,-525873813515.897,33393754.040630713,-22196114.005321044,-6254338.315458301,-4935800.65656769,76094.75678938888,21083.463501447084,-9733.815481863146,119656.11465267983,MALIGNANT
-64335013391889.25,-615921856208.6934,2233527.1211791337,-13647514.847014118,-11959708.702760562,-4639321.500053792,86600.99969621647,-34338.49257176892,5010.406456014418,-91823.87986220162,MALIGNANT
372425498192180.6,-61478292829.15674,57610747.351245925,-22567220.486862507,20814454.172965366,1363012.8931289935,-18616.460633079514,10244.73824254718,-13423.701123061246,231733.6005933846,MALIGNANT
259305392907730.0,402749036765.80066,-81278944.97966626,48634051.949751586,49164007.43619822,-8336823.562753543,338778.47582195536,12370.671765991821,-10994.152783306055,-78119.36648010784,MALIGNANT
67815779637267.25,-210071274485.58557,-40375995.58971622,17675589.38970483,26015476.14317022,-9551954.344274156,293915.94944930344,35666.134458440654,-14009.980438687056,-2957.7990600333687,MALIGNANT
14759485845826.562,-522104719778.26855,-5320265.087285757,-3531614.8476810716,-3361070.542805899,-2845716.7469873126,50833.04134497953,34940.29107769978,-7989.6462595916255,58456.916194253536,MALIGNANT
-68889091872451.16,-540950905542.64453,-43421722.09104636,14448737.273200613,396127.2715543136,-3491491.2693711054,69404.69707636035,-3796.5536622387644,-4629.785446379428,53401.026203805515,MALIGNANT
194985708058634.25,-305796683542.163,32754702.168069303,-17397058.05924349,11754022.96523172,-5203175.016751053,165731.82417913343,-5334.214373427834,-1272.9057701539568,-82734.8523628451,MALIGNANT
119829226367269.06,629050766617.4418,-300264533.2726804,175306188.24403128,15417583.236343425,8522690.993469471,-184614.4984963689,100542.87177485478,-19096.126094168645,262599.1716201671,MALIGNANT
13552542615516.75,-591028812110.6124,15249201.315110266,-16024270.822648566,-18091789.318842262,-3011276.4576973994,37305.89303477976,-31180.445378575554,8499.75578780711,-111199.54199910161,MALIGNANT
-5032636755232.9375,-541603699451.2291,-12603064.20620054,-205165.54786172882,-752239.5940928385,-5215769.041106107,114371.55389492962,3178.614264284246,-4266.751103201324,15027.991540897434,MALIGNANT
16857937677311.0,-556889089737.4858,-11263410.45507218,855686.4919700995,-5299525.18045678,-3976893.300563769,86833.33411278532,-31469.744799461594,4200.959346165677,-80719.0270041641,MALIGNANT
16234624939269.062,1927928396118.5078,-209236978.85737553,83524437.27793668,37539748.661029845,10751729.294754682,-222238.08219941627,65768.65751557876,-24674.919357583974,475563.5174580422,MALIGNANT
342351689032843.75,2251663401413.534,-351227309.576826,196299799.7516326,41897176.14619416,2140060.7246183637,61246.57792503464,99423.09001430206,-21970.06945812685,130464.51040030742,MALIGNANT
234536588529085.5,-368883661184.4007,50438259.711756125,-24482159.145589698,6837717.910625216,-5889938.089449576,173449.8522976379,-40063.26913030139,4974.143246164625,-148519.83825823362,MALIGNANT
161514743790461.8,-409401957224.74524,58757582.89301266,-35236864.66473687,6266245.875300523,-3329048.3842935166,113833.5719845006,-33634.388650620116,5719.281682200701,-133854.6195613342,MALIGNANT
387513065676697.75,-357351348374.6948,98947134.49912326,-43293185.69141595,-1853568.9400610067,-3053549.024849342,90058.4547653299,-31905.32748446832,8877.305674642179,-173219.19238897515,MALIGNANT
404570081101577.0,-293139793415.0053,104064544.67627405,-46373476.34203002,5418593.289465364,-4272631.624359209,136556.1346635203,-27507.93842892997,6605.708226892064,-167626.69917249854,MALIGNANT
-90491411399530.34,-609622348046.0063,-2242163.4160425067,-12955715.544341754,-6447576.185029868,476166.1830670107,-29124.81670637622,-38824.04335350578,4848.379822841558,-31987.999506870874,MALIGNANT
26252724612926.938,-462565058340.10297,47823167.103907034,-38396788.667867795,5219072.325670954,4303742.764476674,-77017.65201580594,-32829.67692382062,9473.111275954558,-68641.79795087416,MALIGNANT
-101326978408947.72,-649096927823.5096,-19129515.417270735,-2259081.072159849,-14255456.843254387,-1694721.8541207386,9909.479343622166,-38102.02415768973,8377.073979995672,-78137.97873967103,MALIGNANT
164561124326283.38,-341216492781.1637,-44781040.28343235,31595631.729977176,-616709.3978875801,4483318.769058913,-144768.928926407,31206.445109780318,-10143.582679379482,233753.09917021764,MALIGNANT
661290584493069.4,-236065857079.12524,183633047.67392713,-77583078.5549486,-5008425.574015964,-613954.3381438674,34489.01957997655,-59603.02531515287,16638.453738399443,-255028.4696434156,MALIGNANT
250354743450506.38,-168566228126.0122,-61336155.79472562,46258240.98156404,8589497.78032333,281577.1933818776,-8157.897605428831,84588.19274565211,-16311.383130190046,187905.81984469347,MALIGNANT
83982213593397.56,-561450682662.4467,25210146.567482278,-17158529.001371603,-16941450.79659249,-1034110.844122374,-675.3309266011092,-35856.46194981592,10219.235907373477,-135875.06666648193,MALIGNANT
-122896299405584.9,-676380745254.9054,-25611045.891269177,614692.7172766961,-22067650.139052287,-1268767.6313194747,-18977.173722047526,-36828.09262461901,8642.583598162924,-88758.23318190877,MALIGNANT
-65496968783708.5,-627988020075.4626,2955257.739129916,-13207729.166936751,-15509461.22384453,434910.4181993976,-119215.18082455528,-27537.113244170418,-10954.164882598876,331706.9469930842,MALIGNANT
82404167790178.06,-526035647716.8631,2260089.9554069936,-3045891.101314079,-5843559.813616924,-2990390.8073005974,67583.56699397387,-40699.866722754174,7196.498669868644,-116702.42628788712,MALIGNANT
-78303614598361.03,-547100507850.19604,-4308578.348647058,-10267002.529042054,2560475.230545219,2002523.6312301387,-195257.37449946057,-38394.04740977926,-35617.81868807769,800098.0397543272,MALIGNANT
126335116186762.44,519731593977.3817,-27476591.30291815,635430.1690588146,40844549.434606925,2079624.0433294554,42259.96452411664,-30487.974322390153,-4130.823393059789,80858.40132784907,MALIGNANT
67317865216742.81,-192400343328.69043,89361810.46429242,-66841816.00027965,28720802.73594096,500439.5600409168,54247.97190223566,-60504.91784292264,3505.131948034581,1246.631296838932,MALIGNANT
-52383468608693.06,-584962145900.3938,-19817554.17640716,1072280.8560280688,-4303110.099393994,-5392141.746153992,123325.89378881839,-38712.12164415445,4475.81227412232,-91612.08046636812,MALIGNANT
320012912295603.5,-410120928043.5595,83906323.89931692,-37944957.660477445,-10162676.706267491,-2198913.1325398893,31666.1631519631,16393.82478306203,-349.0509589344765,-29288.33839492121,MALIGNANT
199361384582687.2,-351352565579.9993,26440852.024863645,-11749551.754890118,9688907.392488245,-4930280.153514783,126310.65730095244,25074.050803047438,-10522.021948502996,78858.50864447549,MALIGNANT
-53692529001057.875,-565683514895.53,-18842914.312198266,-23642.117232322693,277636.6696964726,-2670729.2702775635,69195.99547723138,-51006.93410927135,6587.675750664486,-83970.70867207315,MALIGNANT
-104153560718114.66,-659540567983.1102,-36198057.39392981,8910944.37716746,-17496856.54432156,-1648648.5652587663,-14126.91308083899,-35047.986048690895,5436.689321594302,1830.1730711177224,MALIGNANT
-131765980671545.78,-476493097547.8106,-54905765.46035372,15413827.732956314,13230347.519021463,-1574442.0459704977,47008.35257372164,-50007.00420091002,-2939.5874322732816,85450.95685710502,MALIGNANT
-117601167083609.88,-618452819854.7258,-27903385.89054881,1457329.3572316729,-5805854.470305409,4233263.637622263,-94529.8129087023,-11732.462394435055,10094.143310434738,-110181.3570619312,MALIGNANT
-200908894130767.78,-711633834734.509,-41446440.84135786,5041277.68360775,-19429440.23923429,-1058889.0044061365,-24509.676150260297,-30648.21360142169,2997.505047458835,-52143.18638441604,MALIGNANT
-211366720292175.38,-270772331064.3581,113050183.72090687,-104259666.77479224,20316631.640726727,16778583.570891652,-310294.56252901384,21565.90152904454,18650.662261328715,-115524.41613267621,MALIGNANT
483631177496820.25,-27442167146.73999,34700685.86180225,1920551.3049169593,13250792.189771656,-4165286.788725953,99148.61974742376,452417.35318489774,-62742.078675303885,522048.15685313876,MALIGNANT
163961025489903.44,532051928721.8546,-194220995.80570763,112335965.99824463,29717881.40576325,-2643389.6515747407,95351.43229814425,154587.3102459913,-38667.26216957018,381074.05969834706,MALIGNANT
264572577751385.12,2698933807397.702,-144047709.2186002,47415050.36269045,53430772.98796132,7175834.792682359,-75652.03624012337,39060.65471869564,-20767.1031157067,354925.7560449176,MALIGNANT
108956020282251.56,-208296725937.22766,13032335.929115608,-13561500.813415889,25115300.642919127,-11030314.224822609,331295.93531734805,40550.55880653252,-12327.840455207248,-35874.519540377194,MALIGNANT
-59105607300041.125,-565457918517.1179,-11258998.973660648,-5243203.661682401,-2385348.0789476,-4615961.785211027,100325.11566423866,-6521.208227603389,-1489.6203836242785,-15272.354964316168,MALIGNANT
263828757591158.38,-66512514836.39429,-81236983.79313886,58352218.42923334,7489738.23728871,3221613.376265025,-81486.41435015346,54833.50457788353,-13154.579834062131,191106.78253657298,MALIGNANT
-18784496588636.312,-547963377429.062,42172308.66651885,-36866921.092641816,-7614938.525207143,4304647.419807047,-115799.33613993601,-24409.07359496569,10188.596338059415,-46167.560755274935,MALIGNANT
-55685743982628.75,-609947061509.886,8599577.337581858,-17115537.16476317,-11928366.06281754,2268080.08546798,-74645.22272200853,-30091.070583048233,9985.373375292682,-78597.44285924901,MALIGNANT
132429837182872.81,-285617323128.14044,104931986.66636015,-69653650.8765072,16427130.523109678,1639944.926348209,3100.678707066276,-13646.178346447134,1313.176114684622,16464.100565317574,MALIGNANT
-149025460541364.03,46192257205.07898,186342081.32444328,-152559777.56365323,9174185.64011709,7607729.569680395,-135618.83467467222,-18405.132632393375,14597.914124404753,-102257.11671055143,MALIGNANT
35936625416271.81,56275172610.58325,34060921.38233036,-38209078.01443446,31091024.109826405,-5209915.518981315,187683.89137134256,-23933.541370215906,-7539.484619976836,51915.96670311693,MALIGNANT
-249899510428538.78,-620402053667.365,-74924251.6450729,20950334.910564594,2985776.272423465,-1171783.2887024404,35153.58660193265,-13624.505269357476,-2483.9550732985444,-39085.72668517697,MALIGNANT
-207841347599508.06,-647764038895.8406,1257022.2104748935,-24471244.856707443,-7131495.293483365,-2234153.0086202053,38605.90830771615,-41008.76791574783,5857.219692891304,-80102.29701647417,MALIGNANT
157076191600771.88,-416949166923.61,93854018.73369505,-58419522.87498154,7271680.674247365,-2414284.3359651687,106920.54320139375,-73949.87085431791,15197.95000804491,-233836.43204904156,MALIGNANT
104416378676405.12,-435264449424.3637,92151462.50748594,-61367886.46033569,2624337.3880827315,6351460.556077652,-96845.93092036188,-32459.492890303838,20130.584294878503,-236013.08639858206,MALIGNANT
-76126323309227.4,-614741562571.4636,-21221593.490286514,576027.9582668133,-6883571.862603661,-2595912.86391669,47292.6198775206,-47788.86499323108,6860.703001789421,-71889.22118618345,MALIGNANT
-130720912447670.97,-619813735818.1936,-21333901.066816106,-3873570.0557682104,-4023711.118009858,-2336417.1989715137,49049.84173080957,-50993.33996897631,6293.776326485728,-80999.06414843013,MALIGNANT
170305056805350.75,-177367581323.91492,-8259714.704247385,4686717.879387565,24975439.267628152,-1880911.4479752772,115900.88414283925,-50685.00770305064,2434.2764936501117,-74092.76491897606,MALIGNANT
-59691934559451.25,-602432900730.5519,-37060139.40781602,12035549.054423813,-7898036.768528119,-166539.51812587865,-13633.846955611942,-35706.85490210373,3151.057329477502,-44366.21277967471,MALIGNANT
132330353772991.75,262282328233.40576,27787685.509188443,-30234777.221161883,49370572.66131818,-2556775.0091298623,193329.03279626698,-104414.63227591672,5789.541127944478,-103203.37106138672,MALIGNANT
-309236890463169.44,-718031763683.1371,-54174059.12324245,4233218.933264591,-5538621.624914806,-2666178.583836909,50316.42735524132,-50737.875035294885,4070.958508392843,-83688.26902440036,MALIGNANT
-198181416317086.7,531016169706.67615,-243322332.8290341,112424352.32462321,54595031.00926292,-6028070.53652264,314583.43014896754,-81283.4635157272,3536.574335788555,-229232.54008419372,MALIGNANT
-195614368410619.47,-494998536417.38727,54588618.697561696,-60825444.669805676,5101668.711052913,5273938.576068031,-104646.52667501368,-32845.73757951554,10534.264026351466,-63722.26214887877,MALIGNANT
46834786885630.44,-512295268285.8511,8855868.643389836,-10673240.66182841,3317724.3074939363,-4632666.66227404,136036.05708993718,-60217.976686870825,9297.757578486511,-163870.5169692931,MALIGNANT
64078401978349.94,-577190162257.8401,5457710.814179882,-5603068.433677848,-17982203.83603391,-2005090.8342619448,6409.403859711503,-30016.7118807894,8083.450385316832,-71809.18127490052,MALIGNANT
14759159519967.625,-583533073034.9524,-6031466.647987545,-2194628.858168531,-12527150.23229945,-2917683.9360084385,41788.68712440549,-31641.594531693947,6030.575982312486,-72197.30024683429,MALIGNANT
41423374660371.69,-219980706669.24426,-6647932.245542049,-5617115.955395248,16624161.922566976,7413505.489657054,-183505.6196719205,17062.384780688262,-12893.10539608756,325729.0360356005,MALIGNANT
167482696239754.44,-287433388155.2025,-15158671.195894912,11566546.349200152,5353483.221805077,5628755.035836687,-148802.49229932277,27805.510558131267,-7413.0280874595355,199289.82526729692,MALIGNANT
67049144790315.69,-567555663941.5249,2527255.284333229,-3614704.760913402,-15757335.363606876,-3243809.0710549178,42520.484012385976,-13171.37985103622,4795.256104393251,-66746.08139462574,MALIGNANT
334511671142135.0,-295480709485.4397,29680768.42812614,-3306795.127467636,-528068.250161022,-3462789.669600426,69735.8628574976,134489.04630470226,-19504.947306171965,144004.30745097325,MALIGNANT
35928355157682.875,-576257677488.9514,300074.9663078785,-1335223.3463869132,-13691133.134007227,857660.3415431161,-363542.5251667499,94376.64190132037,-89785.6868051164,1722240.0172426405,MALIGNANT
86671043853290.25,-505083293164.4325,14276971.662904084,-10861165.797720391,-2093100.1718132459,-2289549.926483525,58763.54477096083,-49083.620098164756,8230.8148406882,-110292.9126814456,MALIGNANT
286565543346134.75,-469116084247.2197,66873629.851333365,-28855339.476758134,-22393044.550730504,335744.3996597519,-49641.21937198649,-43658.303337539524,13848.451863745573,-144811.0524958863,MALIGNANT
66147157461289.375,-174057109480.5232,-59281567.03482427,29423208.900285963,22794947.133586194,-1564156.646372271,70843.65766911476,32354.52243934216,-13792.245259837862,160283.379823669,MALIGNANT
-171351800870311.88,-663230694482.6989,-43231736.14356217,7792936.912461892,-5406270.802040581,-2146866.8173412415,32305.68405773606,-51579.85172198362,3053.2584481925805,-37046.48337935222,MALIGNANT
17052125138535.75,-539314953470.3348,12803790.801752687,-15141671.691226494,-1251112.6303845681,1705896.9112034314,-27085.06138503574,-47016.46124725342,11521.05861417008,-124626.6686036498,MALIGNANT
124308586655382.81,-504447550196.32935,5852999.965709403,-2089448.055110477,-7518269.692423373,-3230702.466987243,60926.59820478386,-1924.4944564488706,1998.8372562620716,-46617.75553045468,MALIGNANT
304575342513458.5,-73028397757.79749,25098156.49113646,-7457524.068174113,24681616.59317228,-4605145.774367313,174919.8755557022,8112.016741312826,-6077.602851738837,-21512.64114045088,MALIGNANT
101196484719267.5,-514404594852.0718,-9045194.443890288,6001774.742198296,-10014089.349343956,-1217594.3871692603,-11947.105211498925,-4041.5102981351356,-760.1285632753898,58094.39323447979,MALIGNANT
91514934933659.69,-189051639029.0144,-85405724.17820212,48263070.86373988,24652676.70725121,-5556328.788935712,205614.64446879103,-26424.4618995446,-1433.895116410018,-93971.09825084022,MALIGNANT
51176898083543.5,-389508838254.95703,44502614.14010884,-35725092.350671306,11903054.946351867,2786453.1350661847,9.541788287302552,-27525.325591532972,11263.31953494369,-170884.17005766768,MALIGNANT
42255219262880.75,680108034877.3983,-150297423.37699544,70084900.82159561,43217063.09486921,9789742.602834709,-94200.3484264625,53145.86278232533,-2451.161288214662,4834.777942879307,MALIGNANT
-147447288687005.8,-597646515652.1311,-20687274.218859464,-6012964.93221971,862703.7538988963,-1178684.0148908298,27435.902986694684,-43810.36574959158,5058.3891616190085,-30134.952696000626,MALIGNANT
-188895551273248.9,-643268727624.9137,-2599814.2669125795,-20512490.956993397,-17994856.84885746,10600269.725919018,-261068.002136958,20790.735917344195,16430.30839257943,-151298.2889704388,MALIGNANT
-188573315215573.16,-635255166089.1294,-51535363.096038684,11214237.915129695,650155.0314678885,-1787802.4917508282,41198.548109967174,-51193.63466803669,4966.98376384535,-34094.39735022412,MALIGNANT
-232781292660458.38,-425997336266.23584,-90594201.28538468,28967002.843670707,21814746.383982535,677073.3662279034,31877.140830628505,-49225.216775911336,798.0312465265561,10326.306982391754,MALIGNANT
-205410227091996.47,-669683438093.8007,-25008757.592176735,-6822939.770759959,-13334749.818761624,6423553.4863569345,-164217.5542122257,1304.0487924635418,11989.429341205683,-107179.90882827621,MALIGNANT
-158229315681297.16,50364344586.62244,-247648792.6402769,127988576.61089216,31336853.056340564,-1057590.6093552927,114555.53210333598,-27517.156525506267,-1851.9987664939254,-52445.40340736772,MALIGNANT
-214899893097205.22,542926917360.0587,-245898123.52446705,113885365.69681852,28675379.104110625,20160910.429051086,-461557.30613611045,60980.84042764648,-19790.97151800883,466440.2403930758,MALIGNANT
-184455536851349.66,-606482163035.4575,-13695610.650547117,-13194906.811872434,-5310775.158574503,-2266474.103829807,13615.039088267135,3277.589290656997,-5957.2307348980285,116185.67220780873,MALIGNANT
-232552152405721.94,-718525113998.6469,-58041597.44809788,13263410.122094452,-14621379.793719769,-2099128.6513579567,12515.219610885484,-29580.246604604385,2393.4420617160795,-56137.02552368722,MALIGNANT
165590832265559.2,-493260666061.3659,73237908.74256523,-42778313.8080184,-12790726.329024386,2025027.6061092052,-53212.00863565014,-41264.64388519783,15764.034619140835,-179825.71303147357,MALIGNANT
-59717721579517.875,-625753679514.6107,-3196281.9935456514,-9565227.290100854,-14764539.215097073,-619846.4777133232,-14047.976619746594,-40939.3419402773,7385.680315910551,-92427.51522940877,MALIGNANT
250830725524077.88,-410034044755.13025,40692801.55050121,-15644841.035633367,-2245412.721939169,-1058963.8195448183,4949.650813510698,-16111.406253703335,-1014.4424396140712,43283.22380469324,MALIGNANT
-27934274540630.938,-505004274973.62476,-69526507.36053942,33886815.247309364,4970625.651116323,-3138256.7901793844,90856.338771389,-45780.43261814893,4228.921861971041,-70065.81032490177,MALIGNANT
-29458931252367.75,-500608184014.11914,10373682.46780105,-18183356.21684367,8120917.957320455,-1181754.1967145004,58651.49032656879,-57473.36516357753,8455.181087418456,-104500.23235417626,MALIGNANT
13216047782872.438,-538533568714.532,-8414718.633173898,-1649380.9980421327,-469332.7955223359,-543863.5640036324,18713.016859733805,-45886.99034149734,7415.2493304103555,-81497.14820990773,MALIGNANT
253078186663294.75,-386569255628.9219,21744102.970653415,-3914492.726347927,-729481.5991360024,-2184018.1503478223,60824.30044781306,-38832.03303015169,6983.465808638943,-113367.78387569258,MALIGNANT
-58059248289582.56,-629118704877.4668,-16047968.489483371,-1005903.7041619159,-14173156.472576633,-2349185.104009685,24178.15691585533,-44634.96923379948,7509.620136488116,-81510.25099746548,MALIGNANT
-41524898774482.625,-545668085064.95325,16964120.837227315,-22697950.986958068,3229698.517023567,-2922792.0006862036,91245.56302203002,-65696.35879489896,10160.553297830167,-140058.96987564847,MALIGNANT
111517229961114.06,-547214267493.01135,33695537.00430384,-20615917.608557273,-17819773.8454846,55652.90750985034,-29405.049617866767,-42067.4897588036,13184.634482775607,-142856.36606940025,MALIGNANT
35161955457980.25,-574172738188.3274,31618483.80766125,-25198438.317103963,-15317676.304386433,-235439.94700823026,-15044.303630559041,-42820.39110876917,13056.345829317896,-145979.36216665636,MALIGNANT
-15592568287060.062,-554287316024.6206,28910319.08160837,-28032795.27900641,-2306620.5506226197,-2988460.8883485706,72754.24906367483,-57903.09905170842,9031.3392274336,-107171.84321391655,MALIGNANT
150284877481720.3,-429170976071.6237,105826072.4241115,-66366183.53745642,1685686.2376839332,-1372162.6542421822,52988.97023698615,-65415.44715516507,12702.649909877447,-152422.89978682628,MALIGNANT
-16858050153852.0,9163363992413.844,300882053.2937896,-387884975.9344621,4560465.645522956,8560627.768927041,-124497.77583726414,-319581.517422191,75968.66764827167,-614851.3460114604,MALIGNANT
273563811966788.12,1489427047269.6245,-267985815.95525765,152886109.52836913,11404418.365820464,19688511.53145041,-571358.7401171875,337732.83959431597,-67582.02533771393,1108861.0887326053,MALIGNANT
89761221500917.81,-506666135273.277,64998455.635765,-43556655.07074575,-6000853.408441454,-511306.9137871661,18292.65713217457,-53271.91575785507,13515.451946054756,-167583.3803976726,MALIGNANT
-17441979740676.562,-391408628673.70703,-41385972.99871457,14456380.321168499,17075030.88850834,-3295899.4042879525,119174.79174150327,-49483.075581767735,654.1823086849945,-34033.03664835028,MALIGNANT
-91856674793640.4,-429739595339.8179,-37363770.28495972,6586681.180376016,12779466.006666098,-1183645.6447726064,29941.22892706108,-47931.52130917192,-4710.138765505628,120400.9198476699,MALIGNANT
-137051890848486.5,-671122950984.7927,-31908816.101327106,3379884.6688718423,-14669047.991063073,-3875368.6604059846,63257.28754984401,-44899.070941015634,8353.658969612949,-101059.84977820257,MALIGNANT
-71258295952355.31,460485770163.5438,-20544854.323327124,-18921849.280028675,47656701.73314577,4247896.702116871,-36865.34035317298,-33928.251087085846,-15692.560357207509,329889.9704258684,MALIGNANT
-190405433199584.1,-533805039027.9048,12182446.98191917,-32286057.504351895,8787011.835252788,2048478.5744825858,-8849.93594766796,-32802.65098981782,7489.557470623415,-119590.27596169876,MALIGNANT
-212948513061673.0,3662510344055.4473,-196699407.48596355,22009417.30788969,43564847.63850576,1248426.8660253487,122838.45019881512,-110765.03885554627,17958.727385577415,-300512.38910972775,MALIGNANT
-188670051080585.0,-624909903856.1765,-42049816.968689956,4933123.71761696,-3763627.6172193065,4678046.639632074,-116196.09750124154,-4249.429371616547,4507.892707140643,-21897.57648548181,MALIGNANT
304995898475868.1,-203900537814.36792,79093260.84858789,-39865217.08107394,15523946.69702563,-7165617.899472467,205592.9934937055,29486.01756835515,-10101.098948902218,18586.445262687783,MALIGNANT
16051373645012.312,-564750082471.1829,-12229037.642524794,1716391.8143836185,-9356509.823570706,-4810180.032029964,92263.52605669215,23017.314226761686,-1807.7586717992926,-20553.460919182355,MALIGNANT
195499119750174.5,4016284474740.284,-251120602.1633315,86443471.44059585,41532025.41040638,-12820912.965991085,366815.92143754516,209664.72646482414,-50790.92290072792,397093.59497489,MALIGNANT
4106404057889.625,-99731147206.87329,191864005.64867717,-140692858.04540876,25032461.47465768,12290794.645111464,-179403.35262300464,-39088.43351642073,24846.349732392646,-199840.76445718625,MALIGNANT
-232286123981828.75,85637439055.74377,13039372.755602255,-47620206.52151501,37496244.16438195,-4249852.26791323,173694.19110771478,-6870.536555948031,-11062.086071342244,85238.12421036678,MALIGNANT
-124732006279778.94,-646990480638.7056,-18547325.570085615,-4618254.128592167,-13491824.090398517,-3425653.820572585,49723.34308887666,-28828.045385630587,4906.251040523239,-64079.935612636975,MALIGNANT
339270400746305.9,2098358531208.5884,-297134492.6906429,166228506.10833737,10115670.877111461,4509864.893684208,-239853.36333155175,449504.4898964162,-97774.90211761656,1285053.2012735587,MALIGNANT
-131838681185616.03,-668827621954.5016,-17847059.273772508,-5311667.175564934,-18956121.815337814,1478239.2063501053,-70300.22929842,-25700.703651621072,10903.475674170139,-98977.0652792516,MALIGNANT
-172043387656422.1,-694568323151.8215,-39213039.44187029,5757631.261075046,-17304385.07502439,646595.1935247807,-61938.185480436616,-27421.413661192113,3770.8547388854568,-27055.039205397425,MALIGNANT
-81716889747423.38,-652640369365.8015,-15105303.581672728,-3186695.256267503,-20616304.072396778,-3030497.251898712,27848.461149482337,-37787.52210889313,8846.241297525066,-95407.33189839013,MALIGNANT
-63169058156813.06,-587998714408.919,-22663830.110988453,2123482.487230066,-4580867.045125589,-5040892.828811625,110070.15326208524,-30629.186994934913,2584.2619138929476,-63356.346402481635,MALIGNANT
-119343189729195.4,-597221957256.0941,26251158.44330515,-34288283.14229785,-5476589.3689037375,261072.24019148014,-3750.3557942098396,-49251.467871098066,9600.549501822861,-132290.8374995802,MALIGNANT
14951650735096.25,214614105477.43518,-20949749.76130283,-7308679.111881781,34366391.9157515,5452998.600352818,-46164.29840238414,-38109.65249137308,2328.8485754210014,36181.78497687728,MALIGNANT
651638777868451.5,208256236315.3872,78946177.45194425,-17367051.952560376,10891103.32564516,964655.4792198744,-49391.4394857772,213169.31831025294,-39721.74347334576,465120.6735709082,MALIGNANT
12605129972248.875,-432518518546.76526,120397570.15983851,-87357657.43771815,644565.4328926615,-3392406.364551744,96346.47819190923,-71193.24371957197,12278.82992589509,-156248.2771368395,MALIGNANT
-113789810633411.9,-482549542799.89465,-12779081.175749213,-10617082.79391316,13875518.23781642,-7525936.230996886,216926.42041103783,-63150.43490204092,2495.7458888587753,-97980.7661901754,MALIGNANT
-176338699995288.56,-677295047263.1836,-18360885.612539977,-8594630.129159417,-14438669.782645162,-4152396.198478396,68873.63836985682,-39019.91755465551,5639.594862111859,-100790.0977703529,MALIGNANT
-85282991394468.72,-638821075625.6519,-19764336.886780277,-704579.6537966244,-14144259.891891867,-3030686.3149603186,40722.941126035745,-42908.33242017157,7520.054899536764,-82213.9526693584,MALIGNANT
175686912320681.0,-468457111541.40564,25485320.868369117,-11370081.712213796,-3366950.971311342,-2983597.059687551,75947.24347385114,-49396.9622547567,9044.271495157423,-138203.09649373608,MALIGNANT
382866968213813.1,-385086864710.7101,99904565.20806853,-43812363.90025821,-7770934.450179804,-2593301.4404819184,64160.88928295772,-41785.005191213204,11303.294291700626,-185111.31145408886,MALIGNANT
-139425255209742.6,-678469434668.1846,-31655998.4819953,3218574.9366262145,-18517126.209575415,117430.77451291028,-43589.1067443526,-36256.8139567835,10144.222953673117,-73759.68272708444,MALIGNANT
-156337284127388.5,-691972663937.2462,-40245843.9680179,7640679.235212646,-19485430.95098049,-1514841.0285642457,-12014.919758540484,-42243.564472642,9133.229767728597,-55666.37362541442,MALIGNANT
-147775927784207.28,-688174252986.7661,-33926060.47112664,4169567.536453549,-20380353.13484168,-1435642.1689841498,-13679.753295446626,-41864.932798728536,9947.854575374433,-69017.12701729851,MALIGNANT
-165174404743880.53,-666355523225.0135,-55201579.68604284,16166201.237596652,-10799347.33267561,703215.9536154517,-45136.914900296266,-34585.528125128614,6479.925170538467,-31048.70557238059,MALIGNANT
-152668723579140.44,-477164756758.33093,-113941359.49478355,51956461.39139244,9110759.58907197,-1791173.9911345062,48071.2262824317,-9677.180738574236,-5850.930590236865,81734.08558646377,MALIGNANT
-41736243814296.75,-641231476482.6818,-14630216.683777988,-352358.3607783355,-24651589.193991765,-1507498.7045020647,-17357.7205590354,-39344.27473480877,10964.40916927643,-101118.03864821658,MALIGNANT
-143855841411036.25,-693568138937.883,-45165780.87370245,11895023.52158286,-24102526.135927428,-2282292.1276740083,-4802.844700289105,-39427.032593420125,8830.601968695362,-63128.19197009237,MALIGNANT
11895271834231.875,-611054266771.3645,-2759171.625340387,-4086933.8746551014,-22309419.180764865,-1943327.870305331,-3546.835602774524,-42863.35936121653,10763.467022635803,-94261.63365938976,MALIGNANT
-118468010615560.53,40903588299.54187,-249103514.70292848,133520719.51008822,17893884.028140064,-8895341.453617712,232101.39670972223,334105.79164479655,-51368.75722913972,370378.76970747585,MALIGNANT
405187607951999.0,-382166889748.25714,93103820.75533454,-37414100.86041975,-11090017.518908113,1199159.0294889514,-48010.1419508329,-37009.4147463291,10085.846546274726,-98893.9506373106,MALIGNANT
25121102289118.375,-525531864522.07214,-41320696.94661215,21015052.65131952,-10490404.435852375,-448869.2233577287,-47699.04861467965,51019.64887797167,-11225.939161498696,193257.60890282536,MALIGNANT
-88634347900164.38,-658430316174.6202,-22729812.565949365,1290859.6636935957,-20344482.474260334,-3529878.0514234826,40151.1137159394,-35444.82625755462,8307.541735924908,-91664.962762196,MALIGNANT
-120846499281075.0,-669732923249.1729,-35673309.14966568,7168292.863887612,-17125552.70476283,-4369368.218304558,68368.9885075907,-33449.83745198372,5366.194119518954,-97317.13183177527,MALIGNANT
-4166129012420.125,-531598607880.90515,13256011.722818628,-17150093.91003068,-12431974.42442181,3841620.9772354127,-115752.89654389521,7993.377816696429,5295.895882654153,-25088.432820147842,MALIGNANT
14684009190355.875,-451319014447.1918,23604056.706837088,-23867628.131084014,10970988.250430617,-1526140.3632006834,62291.38164211014,-61932.10627534795,5624.990090859188,-46199.22069558932,MALIGNANT
147336134912185.75,-497422796801.22327,31494765.692439362,-17096048.30088469,-6520570.685742989,-3681271.000869314,85405.01686318191,-37620.965239044366,8349.40746742795,-135935.52942101067,MALIGNANT
82844707318660.38,-495801785231.1066,11654006.580015108,-9441617.804496247,-105572.87216138467,-2031760.901963338,43988.88280667059,-15925.99347627363,1283.275383762386,-7768.409429074498,MALIGNANT
-58747333076291.625,-377857504070.13275,46368771.039412275,-46183416.677873045,16173894.57679892,-4237709.846812798,134397.23828204867,-67078.51685143255,2857.2987213569395,-36461.0225826258,MALIGNANT
17711058765387.438,-437209621945.315,-28736604.495714337,9956863.075440925,11041411.178460542,-3733033.970738765,124604.84423133227,-51714.76114272721,4502.051480509672,-98105.94187591202,MALIGNANT
-16401910788325.438,-554016500399.7944,-26401952.19123505,8055953.170887988,-5426907.8905570395,828687.4867446544,-44557.15031838066,-15286.10912289462,1201.6767477907015,41107.944485678185,MALIGNANT
25523468854446.562,-197291181645.92334,-85274789.4536733,42808205.444102705,28546071.485045936,-2977072.663375767,149865.02896407177,-49035.68001865069,634.9397055529444,-70340.57098477233,MALIGNANT
7213585609720.3125,-438157576239.69464,-50657504.92048134,23560921.08536413,7362998.27924129,4092095.3675446096,-89019.82184577767,-48808.71210411856,3960.3379703494174,36576.95126379285,MALIGNANT
291192882346406.4,-467103863439.24664,64387879.77015747,-26766598.03625859,-24444219.13517718,-1170011.8372338046,-18044.03317898715,11375.712766630142,8237.480103696664,-106164.7841688869,MALIGNANT
158331303718742.62,-516325075041.90985,37193398.53457822,-19486972.748219807,-12642960.229956873,-837013.2684735525,-54.704237436832045,-44958.232520570105,10820.007281309063,-122168.88043464339,MALIGNANT
49212876494161.69,-580891972263.1199,12159657.558088139,-11188481.543665472,-17122689.325593032,-1303862.2081780478,-5109.811819017968,-44067.28391193441,10270.861360482686,-97303.86863615541,MALIGNANT
58819958740314.31,-372089740455.6167,-17116553.85040638,5057439.4711217545,10511252.011394914,-4370804.102404732,118569.3577003649,45629.32320968542,-12792.359486602407,86543.79927090136,MALIGNANT
-138115668150687.31,-600037301872.6653,-62852903.37079502,22331009.170973048,-1134892.7849683017,1838473.9846720654,-62928.542139656056,-34037.33329001203,984.2605564292207,61687.47439859974,MALIGNANT
-98721336106411.97,-514695179428.0762,69146517.78226618,-61673003.2856988,-133368.30311110616,2515207.651937539,-64210.28525708505,-44071.21925012436,8295.715858434192,-17865.42917922122,MALIGNANT
-89770323517739.44,-548087148842.5266,50144702.366294816,-48195795.00073402,169325.8322874345,2354018.7431795024,-35696.29946008825,-45398.81330312307,13475.172546730184,-139868.96438589107,MALIGNANT
-191572176526318.8,-580660319331.0104,11763971.368865222,-30974620.08314984,737955.6841172427,5455757.141847344,-131590.07378064492,-22891.895160392512,6736.81321175391,10383.9317525835,MALIGNANT
-199881998781972.06,-511333438846.4209,42653874.38780616,-52677045.26215607,3993206.056951966,15814614.168216944,-379249.0417662885,30224.53245022773,4375.160506122422,151851.49756592177,MALIGNANT
292776316565665.75,-463874053996.9569,66342762.74334888,-28133109.07722557,-20355281.289163984,-2234078.384425067,24348.05470426811,-31006.553516271764,12515.070462980319,-177091.47571659397,MALIGNANT
-122890599538599.69,-69089044269.58997,46426496.14245163,-57602743.68587603,46670808.10459429,-9933579.464524029,357514.4972816776,-95957.7206338764,2200.4320414807153,-120880.59941270604,MALIGNANT
109146794437978.0,411156148139.016,-108916763.5075433,53888460.38663399,48443881.22711867,-8436987.575927986,330264.47611532494,34303.881644994064,-16310.440135092584,-5264.318006307512,MALIGNANT
9552935751678.0,-493486505774.6657,16812909.302715167,-18955543.012723874,4697011.323161107,708069.9443399394,-16220.680443739466,-41299.48682194062,2483.310926422051,27157.976727999056,MALIGNANT
-99678681725430.94,-616808120154.3267,-45273766.40553224,14387456.191196287,-9883318.09508454,443257.5803193422,-43393.559470096414,-22687.27427506415,569.5232217699413,13272.337268498937,MALIGNANT
-12274070000196.625,-362744293726.9975,128472886.35238557,-95993639.43346967,11746012.389780726,1990895.773432462,5434.187178865121,-61158.63923118127,15984.68113135776,-167266.0452217287,MALIGNANT
374759886899217.75,-392024023857.2012,100896469.46869607,-44996473.59657925,-8929649.835390512,-368631.70639448427,7069.145186174366,-50816.71010290676,13392.296221277782,-175383.9851763213,MALIGNANT
212022318049990.75,-336576288229.552,117540965.2491446,-70424627.74121545,10396361.859476577,2663647.931214741,-20733.383227749822,-54958.6770597174,12445.494905865267,-115525.98422341514,MALIGNANT
492114721104070.75,-217567398280.3269,120455610.08781587,-50795930.12264913,5000143.987664562,3420999.057075877,-63091.63263130137,-17356.961480910464,5708.520118292647,-34680.40790926571,MALIGNANT
-167047886227005.28,-703810740259.5698,-42260192.015666656,8366749.620689742,-24712421.485881794,-830730.4757487783,-48156.642426045946,-20458.718081010127,5595.211393964735,-9241.418283032635,MALIGNANT
96881579605130.56,-561641453596.2072,27991558.849608317,-17756517.393175427,-19964599.5727247,-1366323.814492069,-13914.159521037052,-36181.84004257885,8877.769748535895,-76561.40618782073,MALIGNANT
-60253676045572.06,1110545294688.4634,-323514772.2019006,166010402.17418295,45361649.47435415,-15483147.464364098,472395.93108052004,172526.15229056744,-41304.3099530684,159627.37028716164,MALIGNANT
-7067389257300.25,-127336341880.4779,-157810244.1346535,86256462.66343608,26412913.57738929,-8033310.779049564,238380.53580326488,78200.42497537716,-24041.169654905512,147803.99576516895,MALIGNANT
-156547954075856.75,10552894690447.781,381956599.22378004,-477816688.3930213,-26225295.166968178,-20503644.801748436,387667.294634357,-325199.23524414684,40498.46678499575,-305775.0796103366,MALIGNANT
-300864842394024.94,2250567650332.5903,486059123.75892204,-400649390.89262223,3752515.328414347,6563952.840507215,-199358.7871867994,-72292.6968920932,13337.509756147268,125810.0989587465,MALIGNANT
-297429662107733.94,3879977192228.506,865016475.6219913,-677236273.1392384,33403977.151198108,472809.17746969406,33925.94936743521,-368479.74600101146,50346.47750815781,-216293.86093319004,MALIGNANT
17306469881554.5,-592881693991.2407,4713016.820796341,-8845040.185468744,-14117400.037861366,-2602916.8467173623,34197.39444141422,-51098.54181568035,9913.920743678162,-106555.22261358661,MALIGNANT
329208699113873.4,-388336805618.35583,62042524.3008789,-23277614.88518056,-5930879.487059306,3922298.1152211507,-121389.44341860419,-22414.786492731906,3598.987083390919,48348.317790758876,MALIGNANT
-22784958749104.0,-600666033296.1888,-8849340.454692408,-3227649.124047607,-11855393.951733958,-3558841.3535492285,59334.58911080928,-36689.68582805349,6387.581326446751,-80543.0047895592,MALIGNANT
292127105520057.6,-355927971675.5386,57081454.54574107,-23974252.931310598,4879556.465067159,-5497439.2026592195,151681.85805242986,14385.620675882172,-4026.6068014375633,-52181.29133088014,MALIGNANT
290385179128045.0,-404193751255.0257,39137690.8287013,-11553999.56840517,-5405692.291569449,-4630950.830374025,111076.92736539277,55700.22314404173,-3306.4034336970617,-68106.99919097361,MALIGNANT
209529084099561.38,-431546965875.56757,64507755.66069658,-34621909.55983685,-534977.1168960147,-5045082.847186988,143975.35504924203,-46483.681851947724,9244.364231975316,-196635.12405267797,MALIGNANT
229842214651967.75,-470414238995.6457,73818118.69356667,-38144843.00485659,-12148823.535390176,-2582127.0193852223,51342.45453181512,-40381.10846633616,9781.020422883419,-156539.84678944756,MALIGNANT
209076163055143.2,-333652755500.36566,-36162796.89703287,29636911.706584983,322679.78136456385,-5938963.050621346,154019.7398198037,278324.7888595119,-29278.601915196778,119712.49070650246,MALIGNANT
32198828989664.625,273130239940.69458,-225417377.4098305,125566091.77002686,30107411.736407746,-7940539.346110281,265294.9303581318,29178.144757930793,-15362.488956468289,10068.63333238392,MALIGNANT
29149818056034.312,-570197631432.4299,26058176.037756562,-22072087.81870388,-12005985.464895602,8687908.560557326,-211492.77457521347,-9169.490190397715,15861.41411690231,-115368.17153815704,MALIGNANT
-30633377219888.625,-585669347138.8965,25032276.391942203,-26155963.52009957,-13194511.254029538,4902738.154876882,-131664.93541882114,-21683.814171088092,13952.537853950762,-109240.93209557643,MALIGNANT
-180999669365548.12,-689706301174.9755,-53748852.78304034,14506834.28788291,-16363586.359465504,-2107029.636240217,-3865.084392746504,11265.985084314561,-2646.709997841015,48251.69842209841,MALIGNANT
-190523990761943.94,-556703144385.7039,-58869807.56543037,14252787.463429347,8797083.627974603,-8797100.205373349,235931.2002069409,-25650.73375838663,-1170.4420004902931,-82604.39915677285,MALIGNANT
112124438761126.12,-563361732080.6154,21530407.542621985,-12340574.809211519,-26618901.98347645,-1978930.7888411048,-6957.5503817839635,-38360.73307451646,12769.338403471458,-125365.31169888371,MALIGNANT
444541006986815.75,-169263280399.28662,24792500.221337184,6753749.798432212,3194417.5357250236,-4765826.000943007,124634.41640277635,194689.70438303245,-24484.308827822075,114313.89330800631,MALIGNANT
70290239701407.06,646354920584.2347,223950776.56136858,-169838079.7159867,51883139.38574073,-8692226.276385056,344040.2298787256,-80647.01470071534,3425.289236604025,-103220.04182305175,MALIGNANT
-122130834190186.28,911434822583.5275,-261053277.87538624,125521864.40279599,48905301.936615705,-5871024.667704798,85800.2500661083,40283.807040257336,-68044.1684199749,1007365.0712467845,MALIGNANT
-94639962991756.78,-606908643378.2637,-4155961.6536928266,-12206688.361360218,-5865579.160781417,-2225865.4480039463,41888.46802116603,-49863.09784697963,7494.419356429396,-79250.543790086,MALIGNANT
81138648867956.94,-510701808213.2814,28069532.27516511,-20172282.014225747,-2288841.5472097956,-2341759.716297266,61192.422884608066,-47015.732176139136,8558.057476244445,-117112.35675066276,MALIGNANT
211783407127891.94,-503088334418.9435,47758706.25730352,-22033001.584138718,-20380865.35982535,33563.45667948667,-43326.95997980445,-32797.86397582269,10886.421474761224,-100946.89757472154,MALIGNANT
-172998067154800.72,-644693286289.2456,-43711308.31061517,7654186.9694125205,-6710459.875557557,-1417906.9222687846,12595.819169599956,-31261.76366755239,1924.4576191419583,-26070.56446581332,MALIGNANT
-67574228376989.125,-528947517204.554,34452009.992905185,-36442873.24529478,3439974.508569535,-4883176.167688667,130703.39481242353,-43147.44757342171,4851.608994680264,-92806.29591419028,MALIGNANT
-121890735280619.69,-218228881290.96216,206792264.08043557,-158233189.19166616,15172044.142688204,4150226.881651755,-77520.25732045448,-26184.32975044951,4855.3598416970235,71396.56364015586,MALIGNANT
-209169990733065.56,815224697619.389,3284414452.0393353,3645144985.919567,94427930.74681719,-13173996.908413514,329145.31011966366,-3290517.842937444,367951.2525299708,-1683615.0654524649,MALIGNANT
286338038285868.9,-435137921251.2797,66925922.96913938,-29525178.620390955,-10155181.61588863,3420054.0039162594,-82422.78626766824,-21447.587500690584,12448.952557963432,-139325.24862758748,MALIGNANT
136600572305986.06,-162360083723.3568,-39272373.45554904,21841275.39403753,22128136.070077118,-2736897.7399106743,122992.92666681757,8202.109966480522,-5376.445721673033,-4773.145317807059,MALIGNANT
-288377405808780.94,-506741811463.1961,-75504392.33008756,15769655.777294492,22307304.958624948,-4368926.04452746,167339.9658141076,-81237.9881264642,5588.247633208557,-112994.25182228413,MALIGNANT
-14983802241909.375,-448987381998.7917,-51796480.63934896,22737420.38238114,9155675.371800844,-4462559.006481484,115445.53344397117,19880.401499839754,-8387.989875893116,72249.14336100113,MALIGNANT
-98027953189582.84,-496316938260.9888,15864936.43911317,-27705554.08502863,10779680.458182584,399676.5618192125,39646.052850759006,-58869.67379495942,10093.929515184718,-157655.41987224345,MALIGNANT
36029288852206.56,-10476376319.567139,-423943.33093607426,-14768602.539192308,35426531.08109443,1519761.706498683,57205.50297079192,-61978.4342345678,4841.263346425261,-41178.41352928339,MALIGNANT
-39058226417929.5,168149481021.02417,269663439.1976963,-199964448.75995374,48776875.662065834,981698.7370749465,131164.26515039048,-137342.22365625566,24012.69393118141,-255906.29974967666,MALIGNANT
-95352518362884.75,-140774338186.08716,110343973.64030136,-95121210.40604983,33064327.948184755,5338950.560395919,-45621.739952015356,-72551.40998146917,7750.707549929739,-2213.5094042755773,MALIGNANT
-130761107866867.97,-658916255845.8763,-31353678.07055196,3370892.3703715056,-12431970.7123506,-3759025.1440163334,60970.78365818276,-42072.05799782993,6139.182387469864,-74834.63352442381,MALIGNANT
22324855940560.25,-572430417752.5613,24887848.54716231,-21933666.663967717,-11245282.375797715,-2822753.4310699543,52515.8749566499,-46779.691397823306,10241.983419259097,-133955.81125425943,MALIGNANT
-168570668009647.53,-31594518325.87195,-77017454.91042525,20994981.752600856,33564210.90205093,2825562.2285634396,-272915.25914308405,-17247.722834615633,-81666.39019196825,1586558.455581711,MALIGNANT
521447683478422.5,-93132166190.21875,65911787.58259712,-15095169.015731636,15421076.884703,4522239.322650986,-78704.38019662169,-147.88323411019883,-2117.2764339874775,69452.90778408342,MALIGNANT
3207092130366.5625,-382252517161.1652,-42664080.26712577,17114769.270537056,9453684.78211138,-3190033.0232007746,86060.71762854689,27453.83701663954,-10809.872384201812,85462.55916789241,MALIGNANT
-129502094465499.66,442604713912.0311,11925692.22533995,-44958976.51021288,43554365.48245387,-3467230.3516868018,174434.4989501538,-6736.756959753788,-9905.498349029462,85058.65767807857,MALIGNANT
-79682007860029.6,-66210538441.267334,-29833052.152516164,-4119596.6510165147,23325912.75084122,-295006.19403117336,51703.162388428245,8554.462055349737,-7487.282283152717,87595.88312845348,MALIGNANT
-200291228449075.62,-696644938787.0424,-56385601.5453825,14521557.268397992,-12997542.463296,-3784259.674845022,56995.39831790999,-19696.385220442156,2085.0520258613324,-45431.30481213728,MALIGNANT
229838914981787.12,-93060091767.6477,-51388228.04604198,36743113.59048043,19777442.91503628,2491172.5945776985,-55750.161015277,-5946.870790216079,-15701.721195801241,283388.11090511846,MALIGNANT
3094086639435.4375,-316526179884.93805,-31300261.421381325,7974740.626286477,21879344.429451946,-4877953.841136224,192600.77816096306,-58541.16814388786,6475.815542965742,-173620.6073116852,MALIGNANT
83584014929212.69,-520064046620.3527,-8104137.394297048,3832384.519900933,-5222144.50252863,-2142452.5547026456,34951.00178120365,-28724.4367352408,3166.7045897530043,-29729.67824871617,MALIGNANT
453368631451984.1,-228858693553.74146,82748516.07427542,-29475071.53035706,9443677.957738284,-6771843.394865867,208897.48799350424,62582.00955011954,-6100.472521487682,-108739.5482671404,MALIGNANT
-12747400448962.125,-510260639632.6308,27835359.895499334,-27902215.81262848,674105.5694910511,1503502.2567563835,-20192.250443067343,-40746.24693192712,10483.675205457093,-106681.16506767477,MALIGNANT
-20836444817032.125,-450272695238.5202,49762435.51130389,-43950694.276448935,6190903.704319913,2471990.580647485,-25896.36223822429,-44737.78832178196,11593.424683818736,-119723.90888263634,MALIGNANT
-175461691070265.66,-649499637493.4471,-61298691.07034855,19102152.23776172,-6419023.2683046535,-4515404.618964418,76410.55898020019,179.93569150392068,-4158.351429934308,50915.63877779892,MALIGNANT
121024710749406.62,-534668151861.44604,24469658.066985294,-13904188.95578302,-16950698.587081175,304750.0906414003,-41896.08227421342,-6477.4946490360635,6591.68922591821,-65189.74764628349,MALIGNANT
-111085408768911.28,-506329685595.2751,-117743340.40117979,58391538.01028027,703167.2923453227,-1229087.742676182,20405.048871966927,-13967.04065769821,-984.1339448610488,39619.25925803134,MALIGNANT
445664383463984.1,-299060086367.4679,79958948.74327429,-27029954.170586515,1191371.0527344346,-231131.15709076496,18236.356218127326,-26702.366445171418,5395.041277542456,-87497.17541209166,MALIGNANT
552838091424607.9,650221683829.6381,-141608802.36047372,108926814.06594396,28405267.831615616,5966424.749776153,-115910.77736087608,193962.7338891993,-37997.77185073156,447068.3868411878,MALIGNANT
11414503141895.75,-398058968280.76294,-38174538.69334758,14795714.57357031,14731252.687570106,-10451585.167086627,299683.91373308416,-5934.932273056989,-3440.0258142509956,-121357.30733642628,MALIGNANT
-17482128946189.438,-570426998263.8228,-8206734.487662956,-3738277.493597228,-6149407.219217993,-5305361.146623408,114918.09932236304,-20438.00594708872,2319.01253618225,-71284.81087981192,MALIGNANT
-89026103243174.88,-647535233425.1854,-31503126.070269562,6850896.197702628,-16117798.475372775,-3907732.519212106,52876.63001070877,-12324.193890484505,3265.73707377394,-40998.32222669209,MALIGNANT
-68589257217646.78,-1114770430.7476807,-63707003.11010006,17220968.620024085,37505585.43159287,-4932112.489339991,220018.55602939593,-33625.03889687614,-3866.1045467833246,-67395.17886961772,MALIGNANT
132017861712769.12,-479314378478.08813,61627383.53951414,-38220353.47330552,-5636268.512854699,-111496.71577634104,4378.2227473038565,-34119.69278406977,8465.685503000383,-108861.1051722136,MALIGNANT
332937052581215.4,-254444462993.4967,75386896.79356648,-34442343.4523526,18618236.081137072,-3789288.562391468,143547.76271622328,-58043.26748725312,4129.800980452099,-99138.70623708263,MALIGNANT
132034345346671.38,-146293675820.03662,-108721215.08327651,66622444.10078552,17690030.36316369,-261719.98817197606,19901.459966920323,54667.47839081582,-17351.152458538552,218104.16919927174,MALIGNANT
-240002039690863.2,-595024462151.0007,-100829355.33516417,38107141.236596696,7365579.690520193,-7897457.008103188,203034.16285179797,-5345.47869000832,-7190.212667795682,-31913.070994638758,MALIGNANT
-132664556216038.16,-660851729935.0443,-18452348.14030415,-5150730.970029425,-14399447.680442978,-4331478.359180728,72911.21159088804,-41577.88864768627,7116.480909807029,-93403.92860704656,MALIGNANT
-53433933647703.25,-97445868873.13086,-106205368.10326599,47648167.502728954,34404728.24663405,-1082539.8735933013,141739.6569602843,-55757.87679230195,5831.989179220356,-177102.0118940554,MALIGNANT
42829142032449.94,-495790245700.65173,-17616672.189500228,6169657.485527746,956859.9286536016,778355.8596020569,-20613.292482841534,-26661.386104812747,2330.813682410815,2021.312920781209,MALIGNANT
64513965709453.5,-527372977404.6036,-8424812.155899003,2669360.680766549,-6558999.512481611,-1877357.2242647845,18789.116584525796,-12807.252326489313,513.9906322943461,17384.78691323511,MALIGNANT
30523769328182.375,1698024862755.4624,-260213890.71281064,121682564.07752357,44627335.7946285,12135500.728731425,-199391.53542387494,27586.54011011195,-12136.320788777468,261190.64791066607,MALIGNANT
330319476281267.6,-383478393649.5236,107263529.84634866,-52969001.18122718,-4035206.9469708726,-772425.9918538956,25052.0127900665,-44148.56875095689,11114.814699021696,-145571.6967197089,MALIGNANT
21192367098119.312,-385663354502.1648,96347726.18286057,-71921372.9958212,15873799.663684886,-2894257.50241298,123652.80405857335,-79860.01377162462,10743.185433981544,-151489.97111386602,MALIGNANT
181506913905105.94,-483153501540.8154,62330985.92149626,-34433113.13027261,-4760644.325239543,-3083251.5193150425,75042.35851574343,-25884.95158019595,6471.944693124773,-116266.13042687022,MALIGNANT
386631885693218.1,-275189290722.8222,92479028.98486651,-40619741.54970075,8882407.91660649,-2185759.5083293407,87919.508777233,-31699.346718176643,5606.605214572872,-116038.40190320986,MALIGNANT
-24341404500606.812,-510449697413.6346,25501548.89557053,-27272656.4178338,3078454.86789963,-5810357.315527723,145373.44527906543,-33102.825418443164,1079.808784639892,-53995.35979471871,MALIGNANT
192993557664324.25,-301123922758.60913,-36861064.45850487,27513741.26306215,11076326.21146888,-2991602.026404356,106501.63636706164,-13152.27343945688,164.6070114304821,-65264.80605960042,MALIGNANT
325706481511487.25,89510695034.37634,139924661.62087983,-82902743.18080074,31316114.460325856,-5155334.504273414,176408.46893496226,3116.0850210172684,-12216.268297277486,130284.32598245522,MALIGNANT
175911072193513.38,19479708681.901733,-14217982.538482621,5727485.822294775,24326468.968023468,-2066300.9992927758,80734.42157482529,-29974.38997009449,-9997.994300660252,145569.68779542742,MALIGNANT
573418985093829.4,-179154198487.57495,90424845.6896515,-24878442.49155465,247061.0120182857,4770886.4633873105,-130125.76436447076,33469.188849742095,-4643.7854073668495,115426.67657962447,MALIGNANT
459242034539335.4,-80318299585.44324,41040303.05904926,-4034753.517202247,17087632.50691503,6265369.9528096635,-145283.35576860103,44704.4525912512,-14423.8298748981,279719.3858431057,MALIGNANT
327323989267575.4,-451770003886.52155,77419893.98579295,-32639978.798570078,-27580286.577183712,-751729.3903628709,-31829.884498583368,-44792.19309059005,16293.53707012111,-177368.23861864695,MALIGNANT
-1989040057495.1875,464078693161.16785,-175042743.5218472,87764399.32068415,21345036.476983335,1347212.307932938,-64206.06815518487,199137.4526832573,-50673.562114134416,655364.7656079206,MALIGNANT
149287423351762.94,-143108329044.50598,127967958.08514832,-86105053.58967859,26154142.25424603,-7724219.555172516,258062.9386649426,-52633.90588386066,1841.8370680175067,-106596.9498451318,MALIGNANT
-107306811308099.62,-483618596386.74164,-28065654.475846216,201919.80454663187,12170005.730851177,1276607.6645248136,-13821.316626107608,-23197.235735766662,-1269.4089571379554,66444.49590025956,MALIGNANT
92389752112444.81,-537341037341.14966,15011866.477134272,-10127583.851778325,-9623757.85834872,-995215.70700265,105.72504721452606,-35548.154395933,6700.454400963685,-51523.875892406955,MALIGNANT
77006080781523.62,-521888132267.2436,-11794910.56050007,5908921.980853345,-8026803.2762100585,1437226.0846793116,-69549.44958031154,-5188.539139609666,384.9062842087769,68705.54861067873,MALIGNANT
-31611508163696.0,-577817372776.0391,-32624793.79577399,11199494.454324309,-4571804.919289902,-1078012.8494692077,2598.144092181112,-35316.63579051811,2270.318228567132,20021.20715291793,MALIGNANT
-6153958064244.8125,-597785747311.5261,-11386612.703194529,-267002.54788871855,-12377904.61132146,-2232124.3701913767,29405.216868352163,-42008.54680526748,8230.348814462559,-95790.46248644474,MALIGNANT
81359417902763.38,-528061093131.2066,-8402171.917801231,4254952.232469872,-10914840.954725675,554526.3556435248,-62587.048722932625,920.6201144707302,-1891.2568615486562,101873.90061363048,MALIGNANT
152844168046582.3,335495743179.7013,41985051.84440656,-38975936.57521364,28902221.332250062,-990284.9266166524,118807.27307886991,20812.557859515124,1093.1565148593108,-91385.67239284459,MALIGNANT
408248562272524.9,-275573995671.6349,142075266.24553537,-70821263.70148784,4212207.893341217,4471991.748980362,-89286.30653238617,-37658.78355504848,9844.132773575857,-50506.25498780604,MALIGNANT
162677156188157.0,2081707027585.0835,-387912829.2584202,208502067.14075115,25800343.032289732,16522474.530974567,-345570.3510306086,93656.61667028905,-15909.38857573918,305751.70090433455,MALIGNANT
-150819429787540.9,-465248915997.9829,51047191.457774416,-55416440.35216971,10498923.811742362,670367.2066412945,18095.13977025463,-63966.08120197563,10008.403719969436,-97751.27466909212,MALIGNANT
-135561484127764.6,-567051256944.9186,10755475.863415003,-26130944.368781295,378905.72385727614,1354919.1158555173,-16296.013673361913,-47073.98720972998,11138.273494457932,-121562.40570904623,MALIGNANT
146350577890730.94,-460268054508.23474,62533385.38074167,-38019718.94873378,-1877151.1804881804,-3157417.3277769396,85804.49904243012,-47901.76543964161,8687.255579648434,-140548.13244717807,MALIGNANT
164015976360989.5,-410722355893.13983,29102876.074651286,-15429734.414209556,-1045304.6749607846,-1725382.7628511928,30294.50760076178,7623.868583891435,-3380.4440670758413,36262.9092160822,MALIGNANT
-12593792063321.562,-554735443642.0479,-7890432.291676566,-3724471.204281103,-3009200.7574111335,-258370.23330235388,-4139.898278358702,-25422.922440037557,1155.9647087069898,-7681.574784029039,MALIGNANT
237473951086682.12,-448727199486.7662,23589975.660510153,-5075712.296504017,-8817084.920396507,-3037320.005174926,54557.44887636854,20460.987501674557,351.8792580768313,-42900.02211469,MALIGNANT
435605906661025.75,-380608790379.77344,98154449.51822244,-38251396.88189462,-15925397.657870699,-1581925.3964676633,14897.725366649287,-27194.784077946406,10593.754020201308,-156450.28804682405,MALIGNANT
224952022773.0625,1634325328641.671,-197155327.19542593,79593930.28746925,34152778.142413005,24693860.58209862,-501438.50043783325,126318.31381744682,-7418.299578797849,283173.09520730015,MALIGNANT
-87919594345823.16,163165368576.47278,10118853.068638772,-33739922.269530356,11028044.251891967,39601646.913277134,-976491.2421309297,172866.7192506717,-13464.460339084835,687155.0128701964,MALIGNANT
-206393546735393.9,-698530591187.7393,-43100636.91317746,5384585.75596638,-12069263.328472018,-947304.9448044184,-4467.966451214375,-45432.69023552578,8877.367882147464,-65033.41425872242,MALIGNANT
-148414344879077.5,-657926659283.3198,-11960931.714646384,-10732255.52549078,-10273853.644999795,-872212.0620109211,1902.6959945020008,-49935.013241173176,10098.622034965432,-90664.10884579262,MALIGNANT
416003397900332.75,-296492016532.22595,150030936.05220443,-75263906.83527239,-37788.07999374345,-5605234.520433102,165692.624503691,-37228.70941135699,9703.374375211537,-225497.77776595324,MALIGNANT
332731893771618.75,-428731866505.3675,78643134.24533524,-33370983.147769395,-15061560.667253178,-2985307.410220979,54022.55982133282,-22036.44315426149,9050.737200144584,-160463.18556306238,MALIGNANT
159727067446141.5,417318597544.45374,-145509716.07385942,82368304.63978389,34554883.2078664,-3717600.583976732,150908.2371045079,158343.97713865244,-32465.40380070419,267737.4755195435,MALIGNANT
-140928492690606.6,-421502634503.05054,-10479634.838742226,-15423933.887800869,19678385.882536087,3469858.9792798324,-28074.30378125902,-58392.88289562137,8035.9961918623885,-49646.39201575127,MALIGNANT
-19760742234424.062,-556215470540.9731,-3484447.8329703063,-7249231.558223572,-2378084.583762761,2296988.480162391,-53165.49105032257,-37049.571668922516,6543.1627941851875,-57378.3852708638,MALIGNANT
173660715204079.94,-228365062094.87476,-56502458.871333055,37114049.48624448,15264645.604328375,-4460793.682587804,168818.69962786385,-1810.4409731485393,-370.72451815164095,-132689.16858758798,MALIGNANT
-84304100356050.0,7760524160035.691,-638657579.7548456,242632865.4744766,-23237910.1226801,5335301.845812535,-157564.31382604205,-26152.306769011964,10432.441130370356,-138860.94843166845,MALIGNANT
-78342020980033.81,7697981454226.846,-944285662.7966453,442737702.1543468,-47671156.25238757,11211143.784044012,-348152.1649841585,120311.80858431649,-3965.2253752605393,-38625.824820548885,MALIGNANT
-61079346013180.75,-608977547116.6367,-11495794.327826515,-4626989.214618962,-8686109.55378535,-1997447.1129753496,34499.525250952036,-44567.157577470156,7886.648085112636,-102878.98950518703,MALIGNANT
-231718352982300.3,-643906185003.4465,-3159460.210581571,-23785224.193021815,-1452013.3128507286,-1495669.6280081347,45376.869035129435,-51838.08470640372,9767.931503851232,-130634.40083472757,MALIGNANT
72684671723714.19,-159744509162.98657,-73356729.02635214,39262639.49855538,15329694.385474224,4200197.529235935,-120662.3965558939,47470.45180540359,-21532.94098926134,389207.086643445,MALIGNANT
152449256689502.06,-418322018346.4019,53654561.368309155,-32463233.080833126,2518258.570038054,-510423.12321514124,30818.08626394301,-39710.58170310667,8225.786820725287,-105142.07726344626,MALIGNANT
263492455754856.88,-484757517389.94116,62271554.725081906,-27546970.00665052,-26760415.448886536,-1201334.3461032931,-21384.8342909471,-43658.7783579935,14754.013343020571,-160264.30138571849,MALIGNANT
-226643068086037.1,7996789685055.684,249595384.08870012,-350518543.3440293,20435692.841496732,-10655302.608846443,326434.7392787044,-462537.01740518614,61460.8139728596,-606161.2209454726,MALIGNANT
-266516230697729.62,-236287268728.7091,-181434687.15698764,81812638.17486075,23810754.647812318,1694372.483407104,-18376.771450333927,-25050.553788613237,-12125.226628298313,203513.81693439177,MALIGNANT
-154065096733452.47,-676400018399.2163,-38287440.21458433,6346842.035663791,-14918838.115985733,1573696.663731216,-76722.59376360949,-32035.428586339236,7931.210050777721,-22348.91003866974,MALIGNANT
100657495742010.69,-443023673512.7459,86559419.40891595,-57783960.08636211,3007094.4284550957,-4979937.529874397,142448.28505495744,-51312.76449938484,6543.209453390173,-139511.4191704153,MALIGNANT
45745444510976.56,-107795189552.36462,173146551.64478284,-124875205.90929256,33244365.923091847,-10740973.258471256,346014.9765018148,-91236.9231110655,5066.030785827759,-149716.2244504262,MALIGNANT
-36224495971169.0,-600898746640.0331,9627624.261769027,-16301010.25686064,-14643333.028581496,-2371299.7225288088,24578.2047699121,-22126.25569938049,5662.568187223045,-69439.91555136286,MALIGNANT
-164341683345380.03,-489426900528.846,-55628695.310566075,13000360.086688016,15940618.502802964,-9918539.130635727,287216.0788840173,-33625.3876767245,-1244.2259674959023,-126763.66229828497,MALIGNANT
-98516075917127.75,-648037437970.5559,-21052228.048801824,-846706.8102038428,-15144764.662463672,2956649.6228730404,-89022.83690803016,-17917.1310057686,11043.483451884047,-118637.39489022736,MALIGNANT
-12951430679265.5,-438945402972.2346,-40993751.82486192,15591196.303260218,3464990.5464282744,1948896.816250837,-41043.46798620171,-11902.16273603369,2214.13278932892,10946.882601919395,MALIGNANT
288121021040620.6,-1769619695.3909912,42169484.664849564,-21383653.798446868,30095819.661164325,14938.35582595691,84234.74741418018,-54900.2777509191,4548.697067731588,-72992.39010398492,MALIGNANT
159781212871736.38,1469398604032.7861,405190493.4239292,-294650402.1804283,62026133.74750367,11686941.589512972,-165801.72875346168,-124401.24841338329,11636.92434005404,222086.89099720257,MALIGNANT
-16346584162365.438,-509354724836.4163,4448784.57618542,-12604781.894172166,3292344.5459245928,-21723.367561466526,-18409.188060532244,-9760.731683114125,-4612.468509467188,134269.24092600725,MALIGNANT
34046603664050.188,-576311516456.1445,1739403.2613615394,-5773175.177231725,-11849118.819017805,-1621702.487132732,13401.59473615673,-46963.30436421893,9003.073219164984,-83922.19139138961,MALIGNANT
-131924170950351.34,770319372517.5804,-197517519.58539325,84181505.79861069,54441314.48692563,1414765.8378961333,115175.88735572796,-44777.37424520064,-1492.6046893819585,-45876.171773695925,MALIGNANT
191598723800137.56,1811937773191.9668,-312701380.2162211,167883643.7098582,14800575.305419456,24375828.318734348,-606188.8007829629,135404.1496839908,-27272.619906864093,631640.8209765158,MALIGNANT
183311497455171.2,-425186936353.7578,19429718.218952984,-7259696.972897772,1735501.26668242,509953.92596662324,-21024.311894451253,-22892.53009705362,-763.3378146565155,49989.66576976916,MALIGNANT
10798424138078.188,-503066625542.7489,-34811836.6857141,14535075.080024842,5230342.718523625,-7729365.110351017,210661.43870766656,-17564.76936013808,937.4699486971986,-120728.75397622233,MALIGNANT
-33557168833058.188,-438054028142.6695,63043484.90288119,-53838733.22590479,10842699.545834202,4997027.341060722,-73213.4230905156,-47180.18355516504,12405.644321684606,-106733.20778180464,MALIGNANT
19296620068663.812,101657005730.54126,73920432.09517871,-66807921.10157776,49221214.40155274,-1029383.9643920013,173034.0118968954,-117162.29364126502,13879.149738752134,-198973.83181539254,MALIGNANT
-127765195357277.72,-592173288633.6051,-13917906.85305345,-8984010.828085404,1345018.365464013,-1764841.6687624434,51777.67307120307,-56832.99294688686,5714.414507741654,-94565.2005909761,MALIGNANT
-69659109406733.34,-284727351261.0772,70612047.13418083,-64602892.79381649,25612735.984110255,747852.5092251874,47463.67949847283,-86549.42119913557,8858.63165798409,-60410.73907477017,MALIGNANT
148962864561499.5,-534176929860.3614,24005499.532012656,-11214799.987734806,-20272138.14132695,-103427.32465251023,-51375.40701500692,-27618.17655838916,7931.28831169206,-35269.4788692976,MALIGNANT
26589355091102.75,-377393963061.73004,-89476495.72727227,50699786.96571187,-2381682.2775127925,9921943.800547233,-362059.92364327336,116071.98612662221,-37715.08868933831,781776.0540323146,MALIGNANT
-53690998093410.81,-272428106569.62836,105083158.50086202,-86101320.6294807,28038354.13835107,-3924956.1253219903,183112.6206571252,-99408.28995245378,12970.103421368516,-192711.3535031267,MALIGNANT
60738631191115.875,-192894468101.69385,184505060.27025306,-129527717.2404217,27831385.000257466,-1551427.4398185404,133637.52178271158,-114598.16062085747,19367.815513208185,-233898.6588667449,MALIGNANT
-19442753686521.938,330757495325.32117,-68171307.77896218,18458096.085391507,44652133.08814715,2982436.17595283,14599.051315696153,-34753.874885308804,-8503.612334717127,167210.26978343297,MALIGNANT
15117720965586.688,343729611983.9352,-92153521.2694043,37415985.94008899,32283330.80723462,16075442.808852207,-372370.3666716949,46916.34092581947,-20514.52665012977,532955.0860699355,MALIGNANT
-28453104395091.438,-548058760136.9109,13524418.046159476,-19191440.822391305,-562241.085564807,-5473925.883096363,132043.77035222852,-36721.985340698324,3133.773114322994,-76308.22317185972,MALIGNANT
268415939883354.25,-257421635797.43915,62359140.127306774,-31213223.318793457,13723397.93277743,-4693795.158771687,152704.51214184074,7212.037573278791,-4456.2394127496955,-30288.215315858615,MALIGNANT
455447404180937.75,-237529884786.8629,118599057.91338386,-52408124.00567514,7465549.978893694,-2897374.2512288946,101143.69346191865,-11720.509876806234,1954.6117137931396,-87035.37691994241,MALIGNANT
197094894456187.0,-287698766261.5301,34920088.60850103,-19163697.80562527,20113023.912771817,744804.7241078112,65141.36949858614,-44700.47604961105,10378.869640459892,-180538.14103250226,MALIGNANT
15367159641055.688,-444807865043.4024,-6766232.803484067,-4315100.628374886,12617695.549656834,2958210.481576503,-21322.284588791787,-34802.72756563838,7553.100975382058,-94036.18200015882,MALIGNANT
206171315877678.5,-237618988039.44678,22172407.811000302,-10923011.55306885,16666986.830760043,-1343480.8468133146,84899.21711816802,-44115.825098326364,5418.472773360107,-97382.66046650124,MALIGNANT
173205052195335.12,-247407945095.7461,22557418.088930473,-13357239.09436014,18561160.756132167,2773992.676949469,-37646.4207930852,-14219.924335599251,-3815.6335951648944,109842.40711313594,MALIGNANT
214137993749325.88,-456592778492.3124,74475394.12157796,-40137536.18970102,-7378727.677866537,-179942.08849717258,4148.097092925218,-46897.34510221747,12683.933581947433,-153063.2252842869,MALIGNANT
231959531238103.62,-479780662914.3246,51335926.28993742,-23061351.64043727,-14844422.989848875,-902198.1063270443,-9656.771455719778,-29326.76463682264,8602.660080908976,-86201.4908766859,MALIGNANT
326508250040932.75,-410029660631.5528,56294445.320570394,-19549867.30004217,-11135716.18339061,843398.1373290182,-46807.152557153284,-21143.503087767524,6530.280399864681,-49229.54922292461,MALIGNANT
-1960094746116.375,10060322889273.406,-129986604.97153175,-124646424.10784365,-5682503.621617384,-12362664.842954086,347907.7931418448,-372040.1618087427,59504.903776573105,-745745.1861390274,MALIGNANT
-28303298192799.438,-608657560214.0367,-13373004.45329082,-502588.3204476796,-13953336.495587338,-216258.73725245567,-30662.101292225758,-19521.565731287104,3133.53595638755,-25238.360725010876,MALIGNANT
-54269445760631.375,-641796447627.9548,-21264546.002283514,3015789.922257092,-20954322.13741497,1336914.8480540398,-80972.38395735003,-20005.92451035818,7227.707449549256,-48957.78643233942,MALIGNANT
39908253712270.56,11136925911461.355,-994547459.8031812,419459327.7425932,-73943738.61854172,6394836.867738059,-217596.8590103298,-58584.90768275114,39082.276678879076,-658060.3112829439,MALIGNANT
8619043176853.75,-418641950692.12274,42261716.21466811,-37113584.162247285,17283691.47025324,-833764.6021451848,67043.6013319804,-59158.07532033345,6052.747863537494,-63201.24031101751,MALIGNANT
120394176626389.69,-459717400665.77637,52036204.83302455,-33393840.08384754,4259272.551211093,-3252647.838565162,99913.13008618767,-58457.96699660252,8755.216864283964,-129609.60996344138,MALIGNANT
320365975458.5,-553127150502.7274,-13213501.632069677,545720.0299679972,4364.0510779470205,-3557946.535791777,97386.9435767505,-54620.555760276184,7816.98286330044,-131576.93563483332,MALIGNANT
538333493091961.6,302941171269.6383,-38917790.96218068,46639455.96432256,22580580.155468937,-6008294.917527359,216986.63633024707,67081.54670975613,-11874.504381155022,-56113.7712580517,MALIGNANT
258789547682623.25,-367355683880.1996,64793262.80152498,-31799431.49092116,5137658.34438828,1081378.9440263747,10108.776456726984,-53597.673572477164,12224.144385357922,-158913.96388116543,MALIGNANT
106889786338718.5,-442368006277.3659,-4928791.150726005,2190678.138209559,2543227.8541602977,-3729794.901000116,100207.87590027625,-29506.882677885354,2966.1012113627476,-74005.8521632413,MALIGNANT
-129591385381986.72,1331870435569.0781,-15057768.611888722,-44760194.38121426,70751205.7050509,-9191164.560952533,398478.6779798221,-172886.77241740708,6319.135891211517,-153511.27057267577,MALIGNANT
241545207873209.75,-433163667172.503,36294635.50167078,-13406476.555087466,-6114373.074938517,2951763.480935802,-69892.71639764534,-33142.10768427194,8996.053682915357,-79346.25407362072,MALIGNANT
442901215370053.0,153689758602.53345,-78181643.77846019,66764600.52772324,25584009.706830453,-4883470.730860329,203838.67609861438,47084.1786742203,-7723.091883052808,-101291.02673247427,MALIGNANT
-122357243212124.34,-549873066488.8883,-1320147.4035668075,-17459012.459950704,3099531.73510265,7074792.4569929335,-129226.07764075384,1810.8635694283585,8411.631997164473,-96678.11672643042,MALIGNANT
97397750938172.5,-523903589329.479,34880673.34444699,-22726179.932789613,-10158161.406704914,5389413.3408830445,-149800.64457798048,-2286.516666519512,6002.412507802899,-1746.7094426213625,MALIGNANT
-1950130425866.375,-143752765591.5404,-89983639.77889523,42666665.54406361,27919352.235578682,-2006567.7192389388,114086.66889525615,-42511.935476095765,-2484.4361695888,-2371.0960143052616,MALIGNANT
-151360744871111.38,-642700318228.1858,-12328451.70580034,-11009373.84173404,-10495885.557746727,-4541759.468689356,85287.93855946578,-30613.54578413434,2771.788462576591,-80337.37256240244,MALIGNANT
180510471768476.44,-30870379044.864746,-21703046.452041894,12073179.766683374,23188652.988853905,11372761.124596788,-236075.08834162282,-3736.0555514498938,-3310.2352902263337,205241.36576135273,MALIGNANT
-45571806774040.81,-551101367605.5461,23168985.565220922,-26797266.319287468,-1577617.351939045,7478078.253498236,-163860.6175014238,-17802.2154253225,12201.90994975036,-81063.30839542975,MALIGNANT
-39653188126456.5,-631569676716.2417,-19057697.863777846,2734843.864499826,-20079663.909301847,-924487.3213461535,-38471.685038997835,-24035.753847739332,5047.114786030073,12742.76072881253,MALIGNANT
-134295367723318.56,344075856981.63635,-214726766.44015718,103356717.22774172,46270516.67984487,-2404469.852707216,161552.13138816666,-31353.935998171222,-10506.60503272145,71045.86665620521,MALIGNANT
84548500464124.25,-413900332413.68304,14835841.810920924,-13210923.960159067,12558426.371080775,-4136738.224962023,147173.8637247589,-60409.730760632825,7826.2011267112175,-155601.29650848612,MALIGNANT
210774290222810.2,-470055450700.8483,61913214.27072801,-32012262.244105894,-7579890.088373404,-461504.2528358847,8175.674011141866,-50991.681507166206,11987.568278002185,-144991.6154133328,MALIGNANT
-44143532037490.875,-578403163961.1692,880773.0004746169,-11837136.825068679,-4614009.744119443,-5392684.913782163,126277.72337947082,-49940.83891568131,6784.268047769539,-121337.20720658507,MALIGNANT
314410509466622.25,-220094422453.6001,18027745.623901024,549054.674004972,16820165.793420885,-4367190.419741849,156419.66270154496,-33130.25683961965,1291.9938484933518,-100453.03703052219,MALIGNANT
-34717299695020.25,-529661012909.08655,35904398.3259556,-34463491.392082006,-7882271.975950416,4268778.148702553,-110439.79218648936,5521.629269038553,6002.75578519965,-39390.702540186314,MALIGNANT
124778792479254.75,-465978423453.58246,62171983.360283,-39455901.139510036,583937.8929632269,1155852.5831898064,-11211.681130752733,-53206.49482549147,11900.92459850555,-123166.42959550626,MALIGNANT
-114913986070253.72,-586150298595.5525,-6567724.699777037,-12533908.43415061,-2548318.8839533813,-4551905.914004509,91862.64145024032,-5943.269275033121,-2848.2574312235483,17275.385131740877,MALIGNANT
113918717768588.62,-404370449323.3561,62434650.477293625,-41804554.60780935,9586479.171693351,-1291743.0606894307,75709.92758791022,-68822.82166181304,12316.020730381864,-171738.77326589305,MALIGNANT
31901695818971.125,-435597509646.2191,-5336128.462736338,-4079875.217754241,12976740.443490472,-1001824.0302329925,70595.89891872888,-53950.52574930278,7465.453139214031,-117344.10861691268,MALIGNANT
44235663639876.69,1728742177214.2866,-135495323.89026278,40521913.98013798,63387585.12584579,-11929670.409824006,467344.46303609404,-47124.80630614392,-4844.783996948532,-174036.58434356126,MALIGNANT
276133947696652.62,-441348894638.4865,38522404.44356795,-11778899.374607053,-13052247.936206978,-541282.3627618249,-12249.873291889577,-30896.887204698556,9145.600610278172,-98248.366001334,MALIGNANT
117263254085263.38,-285077206036.8944,-57962639.91112728,35273225.19851057,2608454.59165683,4048211.5555971987,-133077.25846744797,72592.2231716172,-16812.440214952418,307075.52051965543,MALIGNANT
177297030834419.5,861936481439.6608,-301715707.4935071,177403391.60419378,21942425.90150674,3534210.4878787664,-103866.92335965199,197048.12122200726,-47848.38206340783,609561.0401604917,MALIGNANT
123644692052181.12,-367336450658.8814,30453442.262558475,-20679506.743965615,8674122.848463584,5746489.979270615,-108314.88030412365,-43340.952390369464,9698.620208908542,-41188.58321358401,MALIGNANT
10863778069717.25,-404670627879.35956,52797177.98934062,-44162013.06212221,11800981.736302976,658161.0902791694,31976.271597445684,-61810.47593557466,11961.24847817283,-141867.14506358304,MALIGNANT
-141180315936811.62,2234442706490.6206,389685847.6714819,-325112813.5613754,54906103.36657791,8403599.135071808,-36453.62399435215,-143597.82983934274,33187.29733206707,-216280.15637659509,MALIGNANT
582923443168912.6,-262913688655.53583,141389778.79037237,-56131709.3502031,-3787614.597198792,-145989.69976727944,15417.10497929683,-38839.91919977266,11443.307852796908,-174337.8602431621,MALIGNANT
445980366620964.25,448955592463.4896,-83505778.22832482,65899261.734350756,23991308.43779492,6638193.848473899,-140687.64187869153,135388.43094176168,-28170.785538623142,388464.24801944377,MALIGNANT
200573396794538.7,-183418532768.93274,46016197.741513565,-27733555.790809784,26876838.355718773,-4107758.769969959,162526.4078860196,-39220.3856428217,-1662.4121168039492,-23065.88711643531,MALIGNANT
303945937682234.0,2401235105692.602,-387101983.6893178,213217155.79896456,52682858.21505068,-821561.6082922639,186890.84851588288,99685.67547889033,-17892.94949731293,-30858.960187588742,MALIGNANT
14888356200391.375,-575225525411.6042,1789019.7937722653,-7360058.190852713,-9694444.498400316,-1350956.9293960303,7337.517142082746,-35692.19016349313,6355.698830436777,-45243.47400837933,MALIGNANT
70499774398472.0,-513634713842.52435,27897520.35280533,-20859627.92513493,-3337662.302341737,468109.56379519077,-9637.566600811177,-44615.65019169883,9260.368571027608,-95616.90075565154,MALIGNANT
387935085221534.9,-406887826733.14764,84520306.68625496,-32809674.810476575,-19542101.478322864,-1392584.290404639,1879.8115088376344,20288.898791761407,5700.459197117569,-111214.2969105904,MALIGNANT
45401339233304.625,-597211956881.6661,5854880.720483527,-7158781.140041728,-25442392.618652523,-1797600.2536924703,-10547.321220094424,-41402.24939161537,9995.971044417769,-115589.47931832154,MALIGNANT
54581220696495.81,-425869160984.6688,75369219.83740132,-54568669.82386318,3919532.9650620483,-2953531.8411805667,82758.2501152103,-40703.15830957095,4348.991255219542,-62783.37774804681,MALIGNANT
-13371510498419.312,-223061223472.0509,42618130.875061646,-42594786.967525765,23781925.004723158,-3336639.621726426,121624.55067339502,-13811.278353744023,-7064.060140650781,76678.97103855957,MALIGNANT
110358924630600.06,-343162188853.0092,-21971076.126464784,11838114.56176611,9375091.575563561,-5376734.058982714,148144.3165116868,16349.506300526918,-6539.278964569226,5133.827127718054,MALIGNANT
49223786972665.875,-231274097390.8098,-105975096.07619381,59480988.27644116,11409940.250400286,5706408.869009009,-139603.35853522085,24985.521420582263,-10128.902511311795,231516.3602273544,MALIGNANT
-102286641850667.75,-337965294458.83527,-76816842.46703078,29574059.546066824,20223660.859583575,7051379.218098683,-131743.65619134798,-25196.793692283863,-308.57361534789743,108652.56402004234,MALIGNANT
247417296284379.25,-404430427742.08484,116015073.22799797,-65229589.10420035,-7279580.499681331,4570928.92900176,-101867.72038556346,-36042.90264896931,16283.680499089733,-151151.73535873965,MALIGNANT
-69669117233491.69,-575567327372.1852,23956316.620197862,-28934773.625175964,-5857879.721269347,2657913.0202089963,-63641.947197555695,-32594.394869131218,8582.86273048008,-88347.95856632016,MALIGNANT
-220228398050818.66,2719458724997.9717,1814992547.2917938,92682205.76758072,-12510451.664436836,-3057636.8475303818,533749.0253922725,4374836.87415682,-527491.7892313702,1615303.5724529268,MALIGNANT
83817658331112.94,-364762847097.52765,-32988413.08748015,17443065.209846452,8805281.662832875,-3582998.378331297,84815.56197835272,51737.69840088621,-15256.866478319367,148385.8346609813,MALIGNANT
128120273467823.88,-518249500884.9962,26757457.605592877,-15137226.511018414,-9353707.005006414,-1596018.497519162,20683.428033678138,-28331.33509599536,6708.7720023276925,-78370.85006998973,MALIGNANT
442644363818702.5,-210794639430.84717,149045379.2236697,-73632861.87148358,10498203.799724143,2991078.3561271415,-37412.0963628006,-21628.11997904377,6063.00653243401,-38214.074952232935,MALIGNANT
422324227192876.5,70065757210.07153,-67224.54324166477,16333736.115886113,20377496.71752206,3671248.918622997,-54375.0646023336,-14555.448460908641,-5841.5615591967835,124185.57755417883,MALIGNANT
236325899555756.0,-457722467694.2252,64540301.17519556,-31874304.05965149,-7442553.39405423,-1798359.638936136,51289.12966862098,-46466.858030732015,10395.737095945155,-172239.28940481882,MALIGNANT
345181294746262.4,-309043746391.89514,91766629.75301723,-42877862.183293894,7256307.368218627,1203694.9413010129,-10583.709722693247,-48589.324916404774,6263.681855635496,-39814.70809829357,MALIGNANT
402580006335546.5,68080022513.72241,45734435.46227889,-15650173.329970803,32971661.7649705,-6761376.757155506,272008.4225347548,-68027.80712305401,5617.779030121135,-213772.14044631534,MALIGNANT
320263483270415.1,-316106013993.7121,83667673.84167282,-39762520.349813834,10473342.926712345,2295764.374229332,-10357.95894254286,-58281.379726526815,11517.793607829375,-127139.3262185092,MALIGNANT
56693348933437.81,-563570500581.8997,-2295176.3650790304,-1353578.8707545102,-14939793.845364988,-2595845.967812726,24728.097338891686,2542.892986120547,2330.532977304483,-29088.124523439394,MALIGNANT
70655242835980.0,-461697702106.07,73740355.27754621,-51625344.81434432,3343328.8113539927,-1222908.318462412,51921.70894239776,-60327.01086755791,11365.293480655662,-136572.6061199337,MALIGNANT
-23928230678023.812,-474191528062.1464,76757418.61146869,-61345910.239525646,3107774.479859274,1664520.729013559,-7137.908483015342,-46825.12012430503,14267.837438402345,-166014.90322382774,MALIGNANT
-252516711132852.9,304652599085.62366,69829209.74599428,-90258734.35404819,7801451.0973908715,12710808.403586684,-286197.4441324834,17616.684185542545,4951.365291884351,56339.735786467696,MALIGNANT
-82447602427212.75,-615138427838.6072,10744148.586822405,-20725278.946375255,-10023108.518110506,1508145.0976700666,-47970.05922975362,-42014.5789839024,12074.845781199427,-109883.71164296125,MALIGNANT
17656056559596.438,-563681460776.5485,6290439.6490139365,-10308938.95958234,-7608099.695020642,1167452.2626254796,-41172.53889733253,-42171.508866507895,9306.944755327317,-70941.29136627406,MALIGNANT
132080169648290.19,17622110291.463013,-123130142.80978456,72342660.32557577,32879220.327307988,-4755958.346721364,201857.27020525117,-18237.446265389593,-5568.266766869747,-44617.335801912544,MALIGNANT
50747137355950.06,-139653683929.23547,-141907422.8374859,81599823.37889297,12509501.117913153,3835862.0894641145,-116552.55125002,115713.42971724196,-28086.02699557274,427229.98317410593,MALIGNANT
71009202911306.0,2325997844401.5825,-446450185.3235631,234529648.93492603,29734023.293939944,6858291.10843724,-144153.90173209488,147575.30382069838,-39210.2700443527,508431.6808231519,MALIGNANT
190069661695542.56,-316487645870.50073,92788151.94149409,-56382742.01357739,7719927.905552637,-1207806.469179294,54332.67551038864,3029.285592473014,-1139.9189103848003,3099.1636803349393,MALIGNANT
440081064853201.5,-325202936588.0831,99390984.85433091,-39717935.21482502,-3744014.665941078,-1632070.604356366,48947.594526540866,-27169.48495831847,8302.78867624249,-149920.5590485066,MALIGNANT
82816737255593.12,-177972055120.3994,-114454009.73271479,66497137.870323464,11633087.761450667,-3122414.5992407002,115828.5350718202,113327.14213805387,-16632.96710424791,45207.286454150664,MALIGNANT
242729829832479.75,-236324569049.80603,-7519881.171984836,11591233.9453075,13702163.270367417,-5300950.697708022,169350.8038651161,41454.527689945244,-10226.376380310778,642.6642532764454,MALIGNANT
-146064464600994.7,124956424520.51282,86682741.68169554,-89083694.23594843,31971806.073887292,-9261356.243571594,289376.1586661773,-45782.17727226067,-4219.719580482681,-24748.86955882828,MALIGNANT
-200680172516498.3,-655102105645.1967,-78333191.87666571,27998827.08317088,-6830679.6152904555,-2757888.0800782517,46767.12356855566,3464.3343754319976,-2794.62156938465,-20234.79091583095,MALIGNANT
35137984724911.5,-585830941837.7019,12116529.381014839,-12233095.165772032,-17301724.610576805,-1295600.008869469,-7584.812633475507,-43275.483116581825,9793.875470576058,-86717.9372718119,MALIGNANT
-156877526661583.62,10556496405098.557,-1156711145.7337317,521973908.20071,-170672411.46513104,3251405.0453724465,-664636.0050862461,229101.04845572892,-56521.89121039932,963993.917436067,MALIGNANT
-101711353828355.22,-594919719434.704,-31774211.29160569,4796455.35487489,324952.7942480594,-2598961.2831339506,72443.72710944556,-60786.03537460137,7809.692248129115,-117288.28606107962,MALIGNANT
146497350993466.62,-484506184763.66693,56685822.321741596,-33640977.799568415,-7333979.629866563,-2216657.3626911486,53275.57025670883,7100.339211514245,2825.696034924229,-92824.9366639553,MALIGNANT
186569003986297.0,-369731593891.22815,49730357.83803658,-27890976.490698334,8903862.690892387,1586581.7571150283,-8459.07239293492,-46084.016337172245,7507.725240134627,-66337.73583368424,MALIGNANT
88534977336350.31,-411100011543.1602,97353645.90589084,-66343235.799162,4234997.901688326,3507749.1851060265,-54148.818010005925,-49125.53430312715,13911.49155893426,-123944.96901633879,MALIGNANT
42751571238910.19,2862851171962.92,30504974.03529182,-88474835.01992418,76796601.34286004,-23958665.033501465,752402.6452241428,-117437.9550176998,-10765.502372956122,-108443.02728798686,MALIGNANT
-3163371440230.4375,-211995813911.27527,140245341.11033148,-105578098.3107148,22657251.309909556,2535921.6159093245,5368.459111252603,-80571.79335983886,13777.537334314784,-98011.52096743754,MALIGNANT
155362580190006.56,2275334295007.4526,-216845105.11698657,94185023.2031215,30653722.803063687,24144869.985043447,-583863.0815035866,118111.71603174845,-30612.178418349806,744056.8680194363,MALIGNANT
-189043880791585.0,16108821833.113647,553348140.8738198,610473859.7884398,37911005.26659791,-5118813.797703678,830033.7174335443,4854747.2350773625,-552334.1705152462,1371594.3361077385,MALIGNANT
164955309470553.7,-283564791984.79395,127921048.56800549,-82226063.48734501,13445804.266769823,1716164.75644133,16998.164769998577,-70243.34275897067,15629.474216303362,-169986.1947724862,MALIGNANT
23556957091203.938,-553332893002.644,27888378.367981717,-24066186.45209353,-9414064.95813515,-4496866.018750075,91618.73560513888,-32087.215835862393,5608.475642630576,-100425.57864312711,MALIGNANT
-9951232275198.5,-388007036770.1421,107640633.11077072,-81706317.70855843,7470684.156549659,-5205825.667045691,146697.9654871684,-55498.073746744616,6013.274807372978,-97812.66811346872,MALIGNANT
60185963940561.0,-85735541319.7262,73225316.30361389,-59169956.06442019,26447808.180241924,-10967868.85565413,332984.5847160785,-37506.48556511817,-2549.796417723657,-99950.1938185808,MALIGNANT
106499227380902.81,-465773675146.56665,75802212.37815396,-49836613.95549084,-2561602.848218173,-2216788.94339454,62338.844498977676,-37227.03267694848,7574.13432545113,-121005.01757645112,MALIGNANT
-161634738619260.72,-695271880087.9115,-39221176.816937625,6597582.5861077085,-22130998.26592113,-2072509.5432562984,-5507.930331659194,-21697.6478681882,1159.777289795169,-48584.52918880213,MALIGNANT
-114506869123170.84,-613263386089.9895,-2694629.907871738,-13913956.31177209,-8301928.765334558,-2865956.3348514196,-12299.853493341529,42580.716647172805,-19357.839048955793,319926.11464852735,MALIGNANT
-131664043277173.25,856422636521.1522,-150291224.0726051,52944760.759094045,37091434.752500385,-404289.3038964863,40339.56364180136,100774.71532746221,-34575.09725895384,437142.9514992055,MALIGNANT
-201399679882262.53,-21405557193.03357,110170524.56663649,-106432790.79270776,41723786.62421779,-11575734.259453487,385308.9545578942,-63374.80267422173,-3075.1945600742292,-128807.66453718356,MALIGNANT
-145819806269271.94,1459788272932.2837,480140506.64118177,-369798613.9979755,65574443.744683996,-8275960.498369142,369021.9420801209,-235047.21626170582,29049.45885270269,-285084.9443512924,MALIGNANT
37588430358210.25,1249056526450.2378,390445603.0736816,-291661618.855386,57075107.35305272,3240554.71929564,47423.40424520019,-156257.50468363625,17336.924872979947,11348.501263848222,MALIGNANT
417586635044495.1,-367335489050.4575,80475080.05268236,-27399322.627413128,-17739887.587327406,59388.2545035067,-58570.08540850271,327405.70717171096,-33367.82159356082,292077.18835470354,MALIGNANT
276354085905131.88,-393797918272.7072,64245226.41683973,-29539229.39585666,3657804.993523862,-624032.056748128,52665.15878860376,-54002.47590768951,12389.968080162911,-196349.3285840529,MALIGNANT
572923273595225.0,-246938263127.9585,155899744.88410634,-66757053.84000674,-579732.1103819683,1154330.0155090406,-455.04606997129304,-57217.42711686811,15294.694138094808,-202517.29607966376,MALIGNANT
272803023682525.38,254174643787.44482,-127639144.30205101,83438614.90381844,20268649.03341822,8514003.85803168,-194836.0049337402,53689.12837197941,-18155.310071578744,338727.08765910333,MALIGNANT
95194965582530.81,-532099617640.2529,3945216.672754675,-2842443.4682053477,-10983722.692039624,-933917.570492147,1975.9298834125439,-22058.001284880844,3171.240831500061,-50795.52893229938,MALIGNANT
18813669585839.438,-593586545856.8138,9820417.395205244,-11859217.873538364,-16359581.847114258,-2536995.5574703356,19950.184541843995,-9052.474765209921,2871.9217653754167,-36165.483049137794,MALIGNANT
500321186186220.6,-298994892032.4446,100040032.93774243,-35444994.78570072,-5477228.5143200755,-591355.1437753672,10975.249638215271,-12474.869202183228,5805.190356104144,-98666.44067567616,MALIGNANT
580183822427637.1,-212183052957.9496,109381514.5174553,-35518491.42148472,-7066507.075914949,7122792.546763148,-235079.67037415938,96717.69232234533,-16805.84161352741,333892.11709733045,MALIGNANT
431959539749906.4,-338404678769.68805,83475211.9299746,-29678500.536247704,-6141080.701956645,2113674.9383539245,-50955.32618177061,5256.910420060805,5829.375396465421,-79765.37285584465,MALIGNANT
-83400639605.75,-606079722207.1786,-12071963.59564194,939951.2601975799,-17340296.14726802,-784549.0784793962,-24639.461444345598,-33442.0193537094,7804.807559551795,-49006.58663018575,MALIGNANT
-98584838275404.81,-668425639158.1152,-27899424.55832888,3991496.81732193,-22510826.456991963,-2103884.194814996,-734.8351258734419,-40611.843717380325,8619.262853209155,-89104.47850991407,MALIGNANT
174735812874578.0,-373406074617.3862,1527854.3496059477,2657222.0398109257,7678766.997755807,-1193508.7573093963,38771.314303532665,1107.7361706840238,-3216.910686004743,39437.17103102865,MALIGNANT
151675060979043.12,-269436608615.79254,-69924477.09359004,45293054.53204137,9799370.729776416,448491.9804966934,-6082.975996811811,38727.65925173565,-10411.21929665553,140660.7030831776,MALIGNANT
242291823519141.5,-361746824025.897,96602107.11351423,-53880453.67382921,8841412.506699163,2501574.458838098,-17795.19157511391,-62368.70967235994,13982.89819355254,-144078.1825595375,MALIGNANT
133796392151919.62,41537538777.11804,-116321458.42812067,68261326.76161067,15226483.46463446,8188535.481737377,-189508.67641052278,45336.586224397295,-13282.26076482854,272207.1283204414,MALIGNANT
187541739973339.0,-494808267084.9474,49074316.6805314,-25205191.77265021,-10867454.894378621,-3505306.525302872,74244.65964231962,-43022.518392496786,9547.01134798914,-158203.0848473251,MALIGNANT
631955729352387.9,-219744038141.11,127735495.71121915,-43963263.203581035,-260751.09841119498,-3814067.925088636,120546.23924267119,8717.41419424415,4725.469991765622,-193949.57059916176,MALIGNANT
-18283634271210.125,-574245922084.1036,-28120729.95945935,9342750.41789915,-6420555.329957325,3305039.84543986,-100752.86646328669,-26177.19493934451,5214.873617169069,15374.14056352272,MALIGNANT
135979075699700.81,-491855102473.55707,37001907.18180026,-21665039.878574144,-4280035.782549329,3902033.985070286,-86267.62056985249,-32959.23425697372,11761.90616946718,-107712.43162149226,MALIGNANT
-217278287564164.06,820540271048.6359,253932141.76905632,-216727126.91289437,59391590.42235193,-1805201.2146352327,178921.9479953724,-167744.41295821406,14186.66078204512,-78040.17716722014,MALIGNANT
334588123244184.9,-423465678641.96875,83517564.29745142,-36435297.879798666,-13977444.956794627,513825.57686174614,-32895.34225539143,-38330.67358571308,12049.792209674113,-134105.9418784844,MALIGNANT
348027836075175.9,-401503409971.54156,81776112.56123705,-34666455.41831504,-7417607.7196141,638.2267726343125,2315.0868119582556,-50183.81755584132,12679.814611365535,-168374.70311249484,MALIGNANT
1962311445941.9375,-591035180211.7406,24004457.201178044,-22724107.985600363,-14404796.442940895,-1117729.8158722518,4407.374424666512,-49537.44734293151,12451.047686463779,-133915.7457501727,MALIGNANT
-187234365780850.66,-664810388391.867,-41203393.43030028,5123246.207463175,-4835712.343660276,-3138724.410993731,62912.303092775066,-54764.346578911296,6221.290666073044,-64584.03312889183,MALIGNANT
-65291013241910.81,-366913567491.82825,-129599913.47147098,67369490.56070004,6160067.482278015,7322.876465506852,2492.388302181149,-2779.130596318546,-5760.698187487564,69284.25931441583,MALIGNANT
12898132403101.688,-607006796426.3721,-8761184.11364068,-93236.94072980806,-20894028.85590891,-613357.0983650503,-38776.4580146865,-34308.52055474296,8413.438354584741,-46946.25793915765,MALIGNANT
83381512243811.5,-526608562649.1961,24782903.29904741,-17570994.68554068,-7005529.212026324,-2449966.8421908985,52398.284390197354,-48410.71273413676,7745.183241912673,-118346.60059603091,MALIGNANT
55231319538721.125,-466109181598.6937,47120583.6798756,-35567185.57269712,4196759.731997099,-2464635.5260378877,85475.76936104374,-41274.45835434417,7296.062759464145,-129661.54185998379,MALIGNANT
-83643692228122.9,-489064188338.55853,77755155.3227659,-66115630.56800711,1589073.1893861108,-3589193.8175755576,50220.42930366167,-9693.345461090406,-8770.193657817532,168456.30089593888,MALIGNANT
-147617050840484.53,-654649510005.732,-8356416.8912998885,-13116729.823408518,-12548246.729066879,2213574.988496468,-64718.892861706845,-29195.557494319237,12360.19672565792,-131952.09878856016,MALIGNANT
-252845584301024.3,-694172948278.9017,-38737148.77689649,-1440324.1637318209,-6157985.818633243,-192714.6828063368,-8183.73382153876,-34073.59179938343,2105.423807185616,-71055.82610459923,MALIGNANT
90744206964819.38,-504364791688.8527,36020591.094883755,-24699690.879261214,-2154667.8401870653,-874442.5848227772,34328.89348325506,-49285.729470144324,11317.326479584186,-151672.03790951511,MALIGNANT
152592075838434.2,-402136269781.88837,79148079.74308522,-49309927.670406565,8253424.052165311,-3546925.476599696,115450.81325476691,-50754.4386808664,6827.790124740357,-114495.25616099659,MALIGNANT
-104743721567513.97,-662565947411.6523,-20329699.451950863,-1506464.6025623865,-20369678.143785663,844851.8497581547,-63305.80461987987,-28267.318106625597,10282.565762970891,-79302.53364856607,MALIGNANT
-156708308728231.4,-540482361622.2796,-56779473.03790824,15738510.742540577,2916633.448230032,4486521.482820505,-109668.89966390494,-8524.46332113398,1278.762609445199,63578.04896886732,MALIGNANT
23719766836752.688,-586856938667.5859,16579828.469707087,-16035359.101945747,-14442087.91568968,-2230660.9819645113,18156.60540211015,-44169.079133635925,7883.534942552811,-67796.94130163471,MALIGNANT
-191339761583081.9,-137767223223.76355,-42280869.01567576,-4240786.90931182,33411923.09414037,-1818344.5387470105,113840.2830613579,-52816.50709047903,-2699.875568517349,34529.1444573883,MALIGNANT
415138866332325.9,-362431392569.9881,74374685.64543839,-24793062.560248103,-10886199.882996507,-118803.28442188678,-16054.31846134898,-24631.346205791342,7648.541625722788,-95928.22882455762,MALIGNANT
-46582271298548.5,-645018067237.161,-16282414.027137429,378808.89693323895,-25827731.56585971,-1669490.4783934949,-17056.931288912434,-41388.756420381906,10735.705943408062,-100844.99085216166,MALIGNANT
-18102996375587.812,-547063861337.36755,28072869.217408,-27874958.889904115,-1654736.8241794966,935490.1998587102,-5895.729035742319,-37569.43436555193,10764.73056665889,-138423.9398139399,MALIGNANT
-71451622341433.78,417880658391.86633,120608055.08667101,-110432333.93050374,31977691.609960567,12072441.592008466,-167906.06393738792,-11176.980545762402,17284.011145665147,-121293.61111615194,MALIGNANT
-126898209733079.66,-634086252944.0287,631664.7723724097,-17598228.37915967,-10828355.80708754,-831271.1366222682,11142.54980053534,-29564.32817653029,9953.147551213497,-135273.8624106915,MALIGNANT
304298324658847.9,-336683363157.58325,54769989.61118974,-22071675.01015019,5849204.855099026,-1423634.0699065765,70286.2388573343,-54431.778608804525,10704.55056550149,-173029.18749947092,MALIGNANT
192773088197290.12,3668975778281.503,-549871603.6517186,286493894.2831728,701803.3826069906,27154924.500166714,-660050.7818527088,177719.41075792976,-19204.401226581846,433055.9244258415,MALIGNANT
68700250612479.125,-297880575091.5009,-99150753.38293792,57471386.9656558,10833594.191494998,-3945923.468710077,120362.1865266024,-977.361694431751,-3753.064479518529,-11265.935505368987,MALIGNANT
-87982431583491.25,-431764881148.5027,-43510463.992545836,10682902.654905878,13914859.077431139,-7130918.18957808,206276.8798866011,4327.096375054818,-7991.777506782353,-31466.020415234914,MALIGNANT
-105103802763911.9,-628049397506.5211,-18187524.82880549,-3538659.047591109,-8451332.152287956,-4442405.170751416,84932.61062696161,-22880.75211989053,-932.709105519436,-47717.18514640287,MALIGNANT
-93228730534459.75,-511970896216.857,2425262.09181045,-17654700.26300208,1052283.1216809228,3796620.535664244,-116558.97809231083,-1136.2119292838252,-5709.1614492796,166138.1366161526,MALIGNANT
-168112777144131.53,-679611141759.4921,-44321513.61994386,9098315.153938454,-12228279.346790034,-4109189.690507894,61554.96658562505,-44357.609527997156,4775.099184570074,-30566.06625165386,MALIGNANT
-171600455938134.2,-699945353477.2028,-37042239.11852363,4382191.777630899,-22824853.35191695,-3137078.2240316705,23283.067613337877,-32120.96699221924,7809.906537570259,-82505.91835840016,MALIGNANT
62837780248228.625,-568576570831.7716,29118062.263836667,-21296225.991208356,-17458482.216803044,-2824755.143131921,34540.11860165476,-34985.59848855085,8973.55772137822,-114814.60388701173,MALIGNANT
-231663884221761.2,-633818918734.2245,-13669138.109468073,-16997330.301783625,-1011539.8926601112,-2636573.631975707,58601.08871510133,-32571.818741219162,2675.868620998346,-46965.766322951444,MALIGNANT
285270394752680.75,-469209293884.38403,66541331.126011625,-28747343.892887335,-22735315.64052755,-325544.89726254763,-33418.20366287918,-38443.966583351976,12375.712573902372,-143172.21138919267,MALIGNANT
-43782606096242.375,-387427354056.0171,-35796046.98034531,8200693.939110652,23224951.665091384,-5409131.013382474,211972.66027644518,-77191.15019716736,8454.922707815113,-206690.71367743422,MALIGNANT
122410848725932.69,-452098031512.368,-11230871.466936946,7944792.518752504,-859222.2487673126,-172811.54263791675,-4941.0564887008095,-14555.273142451939,-445.45429157731996,19573.278332629045,MALIGNANT
-74795401359732.5,-590095286361.707,-4423874.147179604,-10656384.111154784,-4541415.2585509755,-5864962.525525037,131979.04570968114,-26100.630848952424,2204.3584257486946,-74501.00510539835,MALIGNANT
-9869172505338.75,-564681376000.9727,4567375.875615761,-11559312.757897008,-3167829.8805188537,-6290087.210850772,150696.2089061729,-32148.066481586004,3524.0314377152645,-105811.53404473179,MALIGNANT
-66816720935802.06,-650294243281.6415,-18182335.251270354,65089.46659563109,-21912312.688436814,165747.22223312687,-53882.63105201717,-30805.10663188075,7684.600298872483,-71661.91469648552,MALIGNANT
-2552899572887.125,-571757312285.4333,-18123946.313783348,3926510.5865346044,-8010650.385038771,-884702.406936496,9095.309887083582,-40334.79194958271,8637.362216339716,-91993.28519373987,MALIGNANT
-119992048072399.0,537933924675.99915,-110072479.26702167,33727628.653379865,34580312.4553394,10712842.593488302,-223826.42842254252,17472.170339515862,-17179.6082414131,395233.5437014866,MALIGNANT
60490134882286.25,-110714543565.93835,-115608153.92596054,64065214.678097546,20527395.92941076,3246532.5932243397,-27623.825631076004,7863.785671685859,-5696.561142473318,63554.1447758746,MALIGNANT
244730392575607.0,-291138529091.77997,49296545.599406496,-24303509.26143593,13584727.93930367,4613645.556557093,-47515.09509518996,-30942.440669430624,11352.847637865405,-133133.91420525176,MALIGNANT
139658775662289.5,12054879550.040894,-87715869.35769364,52064047.86165818,12995675.251888592,18202882.606807925,-528711.9633933641,158901.66538011545,-45027.472211406355,928667.4281781,MALIGNANT
14137852682533.812,-529614064458.302,2460155.427205965,-8630257.21268766,-3136189.3267979473,616392.5325006465,-22485.058408435096,-8452.665033975947,646.8065837114736,-1501.787014187721,MALIGNANT
209995250217458.94,-378842753126.6027,22667802.427540675,-8342648.59781171,4810137.522320282,-5878628.231132108,170643.27470087307,-20722.073823629933,3564.7568655223986,-147138.9495622829,MALIGNANT
-239544214508237.88,-247970970211.52625,-89473888.5399834,24242732.438238576,31976952.348251026,-3329481.789053638,155385.89143847738,-51335.332428098525,-3495.598223061792,-29995.02657692003,MALIGNANT
-171999769623979.8,-664832465832.4749,-16703146.146049917,-9484826.24355321,-13888308.982550643,510439.3706253944,-40056.19024734807,-33926.819806687745,9430.504244699594,-81500.42774504572,MALIGNANT
106145542936806.88,-463558995548.49066,-21563357.11786139,13431066.445017468,-3985576.3887880035,-753967.068836174,6132.44676137175,-13861.006875232117,2404.0977180128793,-17125.16805755,MALIGNANT
-135502796135281.78,1626735501591.663,-50230313.25074802,-28150152.048714664,68166052.7254721,-3138628.649822002,281081.11150407145,-121213.21822638603,13213.006186265626,-263667.0371497831,MALIGNANT
607827308519979.4,-186264811754.00403,98003838.18108188,-27283974.202031437,-377884.96617356315,-2511599.772219716,82803.78005990192,1831.6344553187591,3718.1712120718876,-146965.8365218857,MALIGNANT
48204690707175.81,-430384319282.61554,87939502.55122025,-63402649.31431088,-99224.6621661447,5838349.76639073,-90959.73134922488,-11741.161021836182,16474.34500370376,-196675.29290910604,MALIGNANT
-42464779228485.19,-34477835471.99939,211821807.43305516,-158267799.10291016,7288755.472088609,8410451.715133153,-181316.45587753577,10986.987055061432,6891.819163257314,64576.061033679354,MALIGNANT
-64990678112984.94,-443807744443.2393,40837606.77227087,-41788816.90956108,10224556.703219403,1591737.3055292903,-18972.82838794424,-48856.19442335237,5350.614225871883,560.1099729884518,MALIGNANT
-117522444511492.62,-632709189658.5325,-4545278.751841649,-13371512.77066433,-11504270.901150826,1663863.2956941142,-60446.402287844816,-27860.353507276915,7092.609950264985,-73210.69665866558,MALIGNANT
167174869020201.38,-427367283646.5562,55518717.8616793,-32279170.159036968,2111345.7767275013,79480.92029820336,16821.337036212568,-46163.5521348077,9494.541671866824,-112925.5439438083,MALIGNANT
18821264244490.438,1856824192409.1611,-390857168.83449376,203852336.4175123,4377818.430335317,27285924.811537545,-753879.1717069257,214926.8670652005,-46472.444394742226,970929.4581987718,MALIGNANT
-1215470731712.8125,1594363553063.0044,-448553497.44439256,243298299.748748,34038510.52503514,10114460.8658377,-187669.9070711575,108094.54218465035,-28175.026627594973,373097.91226925,MALIGNANT
209355691286475.0,2573881289321.629,-468686066.74941903,256145645.1525494,25313337.471823577,16112564.726855274,-386631.7675878265,140540.5422776323,-38259.48743739707,627984.7542723202,MALIGNANT
217474003501990.5,-446871326094.3516,75192825.1747138,-40497755.875759184,-3580944.822034657,386315.62201790186,623.7850961369586,-50370.598761482215,12399.323946921551,-148554.34659466305,MALIGNANT
39080914620496.75,-305825683119.7526,185351342.89529473,-129640655.21281232,11355935.029869612,-80188.02865210408,49120.148790393665,-82910.89795728092,17179.753701665973,-172640.96091552338,MALIGNANT
-85382754673953.34,-656208251356.941,-15146157.398301467,-3422731.0786139853,-22179780.091981485,457744.48666066024,-53627.64189725912,-35749.406393342644,12696.664155512979,-112514.71146911016,MALIGNANT
-134435247141423.84,-657120359559.5751,-51846125.36646516,16519083.563126829,-12109785.486020692,4481753.801684929,-143758.0709567791,-25704.868802120032,7110.334105296257,22905.969142768758,MALIGNANT
156429144582954.5,-499833394683.8688,5354062.319168508,1094604.5012072064,-13068218.562378254,-3815609.4499292322,63312.21249964982,113436.59823489099,-9070.034762187723,26426.424279071187,MALIGNANT
272562432388942.0,-31165126672.822754,-31933967.546697877,26252283.316386145,19352055.61315156,-2131520.889546615,89874.54610328653,44006.78475190691,-11240.206815369584,80654.05547326413,MALIGNANT
-124949538769219.1,-618501833120.6882,-29921106.824848093,2211956.081594616,-3460386.232690029,1084740.9753332925,-30506.29732885812,-36952.218211283005,5378.042338650921,-56233.93539795355,MALIGNANT
365939014805536.6,-133440912778.15161,157402835.37344265,-86862224.53017691,13743860.095927391,-6213441.057928825,182338.36164878175,24240.86683947788,-6773.309955298364,4245.606795157102,MALIGNANT
